{
  "type": "FeatureCollection",
  "name": "Amsterdam Canals",
  "crs": {
    "type": "name",
    "properties": {
      "name": "urn:ogc:def:crs:OGC:1.3:CRS84"
    }
  },
  "features": [
    {
      "type": "Feature",
      "properties": {
        "osm_id": "4731690",
        "code": 8104,
        "fclass": "drain",
        "width": 0,
        "name": null,
        "oneway": "NO",
        "speed_kmh": 6.0
      },
      "geometry": {
        "type": "MultiLineString",
        "coordinates": [
          [
            [
              4.9484529,
              52.3647076
            ],
            [
              4.9489566,
              52.3645845
            ],
            [
              4.9500708,
              52.3642662
            ],
            [
              4.9501094,
              52.3642612
            ],
            [
              4.9501474,
              52.3642654
            ],
            [
              4.950179,
              52.3642773
            ],
            [
              4.9511533,
              52.3649834
            ],
            [
              4.9511675,
              52.3650167
            ],
            [
              4.9512063,
              52.365034
            ]
          ]
        ]
      }
    },
    {
      "type": "Feature",
      "properties": {
        "osm_id": "12855964",
        "code": 8103,
        "fclass": "canal",
        "width": 0,
        "name": "Korte Prinsengracht",
        "oneway": "Yes",
        "speed_kmh": 6.0
      },
      "geometry": {
        "type": "MultiLineString",
        "coordinates": [
          [
            [
              4.8907017,
              52.3830424
            ],
            [
              4.890509,
              52.3828551
            ],
            [
              4.8903176,
              52.3826464
            ],
            [
              4.8899662,
              52.3822758
            ],
            [
              4.8898501,
              52.3821726
            ],
            [
              4.8897611,
              52.3819553
            ]
          ]
        ]
      }
    },
    {
      "type": "Feature",
      "properties": {
        "osm_id": "12869938",
        "code": 8103,
        "fclass": "canal",
        "width": 0,
        "name": "Spiegelgracht",
        "oneway": "NO",
        "speed_kmh": 6.0
      },
      "geometry": {
        "type": "MultiLineString",
        "coordinates": [
          [
            [
              4.8876965,
              52.3625661
            ],
            [
              4.8869936,
              52.3617894
            ]
          ]
        ]
      }
    },
    {
      "type": "Feature",
      "properties": {
        "osm_id": "12869939",
        "code": 8103,
        "fclass": "canal",
        "width": 0,
        "name": "Leidsegracht",
        "oneway": "NO",
        "speed_kmh": 6.0
      },
      "geometry": {
        "type": "MultiLineString",
        "coordinates": [
          [
            [
              4.8809734,
              52.3655128
            ],
            [
              4.8808399,
              52.3654658
            ]
          ]
        ]
      }
    },
    {
      "type": "Feature",
      "properties": {
        "osm_id": "15498075",
        "code": 8103,
        "fclass": "canal",
        "width": 0,
        "name": "Bloemgracht",
        "oneway": "NO",
        "speed_kmh": 6.0
      },
      "geometry": {
        "type": "MultiLineString",
        "coordinates": [
          [
            [
              4.8793083,
              52.3743692
            ],
            [
              4.8811182,
              52.3747815
            ]
          ]
        ]
      }
    },
    {
      "type": "Feature",
      "properties": {
        "osm_id": "15498366",
        "code": 8103,
        "fclass": "canal",
        "width": 0,
        "name": "Doorvaart P-Q",
        "oneway": "NO",
        "speed_kmh": 6.0
      },
      "geometry": {
        "type": "MultiLineString",
        "coordinates": [
          [
            [
              4.8767489,
              52.3703464
            ],
            [
              4.8770461,
              52.3704235
            ]
          ]
        ]
      }
    },
    {
      "type": "Feature",
      "properties": {
        "osm_id": "15498529",
        "code": 8103,
        "fclass": "canal",
        "width": 0,
        "name": "Egelantiersgracht",
        "oneway": "NO",
        "speed_kmh": 6.0
      },
      "geometry": {
        "type": "MultiLineString",
        "coordinates": [
          [
            [
              4.8806082,
              52.3758058
            ],
            [
              4.8823789,
              52.3761877
            ]
          ]
        ]
      }
    },
    {
      "type": "Feature",
      "properties": {
        "osm_id": "15498784",
        "code": 8103,
        "fclass": "canal",
        "width": 0,
        "name": "Leliegracht",
        "oneway": "NO",
        "speed_kmh": 6.0
      },
      "geometry": {
        "type": "MultiLineString",
        "coordinates": [
          [
            [
              4.88456,
              52.3758622
            ],
            [
              4.8856458,
              52.3754896
            ]
          ]
        ]
      }
    },
    {
      "type": "Feature",
      "properties": {
        "osm_id": "15500380",
        "code": 8103,
        "fclass": "canal",
        "width": 0,
        "name": "Looiersgracht",
        "oneway": "NO",
        "speed_kmh": 6.0
      },
      "geometry": {
        "type": "MultiLineString",
        "coordinates": [
          [
            [
              4.8822389,
              52.3687666
            ],
            [
              4.8823402,
              52.3687632
            ],
            [
              4.882408,
              52.3687609
            ]
          ]
        ]
      }
    },
    {
      "type": "Feature",
      "properties": {
        "osm_id": "15500429",
        "code": 8103,
        "fclass": "canal",
        "width": 0,
        "name": "Passeerdersgracht",
        "oneway": "NO",
        "speed_kmh": 6.0
      },
      "geometry": {
        "type": "MultiLineString",
        "coordinates": [
          [
            [
              4.8821313,
              52.3673874
            ],
            [
              4.8823098,
              52.3674395
            ]
          ]
        ]
      }
    },
    {
      "type": "Feature",
      "properties": {
        "osm_id": "15500960",
        "code": 8103,
        "fclass": "canal",
        "width": 0,
        "name": "Lijnbaansgracht",
        "oneway": "NO",
        "speed_kmh": 6.0
      },
      "geometry": {
        "type": "MultiLineString",
        "coordinates": [
          [
            [
              4.881111,
              52.3807424
            ],
            [
              4.8799053,
              52.3788459
            ],
            [
              4.8794154,
              52.3781134
            ],
            [
              4.8792271,
              52.3778508
            ],
            [
              4.8792499,
              52.377779
            ]
          ]
        ]
      }
    },
    {
      "type": "Feature",
      "properties": {
        "osm_id": "17162469",
        "code": 8103,
        "fclass": "canal",
        "width": 0,
        "name": "Reguliersgracht",
        "oneway": "NO",
        "speed_kmh": 6.0
      },
      "geometry": {
        "type": "MultiLineString",
        "coordinates": [
          [
            [
              4.8961035,
              52.3613968
            ],
            [
              4.8962113,
              52.3598794
            ]
          ]
        ]
      }
    },
    {
      "type": "Feature",
      "properties": {
        "osm_id": "17162470",
        "code": 8103,
        "fclass": "canal",
        "width": 0,
        "name": "Entrepotdok",
        "oneway": "NO",
        "speed_kmh": 6.0
      },
      "geometry": {
        "type": "MultiLineString",
        "coordinates": [
          [
            [
              4.9138922,
              52.3685797
            ],
            [
              4.9175514,
              52.3673372
            ],
            [
              4.9184457,
              52.3670906
            ],
            [
              4.9196025,
              52.3666495
            ],
            [
              4.9212274,
              52.3661028
            ],
            [
              4.9214175,
              52.3658452
            ]
          ]
        ]
      }
    },
    {
      "type": "Feature",
      "properties": {
        "osm_id": "17162472",
        "code": 8103,
        "fclass": "canal",
        "width": 0,
        "name": "Herengracht",
        "oneway": "NO",
        "speed_kmh": 6.0
      },
      "geometry": {
        "type": "MultiLineString",
        "coordinates": [
          [
            [
              4.888044,
              52.3748812
            ],
            [
              4.8879718,
              52.374802
            ]
          ]
        ]
      }
    },
    {
      "type": "Feature",
      "properties": {
        "osm_id": "17166659",
        "code": 8103,
        "fclass": "canal",
        "width": 0,
        "name": "Nieuwe Prinsengracht",
        "oneway": "NO",
        "speed_kmh": 6.0
      },
      "geometry": {
        "type": "MultiLineString",
        "coordinates": [
          [
            [
              4.9035619,
              52.36295
            ],
            [
              4.9044648,
              52.3631025
            ],
            [
              4.9063287,
              52.3634481
            ]
          ]
        ]
      }
    },
    {
      "type": "Feature",
      "properties": {
        "osm_id": "17166660",
        "code": 8103,
        "fclass": "canal",
        "width": 0,
        "name": "Keizersgracht",
        "oneway": "NO",
        "speed_kmh": 6.0
      },
      "geometry": {
        "type": "MultiLineString",
        "coordinates": [
          [
            [
              4.901892,
              52.364479
            ],
            [
              4.901263,
              52.36436
            ]
          ]
        ]
      }
    },
    {
      "type": "Feature",
      "properties": {
        "osm_id": "22103864",
        "code": 8103,
        "fclass": "canal",
        "width": 0,
        "name": "Lijnbaansgracht",
        "oneway": "NO",
        "speed_kmh": 6.0
      },
      "geometry": {
        "type": "MultiLineString",
        "coordinates": [
          [
            [
              4.8868362,
              52.3616354
            ],
            [
              4.8841434,
              52.362964
            ]
          ]
        ]
      }
    },
    {
      "type": "Feature",
      "properties": {
        "osm_id": "22103865",
        "code": 8103,
        "fclass": "canal",
        "width": 0,
        "name": null,
        "oneway": "NO",
        "speed_kmh": 6.0
      },
      "geometry": {
        "type": "MultiLineString",
        "coordinates": [
          [
            [
              4.888426,
              52.3606908
            ],
            [
              4.8883739,
              52.360653
            ],
            [
              4.8880146,
              52.360393
            ]
          ]
        ]
      }
    },
    {
      "type": "Feature",
      "properties": {
        "osm_id": "22103866",
        "code": 8103,
        "fclass": "canal",
        "width": 0,
        "name": "Singelgracht",
        "oneway": "NO",
        "speed_kmh": 6.0
      },
      "geometry": {
        "type": "MultiLineString",
        "coordinates": [
          [
            [
              4.8821271,
              52.3620702
            ],
            [
              4.8818728,
              52.3621799
            ],
            [
              4.8817489,
              52.362317
            ],
            [
              4.881539,
              52.3629454
            ],
            [
              4.8814208,
              52.3631327
            ]
          ]
        ]
      }
    },
    {
      "type": "Feature",
      "properties": {
        "osm_id": "23269770",
        "code": 8103,
        "fclass": "canal",
        "width": 0,
        "name": "Raamgracht",
        "oneway": "NO",
        "speed_kmh": 6.0
      },
      "geometry": {
        "type": "MultiLineString",
        "coordinates": [
          [
            [
              4.900044,
              52.3694622
            ],
            [
              4.8996705,
              52.3696237
            ],
            [
              4.8990669,
              52.3697396
            ],
            [
              4.8981548,
              52.369918
            ]
          ]
        ]
      }
    },
    {
      "type": "Feature",
      "properties": {
        "osm_id": "23269771",
        "code": 8103,
        "fclass": "canal",
        "width": 0,
        "name": "Groenburgwal",
        "oneway": "NO",
        "speed_kmh": 6.0
      },
      "geometry": {
        "type": "MultiLineString",
        "coordinates": [
          [
            [
              4.897634,
              52.3681864
            ],
            [
              4.8973818,
              52.3678872
            ],
            [
              4.8973073,
              52.3678047
            ],
            [
              4.8972668,
              52.3676856
            ],
            [
              4.8972449,
              52.36741
            ]
          ]
        ]
      }
    },
    {
      "type": "Feature",
      "properties": {
        "osm_id": "23289293",
        "code": 8103,
        "fclass": "canal",
        "width": 0,
        "name": "Nieuwe Keizersgracht",
        "oneway": "NO",
        "speed_kmh": 6.0
      },
      "geometry": {
        "type": "MultiLineString",
        "coordinates": [
          [
            [
              4.9089932,
              52.3657991
            ],
            [
              4.9087251,
              52.3658133
            ],
            [
              4.9058674,
              52.3652529
            ]
          ]
        ]
      }
    },
    {
      "type": "Feature",
      "properties": {
        "osm_id": "23294019",
        "code": 8103,
        "fclass": "canal",
        "width": 0,
        "name": "Oosterdok",
        "oneway": "NO",
        "speed_kmh": 6.0
      },
      "geometry": {
        "type": "MultiLineString",
        "coordinates": [
          [
            [
              4.9135161,
              52.3720335
            ],
            [
              4.9135033,
              52.3727643
            ],
            [
              4.9131394,
              52.3744229
            ],
            [
              4.9124928,
              52.3755272
            ],
            [
              4.9111702,
              52.3754794
            ]
          ]
        ]
      }
    },
    {
      "type": "Feature",
      "properties": {
        "osm_id": "25429202",
        "code": 8103,
        "fclass": "canal",
        "width": 0,
        "name": "Singel",
        "oneway": "NO",
        "speed_kmh": 6.0
      },
      "geometry": {
        "type": "MultiLineString",
        "coordinates": [
          [
            [
              4.8931275,
              52.3669061
            ],
            [
              4.8916224,
              52.3669465
            ],
            [
              4.8902386,
              52.3671432
            ],
            [
              4.8898518,
              52.3672346
            ]
          ]
        ]
      }
    },
    {
      "type": "Feature",
      "properties": {
        "osm_id": "25429203",
        "code": 8103,
        "fclass": "canal",
        "width": 0,
        "name": "Brouwersgracht",
        "oneway": "NO",
        "speed_kmh": 6.0
      },
      "geometry": {
        "type": "MultiLineString",
        "coordinates": [
          [
            [
              4.8827324,
              52.3838422
            ],
            [
              4.8828679,
              52.3837291
            ],
            [
              4.882986,
              52.3835826
            ],
            [
              4.8830487,
              52.3835219
            ],
            [
              4.8847612,
              52.3825754
            ]
          ]
        ]
      }
    },
    {
      "type": "Feature",
      "properties": {
        "osm_id": "25429798",
        "code": 8103,
        "fclass": "canal",
        "width": 0,
        "name": "Singelgracht",
        "oneway": "NO",
        "speed_kmh": 6.0
      },
      "geometry": {
        "type": "MultiLineString",
        "coordinates": [
          [
            [
              4.8792688,
              52.3649914
            ],
            [
              4.878989,
              52.3655626
            ],
            [
              4.87862,
              52.3659976
            ],
            [
              4.8783083,
              52.366206
            ]
          ]
        ]
      }
    },
    {
      "type": "Feature",
      "properties": {
        "osm_id": "26315489",
        "code": 8103,
        "fclass": "canal",
        "width": 0,
        "name": "Blauwburgwal",
        "oneway": "NO",
        "speed_kmh": 6.0
      },
      "geometry": {
        "type": "MultiLineString",
        "coordinates": [
          [
            [
              4.8901732,
              52.3767902
            ],
            [
              4.8909934,
              52.3764554
            ]
          ]
        ]
      }
    },
    {
      "type": "Feature",
      "properties": {
        "osm_id": "27432017",
        "code": 8104,
        "fclass": "drain",
        "width": 0,
        "name": null,
        "oneway": "NO",
        "speed_kmh": 6.0
      },
      "geometry": {
        "type": "MultiLineString",
        "coordinates": [
          [
            [
              4.8515261,
              52.34271
            ],
            [
              4.8516353,
              52.3425257
            ],
            [
              4.8517748,
              52.3422109
            ]
          ]
        ]
      }
    },
    {
      "type": "Feature",
      "properties": {
        "osm_id": "27459189",
        "code": 8103,
        "fclass": "canal",
        "width": 0,
        "name": "Achtergracht",
        "oneway": "NO",
        "speed_kmh": 6.0
      },
      "geometry": {
        "type": "MultiLineString",
        "coordinates": [
          [
            [
              4.9013626,
              52.3612557
            ],
            [
              4.9025616,
              52.3614952
            ]
          ]
        ]
      }
    },
    {
      "type": "Feature",
      "properties": {
        "osm_id": "27687813",
        "code": 8103,
        "fclass": "canal",
        "width": 0,
        "name": "Dijksgracht",
        "oneway": "NO",
        "speed_kmh": 6.0
      },
      "geometry": {
        "type": "MultiLineString",
        "coordinates": [
          [
            [
              4.9214459,
              52.3751553
            ],
            [
              4.9230689,
              52.3748803
            ],
            [
              4.9242697,
              52.3744942
            ],
            [
              4.9264423,
              52.3737484
            ],
            [
              4.9267834,
              52.3734883
            ],
            [
              4.9268857,
              52.3733494
            ]
          ]
        ]
      }
    },
    {
      "type": "Feature",
      "properties": {
        "osm_id": "27687815",
        "code": 8103,
        "fclass": "canal",
        "width": 0,
        "name": "Oostenburgervaart",
        "oneway": "NO",
        "speed_kmh": 6.0
      },
      "geometry": {
        "type": "MultiLineString",
        "coordinates": [
          [
            [
              4.9290908,
              52.3712222
            ],
            [
              4.9268915,
              52.3698745
            ]
          ]
        ]
      }
    },
    {
      "type": "Feature",
      "properties": {
        "osm_id": "27759161",
        "code": 8103,
        "fclass": "canal",
        "width": 0,
        "name": "Le Mairegracht",
        "oneway": "NO",
        "speed_kmh": 6.0
      },
      "geometry": {
        "type": "MultiLineString",
        "coordinates": [
          [
            [
              4.8843229,
              52.3893524
            ],
            [
              4.8820605,
              52.3896593
            ]
          ]
        ]
      }
    },
    {
      "type": "Feature",
      "properties": {
        "osm_id": "27759345",
        "code": 8103,
        "fclass": "canal",
        "width": 0,
        "name": null,
        "oneway": "NO",
        "speed_kmh": 6.0
      },
      "geometry": {
        "type": "MultiLineString",
        "coordinates": [
          [
            [
              4.882623,
              52.3854313
            ],
            [
              4.8828615,
              52.385711
            ]
          ]
        ]
      }
    },
    {
      "type": "Feature",
      "properties": {
        "osm_id": "27784607",
        "code": 8103,
        "fclass": "canal",
        "width": 0,
        "name": "Kostverlorenvaart",
        "oneway": "NO",
        "speed_kmh": 6.0
      },
      "geometry": {
        "type": "MultiLineString",
        "coordinates": [
          [
            [
              4.8810733,
              52.3857133
            ],
            [
              4.8810056,
              52.3855685
            ],
            [
              4.8807891,
              52.3854404
            ],
            [
              4.880616,
              52.3853465
            ]
          ]
        ]
      }
    },
    {
      "type": "Feature",
      "properties": {
        "osm_id": "27784706",
        "code": 8103,
        "fclass": "canal",
        "width": 0,
        "name": "Haarlemmertrekvaart",
        "oneway": "NO",
        "speed_kmh": 6.0
      },
      "geometry": {
        "type": "MultiLineString",
        "coordinates": [
          [
            [
              4.8479037,
              52.3851642
            ],
            [
              4.848199,
              52.3851673
            ],
            [
              4.8490229,
              52.3851723
            ],
            [
              4.8503498,
              52.3851974
            ],
            [
              4.8515743,
              52.3852148
            ]
          ]
        ]
      }
    },
    {
      "type": "Feature",
      "properties": {
        "osm_id": "27784753",
        "code": 8103,
        "fclass": "canal",
        "width": 0,
        "name": null,
        "oneway": "NO",
        "speed_kmh": 6.0
      },
      "geometry": {
        "type": "MultiLineString",
        "coordinates": [
          [
            [
              4.8684293,
              52.3762296
            ],
            [
              4.8693847,
              52.3759786
            ]
          ]
        ]
      }
    },
    {
      "type": "Feature",
      "properties": {
        "osm_id": "27784906",
        "code": 8103,
        "fclass": "canal",
        "width": 0,
        "name": "Lijnbaansgracht",
        "oneway": "NO",
        "speed_kmh": 6.0
      },
      "geometry": {
        "type": "MultiLineString",
        "coordinates": [
          [
            [
              4.877608,
              52.3752153
            ],
            [
              4.87704,
              52.3742944
            ],
            [
              4.8769221,
              52.3740066
            ]
          ]
        ]
      }
    },
    {
      "type": "Feature",
      "properties": {
        "osm_id": "27784995",
        "code": 8103,
        "fclass": "canal",
        "width": 0,
        "name": null,
        "oneway": "NO",
        "speed_kmh": 6.0
      },
      "geometry": {
        "type": "MultiLineString",
        "coordinates": [
          [
            [
              4.8768205,
              52.3737199
            ],
            [
              4.8767104,
              52.3737349
            ],
            [
              4.8764355,
              52.373734
            ]
          ]
        ]
      }
    },
    {
      "type": "Feature",
      "properties": {
        "osm_id": "27785148",
        "code": 8103,
        "fclass": "canal",
        "width": 0,
        "name": "Postjeswetering",
        "oneway": "NO",
        "speed_kmh": 6.0
      },
      "geometry": {
        "type": "MultiLineString",
        "coordinates": [
          [
            [
              4.8488624,
              52.3598098
            ],
            [
              4.8488552,
              52.3601601
            ],
            [
              4.8494818,
              52.3611603
            ],
            [
              4.8494871,
              52.3617147
            ]
          ]
        ]
      }
    },
    {
      "type": "Feature",
      "properties": {
        "osm_id": "27785363",
        "code": 8103,
        "fclass": "canal",
        "width": 0,
        "name": "Jacob van Lennepkanaal",
        "oneway": "NO",
        "speed_kmh": 6.0
      },
      "geometry": {
        "type": "MultiLineString",
        "coordinates": [
          [
            [
              4.8575881,
              52.3618143
            ],
            [
              4.8582577,
              52.3617646
            ],
            [
              4.8600574,
              52.3621686
            ]
          ]
        ]
      }
    },
    {
      "type": "Feature",
      "properties": {
        "osm_id": "27791037",
        "code": 8103,
        "fclass": "canal",
        "width": 0,
        "name": "Kattensloot",
        "oneway": "NO",
        "speed_kmh": 6.0
      },
      "geometry": {
        "type": "MultiLineString",
        "coordinates": [
          [
            [
              4.8738594,
              52.3804434
            ],
            [
              4.8747046,
              52.3807413
            ],
            [
              4.8788166,
              52.3817678
            ]
          ]
        ]
      }
    },
    {
      "type": "Feature",
      "properties": {
        "osm_id": "27828192",
        "code": 8103,
        "fclass": "canal",
        "width": 0,
        "name": "Lijnbaansgracht",
        "oneway": "NO",
        "speed_kmh": 6.0
      },
      "geometry": {
        "type": "MultiLineString",
        "coordinates": [
          [
            [
              4.8814164,
              52.3648744
            ],
            [
              4.8808985,
              52.36526
            ],
            [
              4.8807118,
              52.3654208
            ]
          ]
        ]
      }
    },
    {
      "type": "Feature",
      "properties": {
        "osm_id": "28344864",
        "code": 8103,
        "fclass": "canal",
        "width": 0,
        "name": "Krom Boomssloot",
        "oneway": "NO",
        "speed_kmh": 6.0
      },
      "geometry": {
        "type": "MultiLineString",
        "coordinates": [
          [
            [
              4.9022655,
              52.3714829
            ],
            [
              4.9020579,
              52.3712229
            ],
            [
              4.901677,
              52.3710211
            ]
          ]
        ]
      }
    },
    {
      "type": "Feature",
      "properties": {
        "osm_id": "28345098",
        "code": 8103,
        "fclass": "canal",
        "width": 0,
        "name": "Oudezijds Achterburgwal",
        "oneway": "NO",
        "speed_kmh": 6.0
      },
      "geometry": {
        "type": "MultiLineString",
        "coordinates": [
          [
            [
              4.8949336,
              52.36936
            ],
            [
              4.8950766,
              52.3695024
            ],
            [
              4.8957003,
              52.3702213
            ]
          ]
        ]
      }
    },
    {
      "type": "Feature",
      "properties": {
        "osm_id": "28346224",
        "code": 8103,
        "fclass": "canal",
        "width": 0,
        "name": null,
        "oneway": "NO",
        "speed_kmh": 6.0
      },
      "geometry": {
        "type": "MultiLineString",
        "coordinates": [
          [
            [
              4.8939945,
              52.3673606
            ],
            [
              4.8938637,
              52.3673029
            ]
          ]
        ]
      }
    },
    {
      "type": "Feature",
      "properties": {
        "osm_id": "29396342",
        "code": 8103,
        "fclass": "canal",
        "width": 0,
        "name": "Oostenburgerdwarsvaart",
        "oneway": "NO",
        "speed_kmh": 6.0
      },
      "geometry": {
        "type": "MultiLineString",
        "coordinates": [
          [
            [
              4.9264105,
              52.3695602
            ],
            [
              4.9253882,
              52.370159
            ]
          ]
        ]
      }
    },
    {
      "type": "Feature",
      "properties": {
        "osm_id": "29396376",
        "code": 8103,
        "fclass": "canal",
        "width": 0,
        "name": "Lamonggracht",
        "oneway": "NO",
        "speed_kmh": 6.0
      },
      "geometry": {
        "type": "MultiLineString",
        "coordinates": [
          [
            [
              4.9275957,
              52.37923
            ],
            [
              4.927121,
              52.3782002
            ]
          ]
        ]
      }
    },
    {
      "type": "Feature",
      "properties": {
        "osm_id": "29396393",
        "code": 8103,
        "fclass": "canal",
        "width": 0,
        "name": "Brantasgracht",
        "oneway": "NO",
        "speed_kmh": 6.0
      },
      "geometry": {
        "type": "MultiLineString",
        "coordinates": [
          [
            [
              4.9254471,
              52.3796064
            ],
            [
              4.924966,
              52.3785656
            ]
          ]
        ]
      }
    },
    {
      "type": "Feature",
      "properties": {
        "osm_id": "29396397",
        "code": 8103,
        "fclass": "canal",
        "width": 0,
        "name": "Majanggracht",
        "oneway": "NO",
        "speed_kmh": 6.0
      },
      "geometry": {
        "type": "MultiLineString",
        "coordinates": [
          [
            [
              4.930144,
              52.3788309
            ],
            [
              4.9296616,
              52.3777629
            ]
          ]
        ]
      }
    },
    {
      "type": "Feature",
      "properties": {
        "osm_id": "29396407",
        "code": 8103,
        "fclass": "canal",
        "width": 0,
        "name": "Seranggracht",
        "oneway": "NO",
        "speed_kmh": 6.0
      },
      "geometry": {
        "type": "MultiLineString",
        "coordinates": [
          [
            [
              4.9330514,
              52.3783062
            ],
            [
              4.9325622,
              52.3772384
            ]
          ]
        ]
      }
    },
    {
      "type": "Feature",
      "properties": {
        "osm_id": "29403640",
        "code": 8103,
        "fclass": "canal",
        "width": 0,
        "name": "Grimburgwal",
        "oneway": "NO",
        "speed_kmh": 6.0
      },
      "geometry": {
        "type": "MultiLineString",
        "coordinates": [
          [
            [
              4.8927888,
              52.3691275
            ],
            [
              4.8929777,
              52.3691294
            ],
            [
              4.8935412,
              52.3691811
            ],
            [
              4.8937187,
              52.3692127
            ],
            [
              4.8943009,
              52.3692249
            ],
            [
              4.8947409,
              52.3692297
            ],
            [
              4.8948251,
              52.369259
            ]
          ]
        ]
      }
    },
    {
      "type": "Feature",
      "properties": {
        "osm_id": "29403839",
        "code": 8103,
        "fclass": "canal",
        "width": 0,
        "name": null,
        "oneway": "NO",
        "speed_kmh": 6.0
      },
      "geometry": {
        "type": "MultiLineString",
        "coordinates": [
          [
            [
              4.9143164,
              52.3711975
            ],
            [
              4.9156259,
              52.3716226
            ]
          ]
        ]
      }
    },
    {
      "type": "Feature",
      "properties": {
        "osm_id": "29404218",
        "code": 8103,
        "fclass": "canal",
        "width": 0,
        "name": "Kattenburgervaart",
        "oneway": "NO",
        "speed_kmh": 6.0
      },
      "geometry": {
        "type": "MultiLineString",
        "coordinates": [
          [
            [
              4.9195639,
              52.3717511
            ],
            [
              4.9199445,
              52.3717637
            ],
            [
              4.9201892,
              52.3718258
            ],
            [
              4.9215702,
              52.372683
            ]
          ]
        ]
      }
    },
    {
      "type": "Feature",
      "properties": {
        "osm_id": "29404935",
        "code": 8103,
        "fclass": "canal",
        "width": 0,
        "name": "Nieuwe Herengracht",
        "oneway": "NO",
        "speed_kmh": 6.0
      },
      "geometry": {
        "type": "MultiLineString",
        "coordinates": [
          [
            [
              4.9051342,
              52.3665197
            ],
            [
              4.906036,
              52.3667049
            ],
            [
              4.9068697,
              52.3671865
            ]
          ]
        ]
      }
    },
    {
      "type": "Feature",
      "properties": {
        "osm_id": "29404961",
        "code": 8103,
        "fclass": "canal",
        "width": 0,
        "name": "Schippersgracht",
        "oneway": "NO",
        "speed_kmh": 6.0
      },
      "geometry": {
        "type": "MultiLineString",
        "coordinates": [
          [
            [
              4.9117791,
              52.3704021
            ],
            [
              4.9124763,
              52.3708603
            ]
          ]
        ]
      }
    },
    {
      "type": "Feature",
      "properties": {
        "osm_id": "29406525",
        "code": 8103,
        "fclass": "canal",
        "width": 0,
        "name": "Onbekendegracht",
        "oneway": "NO",
        "speed_kmh": 6.0
      },
      "geometry": {
        "type": "MultiLineString",
        "coordinates": [
          [
            [
              4.9044648,
              52.3631025
            ],
            [
              4.9045562,
              52.3629222
            ]
          ]
        ]
      }
    },
    {
      "type": "Feature",
      "properties": {
        "osm_id": "29406836",
        "code": 8103,
        "fclass": "canal",
        "width": 0,
        "name": "Plantage Muidergracht",
        "oneway": "NO",
        "speed_kmh": 6.0
      },
      "geometry": {
        "type": "MultiLineString",
        "coordinates": [
          [
            [
              4.9214924,
              52.3657435
            ],
            [
              4.9215545,
              52.3655773
            ],
            [
              4.9214246,
              52.3653699
            ],
            [
              4.9206226,
              52.3648414
            ],
            [
              4.9194118,
              52.3642526
            ],
            [
              4.9187501,
              52.3639898
            ]
          ]
        ]
      }
    },
    {
      "type": "Feature",
      "properties": {
        "osm_id": "29407365",
        "code": 8103,
        "fclass": "canal",
        "width": 0,
        "name": "Oudeschans",
        "oneway": "NO",
        "speed_kmh": 6.0
      },
      "geometry": {
        "type": "MultiLineString",
        "coordinates": [
          [
            [
              4.9018729,
              52.370111
            ],
            [
              4.9022443,
              52.3703332
            ],
            [
              4.9038756,
              52.3710301
            ]
          ]
        ]
      }
    },
    {
      "type": "Feature",
      "properties": {
        "osm_id": "29407431",
        "code": 8103,
        "fclass": "canal",
        "width": 0,
        "name": "Sint Antoniesluis",
        "oneway": "NO",
        "speed_kmh": 6.0
      },
      "geometry": {
        "type": "MultiLineString",
        "coordinates": [
          [
            [
              4.9009475,
              52.3695216
            ],
            [
              4.9012086,
              52.3696901
            ],
            [
              4.9013671,
              52.3697969
            ]
          ]
        ]
      }
    },
    {
      "type": "Feature",
      "properties": {
        "osm_id": "29407577",
        "code": 8103,
        "fclass": "canal",
        "width": 0,
        "name": "Snoekjesgracht",
        "oneway": "NO",
        "speed_kmh": 6.0
      },
      "geometry": {
        "type": "MultiLineString",
        "coordinates": [
          [
            [
              4.9011437,
              52.3707644
            ],
            [
              4.9012665,
              52.3705639
            ]
          ]
        ]
      }
    },
    {
      "type": "Feature",
      "properties": {
        "osm_id": "29408185",
        "code": 8103,
        "fclass": "canal",
        "width": 0,
        "name": "Recht Boomssloot",
        "oneway": "NO",
        "speed_kmh": 6.0
      },
      "geometry": {
        "type": "MultiLineString",
        "coordinates": [
          [
            [
              4.9019088,
              52.3730424
            ],
            [
              4.9013406,
              52.3733687
            ]
          ]
        ]
      }
    },
    {
      "type": "Feature",
      "properties": {
        "osm_id": "29410858",
        "code": 8103,
        "fclass": "canal",
        "width": 0,
        "name": "Lijnbaansgracht",
        "oneway": "NO",
        "speed_kmh": 6.0
      },
      "geometry": {
        "type": "MultiLineString",
        "coordinates": [
          [
            [
              4.8906245,
              52.3600169
            ],
            [
              4.8900615,
              52.3600744
            ],
            [
              4.8885562,
              52.3607852
            ]
          ]
        ]
      }
    },
    {
      "type": "Feature",
      "properties": {
        "osm_id": "29469901",
        "code": 8103,
        "fclass": "canal",
        "width": 0,
        "name": null,
        "oneway": "NO",
        "speed_kmh": 6.0
      },
      "geometry": {
        "type": "MultiLineString",
        "coordinates": [
          [
            [
              4.9266981,
              52.3671321
            ],
            [
              4.9269104,
              52.3667968
            ]
          ]
        ]
      }
    },
    {
      "type": "Feature",
      "properties": {
        "osm_id": "29469910",
        "code": 8103,
        "fclass": "canal",
        "width": 0,
        "name": "Singelgracht",
        "oneway": "NO",
        "speed_kmh": 6.0
      },
      "geometry": {
        "type": "MultiLineString",
        "coordinates": [
          [
            [
              4.9198104,
              52.3631799
            ],
            [
              4.9196057,
              52.3630349
            ],
            [
              4.9188443,
              52.362389
            ],
            [
              4.918355,
              52.3622055
            ],
            [
              4.9175349,
              52.362126
            ],
            [
              4.9168701,
              52.3620902
            ],
            [
              4.9163364,
              52.3620505
            ],
            [
              4.9152654,
              52.3618078
            ]
          ]
        ]
      }
    },
    {
      "type": "Feature",
      "properties": {
        "osm_id": "29471871",
        "code": 8103,
        "fclass": "canal",
        "width": 0,
        "name": "Entrepotdoksluis",
        "oneway": "NO",
        "speed_kmh": 6.0
      },
      "geometry": {
        "type": "MultiLineString",
        "coordinates": [
          [
            [
              4.9201623,
              52.3688147
            ],
            [
              4.9197733,
              52.3685225
            ],
            [
              4.9193335,
              52.3680363
            ]
          ]
        ]
      }
    },
    {
      "type": "Feature",
      "properties": {
        "osm_id": "29471992",
        "code": 8103,
        "fclass": "canal",
        "width": 0,
        "name": "Marinehaven",
        "oneway": "NO",
        "speed_kmh": 6.0
      },
      "geometry": {
        "type": "MultiLineString",
        "coordinates": [
          [
            [
              4.914495,
              52.3728821
            ],
            [
              4.9135033,
              52.3727643
            ]
          ]
        ]
      }
    },
    {
      "type": "Feature",
      "properties": {
        "osm_id": "29472010",
        "code": 8103,
        "fclass": "canal",
        "width": 0,
        "name": "Oosterdok",
        "oneway": "NO",
        "speed_kmh": 6.0
      },
      "geometry": {
        "type": "MultiLineString",
        "coordinates": [
          [
            [
              4.9079726,
              52.3728316
            ],
            [
              4.9086356,
              52.3731626
            ],
            [
              4.9093387,
              52.3739396
            ],
            [
              4.9104327,
              52.3746298
            ]
          ]
        ]
      }
    },
    {
      "type": "Feature",
      "properties": {
        "osm_id": "29472300",
        "code": 8103,
        "fclass": "canal",
        "width": 0,
        "name": "Nieuwe Achtergracht",
        "oneway": "NO",
        "speed_kmh": 6.0
      },
      "geometry": {
        "type": "MultiLineString",
        "coordinates": [
          [
            [
              4.9075654,
              52.3624703
            ],
            [
              4.9105487,
              52.363048
            ]
          ]
        ]
      }
    },
    {
      "type": "Feature",
      "properties": {
        "osm_id": "29472599",
        "code": 8103,
        "fclass": "canal",
        "width": 0,
        "name": "Rapenburgwal",
        "oneway": "NO",
        "speed_kmh": 6.0
      },
      "geometry": {
        "type": "MultiLineString",
        "coordinates": [
          [
            [
              4.907455,
              52.3714192
            ],
            [
              4.907879,
              52.371159
            ]
          ]
        ]
      }
    },
    {
      "type": "Feature",
      "properties": {
        "osm_id": "29472611",
        "code": 8103,
        "fclass": "canal",
        "width": 0,
        "name": "Kloveniersburgwal",
        "oneway": "NO",
        "speed_kmh": 6.0
      },
      "geometry": {
        "type": "MultiLineString",
        "coordinates": [
          [
            [
              4.8996359,
              52.3719578
            ],
            [
              4.8987929,
              52.3710337
            ]
          ]
        ]
      }
    },
    {
      "type": "Feature",
      "properties": {
        "osm_id": "29472669",
        "code": 8103,
        "fclass": "canal",
        "width": 0,
        "name": "Oudezijds Voorburgwal",
        "oneway": "NO",
        "speed_kmh": 6.0
      },
      "geometry": {
        "type": "MultiLineString",
        "coordinates": [
          [
            [
              4.8959406,
              52.3719185
            ],
            [
              4.896833,
              52.3726611
            ]
          ]
        ]
      }
    },
    {
      "type": "Feature",
      "properties": {
        "osm_id": "29472670",
        "code": 8101,
        "fclass": "river",
        "width": 0,
        "name": "Rokin",
        "oneway": "NO",
        "speed_kmh": 6.0
      },
      "geometry": {
        "type": "MultiLineString",
        "coordinates": [
          [
            [
              4.8937391,
              52.367623
            ],
            [
              4.8927669,
              52.368404
            ],
            [
              4.8925344,
              52.368704
            ],
            [
              4.8923639,
              52.3690584
            ]
          ]
        ]
      }
    },
    {
      "type": "Feature",
      "properties": {
        "osm_id": "29472797",
        "code": 8103,
        "fclass": "canal",
        "width": 0,
        "name": "Waalseilandgracht",
        "oneway": "NO",
        "speed_kmh": 6.0
      },
      "geometry": {
        "type": "MultiLineString",
        "coordinates": [
          [
            [
              4.903268,
              52.3750195
            ],
            [
              4.903147,
              52.3748093
            ],
            [
              4.9030988,
              52.3744071
            ],
            [
              4.9031705,
              52.3741044
            ],
            [
              4.9033227,
              52.3738339
            ],
            [
              4.9034516,
              52.3736895
            ]
          ]
        ]
      }
    },
    {
      "type": "Feature",
      "properties": {
        "osm_id": "29472928",
        "code": 8103,
        "fclass": "canal",
        "width": 0,
        "name": "Kloveniersburgwal",
        "oneway": "NO",
        "speed_kmh": 6.0
      },
      "geometry": {
        "type": "MultiLineString",
        "coordinates": [
          [
            [
              4.8963176,
              52.3684169
            ],
            [
              4.8962778,
              52.3683744
            ],
            [
              4.8962423,
              52.3683329
            ]
          ]
        ]
      }
    },
    {
      "type": "Feature",
      "properties": {
        "osm_id": "29473019",
        "code": 8103,
        "fclass": "canal",
        "width": 0,
        "name": "Prinsengracht",
        "oneway": "Yes",
        "speed_kmh": 6.0
      },
      "geometry": {
        "type": "MultiLineString",
        "coordinates": [
          [
            [
              4.8842818,
              52.3759593
            ],
            [
              4.8835292,
              52.3751701
            ]
          ]
        ]
      }
    },
    {
      "type": "Feature",
      "properties": {
        "osm_id": "29473027",
        "code": 8103,
        "fclass": "canal",
        "width": 0,
        "name": "Lijnbaansgracht",
        "oneway": "NO",
        "speed_kmh": 6.0
      },
      "geometry": {
        "type": "MultiLineString",
        "coordinates": [
          [
            [
              4.8883949,
              52.3608553
            ],
            [
              4.8870522,
              52.3615005
            ]
          ]
        ]
      }
    },
    {
      "type": "Feature",
      "properties": {
        "osm_id": "29473090",
        "code": 8103,
        "fclass": "canal",
        "width": 0,
        "name": "Singelgracht",
        "oneway": "YES",
        "speed_kmh": 6.0
      },
      "geometry": {
        "type": "MultiLineString",
        "coordinates": [
          [
            [
              4.8905597,
              52.3583955
            ],
            [
              4.8898801,
              52.3585801
            ],
            [
              4.8894624,
              52.3587404
            ],
            [
              4.8891081,
              52.3589264
            ],
            [
              4.888801,
              52.3591337
            ],
            [
              4.8880286,
              52.3598508
            ],
            [
              4.8876487,
              52.360146
            ]
          ]
        ]
      }
    },
    {
      "type": "Feature",
      "properties": {
        "osm_id": "29473424",
        "code": 8103,
        "fclass": "canal",
        "width": 0,
        "name": "Singelgracht",
        "oneway": "NO",
        "speed_kmh": 6.0
      },
      "geometry": {
        "type": "MultiLineString",
        "coordinates": [
          [
            [
              4.8796652,
              52.3639891
            ],
            [
              4.8793412,
              52.3643948
            ],
            [
              4.8792688,
              52.3649914
            ]
          ]
        ]
      }
    },
    {
      "type": "Feature",
      "properties": {
        "osm_id": "29473441",
        "code": 8103,
        "fclass": "canal",
        "width": 0,
        "name": "Jacob van Lennepkanaal",
        "oneway": "NO",
        "speed_kmh": 6.0
      },
      "geometry": {
        "type": "MultiLineString",
        "coordinates": [
          [
            [
              4.8769508,
              52.3665942
            ],
            [
              4.8747022,
              52.365927
            ],
            [
              4.8735647,
              52.3656093
            ]
          ]
        ]
      }
    },
    {
      "type": "Feature",
      "properties": {
        "osm_id": "29473453",
        "code": 8103,
        "fclass": "canal",
        "width": 0,
        "name": "Bilderdijkgracht",
        "oneway": "NO",
        "speed_kmh": 6.0
      },
      "geometry": {
        "type": "MultiLineString",
        "coordinates": [
          [
            [
              4.8681965,
              52.3706147
            ],
            [
              4.8676157,
              52.3714721
            ],
            [
              4.8673818,
              52.3718034
            ]
          ]
        ]
      }
    },
    {
      "type": "Feature",
      "properties": {
        "osm_id": "29473472",
        "code": 8103,
        "fclass": "canal",
        "width": 0,
        "name": "Hugo de Grootgracht",
        "oneway": "NO",
        "speed_kmh": 6.0
      },
      "geometry": {
        "type": "MultiLineString",
        "coordinates": [
          [
            [
              4.8676702,
              52.371835
            ],
            [
              4.8678312,
              52.3718711
            ]
          ]
        ]
      }
    },
    {
      "type": "Feature",
      "properties": {
        "osm_id": "29473481",
        "code": 8103,
        "fclass": "canal",
        "width": 0,
        "name": null,
        "oneway": "NO",
        "speed_kmh": 6.0
      },
      "geometry": {
        "type": "MultiLineString",
        "coordinates": [
          [
            [
              4.8673818,
              52.3718034
            ],
            [
              4.8668171,
              52.3719809
            ]
          ]
        ]
      }
    },
    {
      "type": "Feature",
      "properties": {
        "osm_id": "29473482",
        "code": 8103,
        "fclass": "canal",
        "width": 0,
        "name": "Schinkel",
        "oneway": "NO",
        "speed_kmh": 6.0
      },
      "geometry": {
        "type": "MultiLineString",
        "coordinates": [
          [
            [
              4.8467956,
              52.3393713
            ],
            [
              4.8467948,
              52.3393899
            ],
            [
              4.8467678,
              52.3400337
            ],
            [
              4.8469043,
              52.3407723
            ],
            [
              4.8471634,
              52.3413804
            ],
            [
              4.8477354,
              52.3421064
            ],
            [
              4.848614,
              52.3429483
            ]
          ]
        ]
      }
    },
    {
      "type": "Feature",
      "properties": {
        "osm_id": "29473484",
        "code": 8103,
        "fclass": "canal",
        "width": 0,
        "name": "Kostverlorenvaart",
        "oneway": "NO",
        "speed_kmh": 6.0
      },
      "geometry": {
        "type": "MultiLineString",
        "coordinates": [
          [
            [
              4.8602016,
              52.3647594
            ],
            [
              4.8629687,
              52.3679282
            ],
            [
              4.8648879,
              52.3699791
            ]
          ]
        ]
      }
    },
    {
      "type": "Feature",
      "properties": {
        "osm_id": "29473485",
        "code": 8103,
        "fclass": "canal",
        "width": 0,
        "name": "Westelijk Marktkanaal",
        "oneway": "NO",
        "speed_kmh": 6.0
      },
      "geometry": {
        "type": "MultiLineString",
        "coordinates": [
          [
            [
              4.8643464,
              52.3755811
            ],
            [
              4.8636126,
              52.3777255
            ],
            [
              4.8635488,
              52.3779043
            ],
            [
              4.8628589,
              52.3798382
            ],
            [
              4.8625345,
              52.3805574
            ],
            [
              4.8624383,
              52.3807708
            ],
            [
              4.8620006,
              52.3820491
            ],
            [
              4.8617809,
              52.3823307
            ],
            [
              4.8614699,
              52.383059
            ],
            [
              4.8608399,
              52.3839542
            ],
            [
              4.8607755,
              52.3841449
            ],
            [
              4.8607641,
              52.3846422
            ]
          ]
        ]
      }
    },
    {
      "type": "Feature",
      "properties": {
        "osm_id": "29473626",
        "code": 8103,
        "fclass": "canal",
        "width": 0,
        "name": "Lijnbaansgracht",
        "oneway": "NO",
        "speed_kmh": 6.0
      },
      "geometry": {
        "type": "MultiLineString",
        "coordinates": [
          [
            [
              4.8762501,
              52.372149
            ],
            [
              4.8761961,
              52.3719829
            ],
            [
              4.8762069,
              52.3718536
            ],
            [
              4.8771753,
              52.3704571
            ]
          ]
        ]
      }
    },
    {
      "type": "Feature",
      "properties": {
        "osm_id": "29473628",
        "code": 8103,
        "fclass": "canal",
        "width": 0,
        "name": "Singelgracht",
        "oneway": "NO",
        "speed_kmh": 6.0
      },
      "geometry": {
        "type": "MultiLineString",
        "coordinates": [
          [
            [
              4.8755348,
              52.3742278
            ],
            [
              4.8758565,
              52.3748508
            ],
            [
              4.8781097,
              52.3783899
            ]
          ]
        ]
      }
    },
    {
      "type": "Feature",
      "properties": {
        "osm_id": "29473678",
        "code": 8103,
        "fclass": "canal",
        "width": 0,
        "name": "Brouwersgracht",
        "oneway": "NO",
        "speed_kmh": 6.0
      },
      "geometry": {
        "type": "MultiLineString",
        "coordinates": [
          [
            [
              4.8886892,
              52.3803773
            ],
            [
              4.8899351,
              52.3796979
            ]
          ]
        ]
      }
    },
    {
      "type": "Feature",
      "properties": {
        "osm_id": "29473874",
        "code": 8103,
        "fclass": "canal",
        "width": 0,
        "name": "Smallepadsgracht",
        "oneway": "NO",
        "speed_kmh": 6.0
      },
      "geometry": {
        "type": "MultiLineString",
        "coordinates": [
          [
            [
              4.886051,
              52.3881223
            ],
            [
              4.8858658,
              52.3870722
            ],
            [
              4.8860306,
              52.3868288
            ]
          ]
        ]
      }
    },
    {
      "type": "Feature",
      "properties": {
        "osm_id": "29474045",
        "code": 8103,
        "fclass": "canal",
        "width": 0,
        "name": "Realengracht",
        "oneway": "NO",
        "speed_kmh": 6.0
      },
      "geometry": {
        "type": "MultiLineString",
        "coordinates": [
          [
            [
              4.8896494,
              52.387105
            ],
            [
              4.8884477,
              52.3869381
            ]
          ]
        ]
      }
    },
    {
      "type": "Feature",
      "properties": {
        "osm_id": "29474081",
        "code": 8103,
        "fclass": "canal",
        "width": 0,
        "name": "Eilandsgracht",
        "oneway": "NO",
        "speed_kmh": 6.0
      },
      "geometry": {
        "type": "MultiLineString",
        "coordinates": [
          [
            [
              4.8859026,
              52.3850135
            ],
            [
              4.8878254,
              52.3839074
            ]
          ]
        ]
      }
    },
    {
      "type": "Feature",
      "properties": {
        "osm_id": "29474091",
        "code": 8103,
        "fclass": "canal",
        "width": 0,
        "name": "Bickersgracht",
        "oneway": "NO",
        "speed_kmh": 6.0
      },
      "geometry": {
        "type": "MultiLineString",
        "coordinates": [
          [
            [
              4.8878254,
              52.3839074
            ],
            [
              4.8880036,
              52.3840099
            ],
            [
              4.8882991,
              52.385474
            ]
          ]
        ]
      }
    },
    {
      "type": "Feature",
      "properties": {
        "osm_id": "29474110",
        "code": 8103,
        "fclass": "canal",
        "width": 0,
        "name": "Prinseneilandsgracht",
        "oneway": "Yes",
        "speed_kmh": 6.0
      },
      "geometry": {
        "type": "MultiLineString",
        "coordinates": [
          [
            [
              4.8860306,
              52.3868288
            ],
            [
              4.8859433,
              52.3857068
            ]
          ]
        ]
      }
    },
    {
      "type": "Feature",
      "properties": {
        "osm_id": "29474370",
        "code": 8103,
        "fclass": "canal",
        "width": 0,
        "name": "Westerdok",
        "oneway": "NO",
        "speed_kmh": 6.0
      },
      "geometry": {
        "type": "MultiLineString",
        "coordinates": [
          [
            [
              4.8910443,
              52.3883211
            ],
            [
              4.8910155,
              52.3870181
            ],
            [
              4.8907289,
              52.3841809
            ],
            [
              4.8907017,
              52.3830424
            ]
          ]
        ]
      }
    },
    {
      "type": "Feature",
      "properties": {
        "osm_id": "29474674",
        "code": 8103,
        "fclass": "canal",
        "width": 0,
        "name": "Singel",
        "oneway": "NO",
        "speed_kmh": 6.0
      },
      "geometry": {
        "type": "MultiLineString",
        "coordinates": [
          [
            [
              4.893972,
              52.3787771
            ],
            [
              4.89406,
              52.3788471
            ]
          ]
        ]
      }
    },
    {
      "type": "Feature",
      "properties": {
        "osm_id": "29474838",
        "code": 8103,
        "fclass": "canal",
        "width": 0,
        "name": "Open Havenfront",
        "oneway": "NO",
        "speed_kmh": 6.0
      },
      "geometry": {
        "type": "MultiLineString",
        "coordinates": [
          [
            [
              4.9023716,
              52.3771511
            ],
            [
              4.9025122,
              52.3770683
            ],
            [
              4.9025846,
              52.3770118
            ],
            [
              4.9027817,
              52.3768364
            ]
          ]
        ]
      }
    },
    {
      "type": "Feature",
      "properties": {
        "osm_id": "29474840",
        "code": 8103,
        "fclass": "canal",
        "width": 0,
        "name": "Damrak",
        "oneway": "NO",
        "speed_kmh": 6.0
      },
      "geometry": {
        "type": "MultiLineString",
        "coordinates": [
          [
            [
              4.8973472,
              52.3756419
            ],
            [
              4.8976694,
              52.3759009
            ],
            [
              4.8980471,
              52.3761037
            ],
            [
              4.8984874,
              52.3764544
            ],
            [
              4.8985257,
              52.37675
            ]
          ]
        ]
      }
    },
    {
      "type": "Feature",
      "properties": {
        "osm_id": "29474843",
        "code": 8103,
        "fclass": "canal",
        "width": 0,
        "name": "Oudezijds Kolk",
        "oneway": "NO",
        "speed_kmh": 6.0
      },
      "geometry": {
        "type": "MultiLineString",
        "coordinates": [
          [
            [
              4.9003422,
              52.3756554
            ],
            [
              4.9004451,
              52.3757192
            ]
          ]
        ]
      }
    },
    {
      "type": "Feature",
      "properties": {
        "osm_id": "29474860",
        "code": 8103,
        "fclass": "canal",
        "width": 0,
        "name": "Oosterdoksdoorgang",
        "oneway": "NO",
        "speed_kmh": 6.0
      },
      "geometry": {
        "type": "MultiLineString",
        "coordinates": [
          [
            [
              4.9106169,
              52.3783535
            ],
            [
              4.9105893,
              52.3775566
            ],
            [
              4.9106829,
              52.3770994
            ],
            [
              4.9107332,
              52.376853
            ],
            [
              4.9108897,
              52.3761646
            ],
            [
              4.9111702,
              52.3754794
            ]
          ]
        ]
      }
    },
    {
      "type": "Feature",
      "properties": {
        "osm_id": "29474883",
        "code": 8103,
        "fclass": "canal",
        "width": 0,
        "name": "Oosterdok",
        "oneway": "NO",
        "speed_kmh": 6.0
      },
      "geometry": {
        "type": "MultiLineString",
        "coordinates": [
          [
            [
              4.9046946,
              52.3759927
            ],
            [
              4.9093387,
              52.3739396
            ]
          ]
        ]
      }
    },
    {
      "type": "Feature",
      "properties": {
        "osm_id": "29980149",
        "code": 8103,
        "fclass": "canal",
        "width": 0,
        "name": null,
        "oneway": "NO",
        "speed_kmh": 6.0
      },
      "geometry": {
        "type": "MultiLineString",
        "coordinates": [
          [
            [
              4.9156259,
              52.3716226
            ],
            [
              4.9148896,
              52.3724151
            ],
            [
              4.9147316,
              52.3726379
            ],
            [
              4.914495,
              52.3728821
            ]
          ]
        ]
      }
    },
    {
      "type": "Feature",
      "properties": {
        "osm_id": "29995529",
        "code": 8103,
        "fclass": "canal",
        "width": 0,
        "name": "Admiralengracht",
        "oneway": "NO",
        "speed_kmh": 6.0
      },
      "geometry": {
        "type": "MultiLineString",
        "coordinates": [
          [
            [
              4.8580569,
              52.3651076
            ],
            [
              4.8576932,
              52.3671476
            ],
            [
              4.8575731,
              52.3677398
            ],
            [
              4.85741,
              52.3683268
            ],
            [
              4.857404,
              52.3683465
            ]
          ]
        ]
      }
    },
    {
      "type": "Feature",
      "properties": {
        "osm_id": "29995938",
        "code": 8103,
        "fclass": "canal",
        "width": 0,
        "name": "Kostverlorenvaart",
        "oneway": "NO",
        "speed_kmh": 6.0
      },
      "geometry": {
        "type": "MultiLineString",
        "coordinates": [
          [
            [
              4.8549948,
              52.3580143
            ],
            [
              4.8568302,
              52.3603205
            ],
            [
              4.8571996,
              52.3609452
            ],
            [
              4.8574092,
              52.3615003
            ],
            [
              4.8575881,
              52.3618143
            ]
          ]
        ]
      }
    },
    {
      "type": "Feature",
      "properties": {
        "osm_id": "29995985",
        "code": 8103,
        "fclass": "canal",
        "width": 0,
        "name": "Schinkel",
        "oneway": "NO",
        "speed_kmh": 6.0
      },
      "geometry": {
        "type": "MultiLineString",
        "coordinates": [
          [
            [
              4.8536012,
              52.3549325
            ],
            [
              4.8537305,
              52.3552977
            ],
            [
              4.8542073,
              52.3569943
            ],
            [
              4.8543868,
              52.3572979
            ],
            [
              4.8547411,
              52.357698
            ]
          ]
        ]
      }
    },
    {
      "type": "Feature",
      "properties": {
        "osm_id": "29996154",
        "code": 8103,
        "fclass": "canal",
        "width": 0,
        "name": "Schinkel",
        "oneway": "NO",
        "speed_kmh": 6.0
      },
      "geometry": {
        "type": "MultiLineString",
        "coordinates": [
          [
            [
              4.848614,
              52.3429483
            ],
            [
              4.8497727,
              52.3449199
            ],
            [
              4.8506475,
              52.346822
            ],
            [
              4.8510258,
              52.3473266
            ],
            [
              4.8515252,
              52.3483577
            ],
            [
              4.8516051,
              52.3485982
            ],
            [
              4.8518999,
              52.3495631
            ],
            [
              4.8523003,
              52.3506731
            ]
          ]
        ]
      }
    },
    {
      "type": "Feature",
      "properties": {
        "osm_id": "29996165",
        "code": 8103,
        "fclass": "canal",
        "width": 0,
        "name": "Olympiakanaal",
        "oneway": "NO",
        "speed_kmh": 6.0
      },
      "geometry": {
        "type": "MultiLineString",
        "coordinates": [
          [
            [
              4.848614,
              52.3429483
            ],
            [
              4.8495592,
              52.3429209
            ],
            [
              4.851268,
              52.3432466
            ]
          ]
        ]
      }
    },
    {
      "type": "Feature",
      "properties": {
        "osm_id": "29996170",
        "code": 8103,
        "fclass": "canal",
        "width": 0,
        "name": "Olympiakanaal",
        "oneway": "NO",
        "speed_kmh": 6.0
      },
      "geometry": {
        "type": "MultiLineString",
        "coordinates": [
          [
            [
              4.8497727,
              52.3449199
            ],
            [
              4.8503244,
              52.3448815
            ],
            [
              4.8507226,
              52.3449056
            ]
          ]
        ]
      }
    },
    {
      "type": "Feature",
      "properties": {
        "osm_id": "29996257",
        "code": 8103,
        "fclass": "canal",
        "width": 0,
        "name": "Stadiongracht",
        "oneway": "NO",
        "speed_kmh": 6.0
      },
      "geometry": {
        "type": "MultiLineString",
        "coordinates": [
          [
            [
              4.8571127,
              52.3473727
            ],
            [
              4.8557701,
              52.3471762
            ],
            [
              4.8544425,
              52.3469886
            ],
            [
              4.8534669,
              52.3468435
            ],
            [
              4.8530418,
              52.3467384
            ],
            [
              4.8526406,
              52.346551
            ],
            [
              4.8523407,
              52.3463686
            ],
            [
              4.8518922,
              52.3460016
            ],
            [
              4.8516626,
              52.3457162
            ],
            [
              4.8514893,
              52.3453184
            ],
            [
              4.851464,
              52.3449243
            ]
          ]
        ]
      }
    },
    {
      "type": "Feature",
      "properties": {
        "osm_id": "29996397",
        "code": 8103,
        "fclass": "canal",
        "width": 0,
        "name": "Stadiongracht",
        "oneway": "NO",
        "speed_kmh": 6.0
      },
      "geometry": {
        "type": "MultiLineString",
        "coordinates": [
          [
            [
              4.8515246,
              52.3445639
            ],
            [
              4.8515494,
              52.3444165
            ],
            [
              4.8515649,
              52.3443775
            ]
          ]
        ]
      }
    },
    {
      "type": "Feature",
      "properties": {
        "osm_id": "29996748",
        "code": 8103,
        "fclass": "canal",
        "width": 0,
        "name": "Zuider Amstelkanaal",
        "oneway": "NO",
        "speed_kmh": 6.0
      },
      "geometry": {
        "type": "MultiLineString",
        "coordinates": [
          [
            [
              4.8768754,
              52.3446251
            ],
            [
              4.8784102,
              52.3446754
            ],
            [
              4.8787034,
              52.3447396
            ],
            [
              4.8811994,
              52.3459647
            ]
          ]
        ]
      }
    },
    {
      "type": "Feature",
      "properties": {
        "osm_id": "29997487",
        "code": 8103,
        "fclass": "canal",
        "width": 0,
        "name": "Noorder Amstelkanaal",
        "oneway": "NO",
        "speed_kmh": 6.0
      },
      "geometry": {
        "type": "MultiLineString",
        "coordinates": [
          [
            [
              4.8651123,
              52.3506567
            ],
            [
              4.864238,
              52.350438
            ],
            [
              4.8613366,
              52.3496572
            ],
            [
              4.8611454,
              52.3496016
            ],
            [
              4.8610113,
              52.3495328
            ],
            [
              4.8602978,
              52.3488807
            ]
          ]
        ]
      }
    },
    {
      "type": "Feature",
      "properties": {
        "osm_id": "29997489",
        "code": 8103,
        "fclass": "canal",
        "width": 0,
        "name": "Boerenwetering",
        "oneway": "NO",
        "speed_kmh": 6.0
      },
      "geometry": {
        "type": "MultiLineString",
        "coordinates": [
          [
            [
              4.8854143,
              52.3417396
            ],
            [
              4.8855059,
              52.342549
            ]
          ]
        ]
      }
    },
    {
      "type": "Feature",
      "properties": {
        "osm_id": "29997500",
        "code": 8103,
        "fclass": "canal",
        "width": 0,
        "name": "Amstelkanaal",
        "oneway": "NO",
        "speed_kmh": 6.0
      },
      "geometry": {
        "type": "MultiLineString",
        "coordinates": [
          [
            [
              4.9044661,
              52.349105
            ],
            [
              4.9052583,
              52.3491982
            ],
            [
              4.9082537,
              52.3496124
            ],
            [
              4.909524,
              52.349808
            ]
          ]
        ]
      }
    },
    {
      "type": "Feature",
      "properties": {
        "osm_id": "29997526",
        "code": 8103,
        "fclass": "canal",
        "width": 0,
        "name": "Boerenwetering",
        "oneway": "NO",
        "speed_kmh": 6.0
      },
      "geometry": {
        "type": "MultiLineString",
        "coordinates": [
          [
            [
              4.8864592,
              52.3498978
            ],
            [
              4.8864842,
              52.3501373
            ],
            [
              4.8864962,
              52.3512377
            ],
            [
              4.8865075,
              52.3520955
            ]
          ]
        ]
      }
    },
    {
      "type": "Feature",
      "properties": {
        "osm_id": "30010643",
        "code": 8103,
        "fclass": "canal",
        "width": 0,
        "name": "Singelgracht",
        "oneway": "NO",
        "speed_kmh": 6.0
      },
      "geometry": {
        "type": "MultiLineString",
        "coordinates": [
          [
            [
              4.8775365,
              52.366768
            ],
            [
              4.8773642,
              52.3672613
            ],
            [
              4.8773034,
              52.3677183
            ],
            [
              4.8768798,
              52.3683727
            ]
          ]
        ]
      }
    },
    {
      "type": "Feature",
      "properties": {
        "osm_id": "30010652",
        "code": 8103,
        "fclass": "canal",
        "width": 0,
        "name": "Da Costagracht",
        "oneway": "NO",
        "speed_kmh": 6.0
      },
      "geometry": {
        "type": "MultiLineString",
        "coordinates": [
          [
            [
              4.8723423,
              52.3693558
            ],
            [
              4.8720685,
              52.3697426
            ],
            [
              4.8719213,
              52.3701458
            ],
            [
              4.8718784,
              52.370544
            ],
            [
              4.871947,
              52.3708899
            ],
            [
              4.87206,
              52.3711749
            ]
          ]
        ]
      }
    },
    {
      "type": "Feature",
      "properties": {
        "osm_id": "30010688",
        "code": 8103,
        "fclass": "canal",
        "width": 0,
        "name": "Lauriergracht",
        "oneway": "NO",
        "speed_kmh": 6.0
      },
      "geometry": {
        "type": "MultiLineString",
        "coordinates": [
          [
            [
              4.8771753,
              52.3704571
            ],
            [
              4.8772972,
              52.3704899
            ]
          ]
        ]
      }
    },
    {
      "type": "Feature",
      "properties": {
        "osm_id": "30115716",
        "code": 8103,
        "fclass": "canal",
        "width": 8,
        "name": "Scharrebiersluis",
        "oneway": "NO",
        "speed_kmh": 6.0
      },
      "geometry": {
        "type": "MultiLineString",
        "coordinates": [
          [
            [
              4.9110914,
              52.3699446
            ],
            [
              4.9111664,
              52.369999
            ],
            [
              4.9115738,
              52.3702665
            ]
          ]
        ]
      }
    },
    {
      "type": "Feature",
      "properties": {
        "osm_id": "30119653",
        "code": 8103,
        "fclass": "canal",
        "width": 0,
        "name": "Ringvaart",
        "oneway": "NO",
        "speed_kmh": 6.0
      },
      "geometry": {
        "type": "MultiLineString",
        "coordinates": [
          [
            [
              4.9133164,
              52.3485996
            ],
            [
              4.9149114,
              52.3493116
            ]
          ]
        ]
      }
    },
    {
      "type": "Feature",
      "properties": {
        "osm_id": "30120761",
        "code": 8103,
        "fclass": "canal",
        "width": 0,
        "name": "Ringvaart",
        "oneway": "NO",
        "speed_kmh": 6.0
      },
      "geometry": {
        "type": "MultiLineString",
        "coordinates": [
          [
            [
              4.9159033,
              52.3497564
            ],
            [
              4.9160835,
              52.3498294
            ],
            [
              4.9185933,
              52.3509498
            ],
            [
              4.9202412,
              52.3516995
            ],
            [
              4.9216434,
              52.3523295
            ],
            [
              4.9262499,
              52.3544226
            ],
            [
              4.9282316,
              52.3553379
            ],
            [
              4.9298043,
              52.3560278
            ],
            [
              4.9301777,
              52.356149
            ],
            [
              4.9313227,
              52.3563947
            ],
            [
              4.9331963,
              52.3567769
            ],
            [
              4.9365219,
              52.3575049
            ],
            [
              4.9370033,
              52.3575839
            ],
            [
              4.9371738,
              52.3576889
            ],
            [
              4.9380398,
              52.3578455
            ],
            [
              4.9407393,
              52.3584221
            ],
            [
              4.9409366,
              52.3584114
            ],
            [
              4.9411559,
              52.3583991
            ],
            [
              4.941676,
              52.3583902
            ],
            [
              4.9429699,
              52.3583414
            ],
            [
              4.9437812,
              52.3583063
            ],
            [
              4.9448896,
              52.3582535
            ],
            [
              4.9462942,
              52.3582111
            ],
            [
              4.949591,
              52.358068
            ],
            [
              4.9514436,
              52.3579866
            ],
            [
              4.9529465,
              52.3579136
            ],
            [
              4.9566908,
              52.3577732
            ],
            [
              4.9578873,
              52.3577552
            ],
            [
              4.9585108,
              52.3578103
            ],
            [
              4.9592318,
              52.3578921
            ]
          ]
        ]
      }
    },
    {
      "type": "Feature",
      "properties": {
        "osm_id": "30123973",
        "code": 8101,
        "fclass": "river",
        "width": 0,
        "name": "Amstel",
        "oneway": "NO",
        "speed_kmh": 7.5
      },
      "geometry": {
        "type": "MultiLineString",
        "coordinates": [
          [
            [
              4.9023302,
              52.3636588
            ],
            [
              4.901892,
              52.364479
            ]
          ]
        ]
      }
    },
    {
      "type": "Feature",
      "properties": {
        "osm_id": "30134273",
        "code": 8103,
        "fclass": "canal",
        "width": 0,
        "name": "Ertshaven",
        "oneway": "NO",
        "speed_kmh": 6.0
      },
      "geometry": {
        "type": "MultiLineString",
        "coordinates": [
          [
            [
              4.9530741,
              52.3763599
            ],
            [
              4.9455091,
              52.3755643
            ],
            [
              4.9388435,
              52.3754544
            ]
          ]
        ]
      }
    },
    {
      "type": "Feature",
      "properties": {
        "osm_id": "30704282",
        "code": 8104,
        "fclass": "drain",
        "width": 0,
        "name": null,
        "oneway": "NO",
        "speed_kmh": 6.0
      },
      "geometry": {
        "type": "MultiLineString",
        "coordinates": [
          [
            [
              4.927878,
              52.349856
            ],
            [
              4.9286625,
              52.3503034
            ],
            [
              4.9287887,
              52.3503864
            ],
            [
              4.9273554,
              52.3512829
            ]
          ]
        ]
      }
    },
    {
      "type": "Feature",
      "properties": {
        "osm_id": "30801906",
        "code": 8104,
        "fclass": "drain",
        "width": 0,
        "name": null,
        "oneway": "NO",
        "speed_kmh": 6.0
      },
      "geometry": {
        "type": "MultiLineString",
        "coordinates": [
          [
            [
              4.9268924,
              52.3504688
            ],
            [
              4.927878,
              52.349856
            ],
            [
              4.9288853,
              52.3492246
            ],
            [
              4.929294,
              52.349462
            ]
          ]
        ]
      }
    },
    {
      "type": "Feature",
      "properties": {
        "osm_id": "30801911",
        "code": 8104,
        "fclass": "drain",
        "width": 0,
        "name": null,
        "oneway": "NO",
        "speed_kmh": 6.0
      },
      "geometry": {
        "type": "MultiLineString",
        "coordinates": [
          [
            [
              4.9300651,
              52.3496392
            ],
            [
              4.9296176,
              52.3493772
            ]
          ]
        ]
      }
    },
    {
      "type": "Feature",
      "properties": {
        "osm_id": "30802110",
        "code": 8104,
        "fclass": "drain",
        "width": 0,
        "name": null,
        "oneway": "NO",
        "speed_kmh": 6.0
      },
      "geometry": {
        "type": "MultiLineString",
        "coordinates": [
          [
            [
              4.9267179,
              52.3507824
            ],
            [
              4.9263316,
              52.3505412
            ]
          ]
        ]
      }
    },
    {
      "type": "Feature",
      "properties": {
        "osm_id": "32007207",
        "code": 8103,
        "fclass": "canal",
        "width": 0,
        "name": "De Rijpgracht",
        "oneway": "NO",
        "speed_kmh": 6.0
      },
      "geometry": {
        "type": "MultiLineString",
        "coordinates": [
          [
            [
              4.8601956,
              52.3772592
            ],
            [
              4.862432,
              52.3775778
            ]
          ]
        ]
      }
    },
    {
      "type": "Feature",
      "properties": {
        "osm_id": "32007303",
        "code": 8103,
        "fclass": "canal",
        "width": 0,
        "name": "Oostelijk Marktkanaal",
        "oneway": "NO",
        "speed_kmh": 6.0
      },
      "geometry": {
        "type": "MultiLineString",
        "coordinates": [
          [
            [
              4.8696859,
              52.3760889
            ],
            [
              4.8696149,
              52.3763086
            ],
            [
              4.868851,
              52.3783468
            ],
            [
              4.8681386,
              52.380212
            ]
          ]
        ]
      }
    },
    {
      "type": "Feature",
      "properties": {
        "osm_id": "32050030",
        "code": 8103,
        "fclass": "canal",
        "width": 0,
        "name": "Singel",
        "oneway": "NO",
        "speed_kmh": 6.0
      },
      "geometry": {
        "type": "MultiLineString",
        "coordinates": [
          [
            [
              4.8938637,
              52.3673029
            ],
            [
              4.8934927,
              52.367024
            ],
            [
              4.8934098,
              52.36698
            ],
            [
              4.8933181,
              52.3669411
            ],
            [
              4.8932288,
              52.3669172
            ],
            [
              4.8931275,
              52.3669061
            ]
          ]
        ]
      }
    },
    {
      "type": "Feature",
      "properties": {
        "osm_id": "32264840",
        "code": 8103,
        "fclass": "canal",
        "width": 0,
        "name": "Oostertoegang",
        "oneway": "NO",
        "speed_kmh": 6.0
      },
      "geometry": {
        "type": "MultiLineString",
        "coordinates": [
          [
            [
              4.905041,
              52.3786817
            ],
            [
              4.9036757,
              52.3772982
            ]
          ]
        ]
      }
    },
    {
      "type": "Feature",
      "properties": {
        "osm_id": "32264944",
        "code": 8103,
        "fclass": "canal",
        "width": 0,
        "name": null,
        "oneway": "NO",
        "speed_kmh": 6.0
      },
      "geometry": {
        "type": "MultiLineString",
        "coordinates": [
          [
            [
              4.9036757,
              52.3772982
            ],
            [
              4.9033318,
              52.3769695
            ]
          ]
        ]
      }
    },
    {
      "type": "Feature",
      "properties": {
        "osm_id": "33183974",
        "code": 8103,
        "fclass": "canal",
        "width": 0,
        "name": "Zoutkeetsgracht",
        "oneway": "NO",
        "speed_kmh": 6.0
      },
      "geometry": {
        "type": "MultiLineString",
        "coordinates": [
          [
            [
              4.8859118,
              52.3881348
            ],
            [
              4.886051,
              52.3881223
            ],
            [
              4.8885904,
              52.3882851
            ],
            [
              4.8899919,
              52.3883888
            ]
          ]
        ]
      }
    },
    {
      "type": "Feature",
      "properties": {
        "osm_id": "33199291",
        "code": 8103,
        "fclass": "canal",
        "width": 0,
        "name": "Le Mairegracht",
        "oneway": "NO",
        "speed_kmh": 6.0
      },
      "geometry": {
        "type": "MultiLineString",
        "coordinates": [
          [
            [
              4.8818152,
              52.3896881
            ],
            [
              4.8817539,
              52.3896955
            ],
            [
              4.8814003,
              52.3895571
            ],
            [
              4.8812794,
              52.389182
            ]
          ]
        ]
      }
    },
    {
      "type": "Feature",
      "properties": {
        "osm_id": "33199297",
        "code": 8103,
        "fclass": "canal",
        "width": 0,
        "name": "Van Noordtgracht",
        "oneway": "NO",
        "speed_kmh": 6.0
      },
      "geometry": {
        "type": "MultiLineString",
        "coordinates": [
          [
            [
              4.8818245,
              52.3887632
            ],
            [
              4.8839043,
              52.3884834
            ]
          ]
        ]
      }
    },
    {
      "type": "Feature",
      "properties": {
        "osm_id": "33227210",
        "code": 8103,
        "fclass": "canal",
        "width": 0,
        "name": "Buiksloterkanaal",
        "oneway": "NO",
        "speed_kmh": 6.0
      },
      "geometry": {
        "type": "MultiLineString",
        "coordinates": [
          [
            [
              4.9104993,
              52.3945663
            ],
            [
              4.9092891,
              52.3934298
            ],
            [
              4.9087721,
              52.3932007
            ]
          ]
        ]
      }
    },
    {
      "type": "Feature",
      "properties": {
        "osm_id": "33610173",
        "code": 8103,
        "fclass": "canal",
        "width": 0,
        "name": "Papaverkanaal",
        "oneway": "NO",
        "speed_kmh": 6.0
      },
      "geometry": {
        "type": "MultiLineString",
        "coordinates": [
          [
            [
              4.904024,
              52.3984745
            ],
            [
              4.902376,
              52.3991344
            ],
            [
              4.9021701,
              52.399281
            ],
            [
              4.8990038,
              52.4004555
            ]
          ]
        ]
      }
    },
    {
      "type": "Feature",
      "properties": {
        "osm_id": "33849586",
        "code": 8103,
        "fclass": "canal",
        "width": 0,
        "name": null,
        "oneway": "NO",
        "speed_kmh": 6.0
      },
      "geometry": {
        "type": "MultiLineString",
        "coordinates": [
          [
            [
              4.9386414,
              52.390716
            ],
            [
              4.9392891,
              52.3901095
            ],
            [
              4.9394316,
              52.3899067
            ],
            [
              4.9394635,
              52.3895857
            ]
          ]
        ]
      }
    },
    {
      "type": "Feature",
      "properties": {
        "osm_id": "34158965",
        "code": 8103,
        "fclass": "canal",
        "width": 0,
        "name": null,
        "oneway": "NO",
        "speed_kmh": 6.0
      },
      "geometry": {
        "type": "MultiLineString",
        "coordinates": [
          [
            [
              4.9386414,
              52.390716
            ],
            [
              4.9384147,
              52.391148
            ]
          ]
        ]
      }
    },
    {
      "type": "Feature",
      "properties": {
        "osm_id": "37739318",
        "code": 8103,
        "fclass": "canal",
        "width": 0,
        "name": "Haarlemmervaart",
        "oneway": "NO",
        "speed_kmh": 6.0
      },
      "geometry": {
        "type": "MultiLineString",
        "coordinates": [
          [
            [
              4.8812583,
              52.3857103
            ],
            [
              4.8817851,
              52.3856354
            ]
          ]
        ]
      }
    },
    {
      "type": "Feature",
      "properties": {
        "osm_id": "49061864",
        "code": 8104,
        "fclass": "drain",
        "width": 0,
        "name": "Syphonsluis",
        "oneway": "NO",
        "speed_kmh": 6.0
      },
      "geometry": {
        "type": "MultiLineString",
        "coordinates": [
          [
            [
              4.956037,
              52.3674359
            ],
            [
              4.9577947,
              52.3675902
            ]
          ]
        ]
      }
    },
    {
      "type": "Feature",
      "properties": {
        "osm_id": "58847083",
        "code": 8103,
        "fclass": "canal",
        "width": 0,
        "name": "IJ",
        "oneway": "NO",
        "speed_kmh": 6.0
      },
      "geometry": {
        "type": "MultiLineString",
        "coordinates": [
          [
            [
              4.9587561,
              52.38027
            ],
            [
              4.9577576,
              52.3805332
            ],
            [
              4.9499607,
              52.3820959
            ]
          ]
        ]
      }
    },
    {
      "type": "Feature",
      "properties": {
        "osm_id": "61848367",
        "code": 8104,
        "fclass": "drain",
        "width": 0,
        "name": null,
        "oneway": "NO",
        "speed_kmh": 6.0
      },
      "geometry": {
        "type": "MultiLineString",
        "coordinates": [
          [
            [
              4.8579929,
              52.3858627
            ],
            [
              4.8571104,
              52.3858772
            ],
            [
              4.8560213,
              52.3859223
            ],
            [
              4.8555829,
              52.3859504
            ],
            [
              4.8547375,
              52.3860093
            ],
            [
              4.8534959,
              52.3861026
            ],
            [
              4.8521342,
              52.3862049
            ],
            [
              4.8505872,
              52.3863583
            ],
            [
              4.8500067,
              52.3864217
            ],
            [
              4.8497507,
              52.3864471
            ]
          ]
        ]
      }
    },
    {
      "type": "Feature",
      "properties": {
        "osm_id": "68237148",
        "code": 8103,
        "fclass": "canal",
        "width": 0,
        "name": "Geldersekade",
        "oneway": "NO",
        "speed_kmh": 6.0
      },
      "geometry": {
        "type": "MultiLineString",
        "coordinates": [
          [
            [
              4.901342,
              52.3742419
            ],
            [
              4.9022279,
              52.3760608
            ],
            [
              4.9024431,
              52.3762225
            ]
          ]
        ]
      }
    },
    {
      "type": "Feature",
      "properties": {
        "osm_id": "68237150",
        "code": 8103,
        "fclass": "canal",
        "width": 0,
        "name": "Oudezijds Kolk",
        "oneway": "NO",
        "speed_kmh": 6.0
      },
      "geometry": {
        "type": "MultiLineString",
        "coordinates": [
          [
            [
              4.9008173,
              52.3759272
            ],
            [
              4.9018993,
              52.3764415
            ],
            [
              4.9021036,
              52.3765236
            ]
          ]
        ]
      }
    },
    {
      "type": "Feature",
      "properties": {
        "osm_id": "69007555",
        "code": 8103,
        "fclass": "canal",
        "width": 0,
        "name": "Singel",
        "oneway": "NO",
        "speed_kmh": 6.0
      },
      "geometry": {
        "type": "MultiLineString",
        "coordinates": [
          [
            [
              4.8895987,
              52.3747632
            ],
            [
              4.8911882,
              52.3762311
            ]
          ]
        ]
      }
    },
    {
      "type": "Feature",
      "properties": {
        "osm_id": "69222088",
        "code": 8103,
        "fclass": "canal",
        "width": 0,
        "name": "Amsterdam-Rijnkanaal",
        "oneway": "NO",
        "speed_kmh": 6.0
      },
      "geometry": {
        "type": "MultiLineString",
        "coordinates": [
          [
            [
              4.9946977,
              52.1712095
            ],
            [
              4.9944667,
              52.1731616
            ],
            [
              4.994059,
              52.175175
            ],
            [
              4.9938874,
              52.1770633
            ],
            [
              4.994021,
              52.178398
            ],
            [
              4.9941771,
              52.1793462
            ],
            [
              4.9946169,
              52.1813592
            ],
            [
              4.9950783,
              52.1831025
            ],
            [
              4.9956255,
              52.1856022
            ],
            [
              4.996048,
              52.187386
            ],
            [
              4.9967627,
              52.1899039
            ],
            [
              4.9972992,
              52.1919889
            ],
            [
              4.998018,
              52.1945341
            ],
            [
              4.998343,
              52.1958176
            ],
            [
              4.9989085,
              52.1976381
            ],
            [
              4.9996078,
              52.2002363
            ],
            [
              5.0004856,
              52.2036023
            ],
            [
              5.0009092,
              52.2051512
            ],
            [
              5.0015692,
              52.2074552
            ],
            [
              5.0026421,
              52.2112815
            ],
            [
              5.003349,
              52.213997
            ],
            [
              5.0037257,
              52.2152324
            ],
            [
              5.0046806,
              52.2188082
            ],
            [
              5.0056784,
              52.2224101
            ],
            [
              5.00582,
              52.222893
            ],
            [
              5.0065652,
              52.2257321
            ],
            [
              5.0071426,
              52.2279735
            ],
            [
              5.0075825,
              52.2296328
            ],
            [
              5.0082525,
              52.2316888
            ],
            [
              5.0089665,
              52.2345808
            ],
            [
              5.0094493,
              52.2364074
            ],
            [
              5.0099643,
              52.2383193
            ],
            [
              5.0103934,
              52.2398567
            ],
            [
              5.010602,
              52.240517
            ],
            [
              5.0111445,
              52.2427901
            ],
            [
              5.011461,
              52.2439923
            ],
            [
              5.0119008,
              52.2453784
            ],
            [
              5.0120618,
              52.2460451
            ],
            [
              5.0123568,
              52.2471782
            ],
            [
              5.0129711,
              52.2496777
            ],
            [
              5.0139393,
              52.2526432
            ],
            [
              5.0142397,
              52.2541472
            ],
            [
              5.0147279,
              52.2557661
            ],
            [
              5.015343,
              52.258316
            ],
            [
              5.0156559,
              52.2592041
            ],
            [
              5.0161226,
              52.2608852
            ],
            [
              5.0165357,
              52.2624415
            ],
            [
              5.0170024,
              52.2641324
            ],
            [
              5.0174691,
              52.2658593
            ],
            [
              5.017787,
              52.267151
            ],
            [
              5.0182167,
              52.2686179
            ],
            [
              5.0188048,
              52.2708754
            ],
            [
              5.0191106,
              52.2720145
            ],
            [
              5.0193574,
              52.2730058
            ],
            [
              5.0197651,
              52.2743385
            ],
            [
              5.020427,
              52.27586
            ],
            [
              5.020923,
              52.2775033
            ],
            [
              5.0212057,
              52.2787499
            ],
            [
              5.0214321,
              52.2797995
            ],
            [
              5.0215705,
              52.2803502
            ],
            [
              5.0216467,
              52.2809938
            ],
            [
              5.021703,
              52.2815379
            ],
            [
              5.0217706,
              52.282168
            ],
            [
              5.0217982,
              52.282967
            ],
            [
              5.0218089,
              52.2836759
            ],
            [
              5.0218348,
              52.284841
            ],
            [
              5.0217767,
              52.2861929
            ],
            [
              5.0217821,
              52.2867638
            ],
            [
              5.0217606,
              52.2879616
            ],
            [
              5.0217392,
              52.2888836
            ],
            [
              5.0217338,
              52.2896679
            ],
            [
              5.0217284,
              52.2911772
            ],
            [
              5.0217124,
              52.2921845
            ],
            [
              5.0216909,
              52.2926734
            ],
            [
              5.0216855,
              52.2937561
            ],
            [
              5.0216814,
              52.2940217
            ],
            [
              5.0216855,
              52.2956623
            ],
            [
              5.0216694,
              52.2959707
            ],
            [
              5.0216587,
              52.2965251
            ],
            [
              5.0216587,
              52.2973978
            ],
            [
              5.0216533,
              52.2979719
            ],
            [
              5.0216373,
              52.2988839
            ],
            [
              5.0216051,
              52.2995466
            ],
            [
              5.0215782,
              52.3003897
            ],
            [
              5.02153,
              52.3013213
            ],
            [
              5.0214596,
              52.3028232
            ],
            [
              5.0214506,
              52.3030157
            ],
            [
              5.0210794,
              52.3043984
            ],
            [
              5.0196553,
              52.3117652
            ],
            [
              5.019277,
              52.3140792
            ],
            [
              5.018077,
              52.320698
            ],
            [
              5.0176248,
              52.3236017
            ],
            [
              5.0174397,
              52.3247377
            ],
            [
              5.0174071,
              52.3251663
            ],
            [
              5.01726,
              52.3271032
            ],
            [
              5.016401,
              52.329659
            ],
            [
              5.0159193,
              52.3306732
            ],
            [
              5.0151142,
              52.3320993
            ],
            [
              5.0148121,
              52.3324407
            ],
            [
              5.0145173,
              52.3327738
            ],
            [
              5.0137465,
              52.3334872
            ],
            [
              5.0133118,
              52.3338695
            ],
            [
              5.0122389,
              52.3346693
            ],
            [
              5.010694,
              52.3356789
            ],
            [
              5.0089411,
              52.3366345
            ],
            [
              5.008155,
              52.337063
            ],
            [
              5.0044812,
              52.339095
            ],
            [
              4.9991523,
              52.342004
            ],
            [
              4.9971951,
              52.3429599
            ],
            [
              4.989913,
              52.3468585
            ],
            [
              4.9860964,
              52.3489069
            ],
            [
              4.9831238,
              52.3504762
            ],
            [
              4.975226,
              52.354786
            ],
            [
              4.9739159,
              52.3553316
            ],
            [
              4.9723692,
              52.3558654
            ],
            [
              4.9714986,
              52.3560876
            ],
            [
              4.9706526,
              52.3562796
            ],
            [
              4.9694881,
              52.3564987
            ],
            [
              4.966416,
              52.357029
            ],
            [
              4.9638243,
              52.3577907
            ],
            [
              4.9624202,
              52.3584382
            ],
            [
              4.961654,
              52.358799
            ],
            [
              4.9613151,
              52.3590844
            ],
            [
              4.9605627,
              52.359718
            ],
            [
              4.9597864,
              52.3606556
            ],
            [
              4.9588277,
              52.3620964
            ],
            [
              4.9578173,
              52.3647138
            ],
            [
              4.9573264,
              52.3659222
            ],
            [
              4.9570293,
              52.3671748
            ],
            [
              4.9567802,
              52.3681832
            ],
            [
              4.9558959,
              52.3724096
            ],
            [
              4.9557459,
              52.3727041
            ],
            [
              4.9545326,
              52.3735919
            ],
            [
              4.9530741,
              52.3763599
            ],
            [
              4.9499607,
              52.3820959
            ]
          ]
        ]
      }
    },
    {
      "type": "Feature",
      "properties": {
        "osm_id": "69358706",
        "code": 8104,
        "fclass": "drain",
        "width": 0,
        "name": null,
        "oneway": "NO",
        "speed_kmh": 6.0
      },
      "geometry": {
        "type": "MultiLineString",
        "coordinates": [
          [
            [
              4.855096,
              52.3871399
            ],
            [
              4.8554971,
              52.3873789
            ],
            [
              4.8555709,
              52.38733
            ],
            [
              4.8563225,
              52.3877834
            ],
            [
              4.8563187,
              52.3877941
            ],
            [
              4.8550623,
              52.3885236
            ],
            [
              4.8550614,
              52.3885817
            ],
            [
              4.8550618,
              52.3885965
            ]
          ]
        ]
      }
    },
    {
      "type": "Feature",
      "properties": {
        "osm_id": "69358707",
        "code": 8104,
        "fclass": "drain",
        "width": 0,
        "name": null,
        "oneway": "NO",
        "speed_kmh": 6.0
      },
      "geometry": {
        "type": "MultiLineString",
        "coordinates": [
          [
            [
              4.855096,
              52.3871399
            ],
            [
              4.8549288,
              52.3872546
            ],
            [
              4.8529225,
              52.3884398
            ]
          ]
        ]
      }
    },
    {
      "type": "Feature",
      "properties": {
        "osm_id": "92323947",
        "code": 8103,
        "fclass": "canal",
        "width": 0,
        "name": "Singel",
        "oneway": "NO",
        "speed_kmh": 6.0
      },
      "geometry": {
        "type": "MultiLineString",
        "coordinates": [
          [
            [
              4.8893354,
              52.3675262
            ],
            [
              4.8880283,
              52.3685134
            ],
            [
              4.8878551,
              52.3687168
            ]
          ]
        ]
      }
    },
    {
      "type": "Feature",
      "properties": {
        "osm_id": "92323954",
        "code": 8103,
        "fclass": "canal",
        "width": 0,
        "name": "Heiligewegsluis",
        "oneway": "NO",
        "speed_kmh": 6.0
      },
      "geometry": {
        "type": "MultiLineString",
        "coordinates": [
          [
            [
              4.8898518,
              52.3672346
            ],
            [
              4.8896079,
              52.3673557
            ],
            [
              4.8893354,
              52.3675262
            ]
          ]
        ]
      }
    },
    {
      "type": "Feature",
      "properties": {
        "osm_id": "101464195",
        "code": 8103,
        "fclass": "canal",
        "width": 0,
        "name": "Haarlemmertrekvaart",
        "oneway": "NO",
        "speed_kmh": 6.0
      },
      "geometry": {
        "type": "MultiLineString",
        "coordinates": [
          [
            [
              4.8556419,
              52.3853043
            ],
            [
              4.8569518,
              52.3853289
            ],
            [
              4.861919,
              52.3854048
            ],
            [
              4.8645164,
              52.385432
            ]
          ]
        ]
      }
    },
    {
      "type": "Feature",
      "properties": {
        "osm_id": "101464197",
        "code": 8103,
        "fclass": "canal",
        "width": 0,
        "name": "Haarlemmertrekvaart",
        "oneway": "NO",
        "speed_kmh": 6.0
      },
      "geometry": {
        "type": "MultiLineString",
        "coordinates": [
          [
            [
              4.8518251,
              52.3852177
            ],
            [
              4.8543427,
              52.385273
            ],
            [
              4.8550526,
              52.3852896
            ]
          ]
        ]
      }
    },
    {
      "type": "Feature",
      "properties": {
        "osm_id": "101464731",
        "code": 8103,
        "fclass": "canal",
        "width": 0,
        "name": "Haarlemmertrekvaart",
        "oneway": "NO",
        "speed_kmh": 6.0
      },
      "geometry": {
        "type": "MultiLineString",
        "coordinates": [
          [
            [
              4.8645164,
              52.385432
            ],
            [
              4.8646314,
              52.3854336
            ],
            [
              4.8647037,
              52.3854353
            ]
          ]
        ]
      }
    },
    {
      "type": "Feature",
      "properties": {
        "osm_id": "101464734",
        "code": 8103,
        "fclass": "canal",
        "width": 0,
        "name": "Haarlemmertrekvaart",
        "oneway": "NO",
        "speed_kmh": 6.0
      },
      "geometry": {
        "type": "MultiLineString",
        "coordinates": [
          [
            [
              4.8695585,
              52.3855318
            ],
            [
              4.870293,
              52.3855471
            ],
            [
              4.8718968,
              52.3855802
            ],
            [
              4.874738,
              52.3856297
            ],
            [
              4.8748483,
              52.3856313
            ]
          ]
        ]
      }
    },
    {
      "type": "Feature",
      "properties": {
        "osm_id": "101745421",
        "code": 8104,
        "fclass": "drain",
        "width": 0,
        "name": null,
        "oneway": "NO",
        "speed_kmh": 6.0
      },
      "geometry": {
        "type": "MultiLineString",
        "coordinates": [
          [
            [
              4.8678403,
              52.393561
            ],
            [
              4.8678591,
              52.3935395
            ],
            [
              4.8678841,
              52.3935205
            ],
            [
              4.8679144,
              52.3935046
            ],
            [
              4.8679603,
              52.3934894
            ],
            [
              4.8680109,
              52.3934813
            ],
            [
              4.8681532,
              52.393473
            ],
            [
              4.8684896,
              52.3934796
            ],
            [
              4.8687762,
              52.393509
            ],
            [
              4.8690728,
              52.3935454
            ],
            [
              4.8695292,
              52.3934449
            ],
            [
              4.8696247,
              52.393411
            ],
            [
              4.869734,
              52.3933874
            ],
            [
              4.8720288,
              52.393298
            ],
            [
              4.8721416,
              52.3932901
            ],
            [
              4.8721963,
              52.3932969
            ],
            [
              4.8722393,
              52.393315
            ],
            [
              4.8722942,
              52.3933575
            ],
            [
              4.8723246,
              52.3934005
            ],
            [
              4.8723255,
              52.3934538
            ],
            [
              4.8723166,
              52.3935106
            ],
            [
              4.872293,
              52.3935464
            ],
            [
              4.8722836,
              52.3935599
            ],
            [
              4.8722683,
              52.3935758
            ]
          ]
        ]
      }
    },
    {
      "type": "Feature",
      "properties": {
        "osm_id": "101745426",
        "code": 8104,
        "fclass": "drain",
        "width": 0,
        "name": null,
        "oneway": "NO",
        "speed_kmh": 6.0
      },
      "geometry": {
        "type": "MultiLineString",
        "coordinates": [
          [
            [
              4.8705876,
              52.394061
            ],
            [
              4.8706805,
              52.39412
            ],
            [
              4.8707975,
              52.3941977
            ],
            [
              4.870956,
              52.3943197
            ],
            [
              4.8710937,
              52.3944403
            ],
            [
              4.8712677,
              52.3946144
            ],
            [
              4.8713847,
              52.3947594
            ],
            [
              4.8714464,
              52.3948613
            ],
            [
              4.87147,
              52.3949243
            ],
            [
              4.8714899,
              52.3949921
            ],
            [
              4.8714972,
              52.3950543
            ],
            [
              4.8714762,
              52.3951039
            ],
            [
              4.8714252,
              52.3951557
            ],
            [
              4.871351,
              52.3952118
            ],
            [
              4.8713325,
              52.3952238
            ],
            [
              4.8713096,
              52.3952326
            ],
            [
              4.8712838,
              52.3952376
            ],
            [
              4.8712505,
              52.395238
            ],
            [
              4.8712185,
              52.3952321
            ],
            [
              4.8711912,
              52.3952205
            ],
            [
              4.8708594,
              52.395065
            ],
            [
              4.8693625,
              52.3943565
            ],
            [
              4.8679364,
              52.393684
            ],
            [
              4.8678669,
              52.3936398
            ],
            [
              4.8678419,
              52.3936232
            ],
            [
              4.8678286,
              52.3936022
            ],
            [
              4.8678284,
              52.3935809
            ],
            [
              4.8678403,
              52.393561
            ]
          ]
        ]
      }
    },
    {
      "type": "Feature",
      "properties": {
        "osm_id": "104018792",
        "code": 8103,
        "fclass": "canal",
        "width": 0,
        "name": "Noordhollandsch Kanaal",
        "oneway": "NO",
        "speed_kmh": 6.0
      },
      "geometry": {
        "type": "MultiLineString",
        "coordinates": [
          [
            [
              4.9306539,
              52.4115745
            ],
            [
              4.9301788,
              52.4113783
            ],
            [
              4.9296433,
              52.4109892
            ],
            [
              4.9289037,
              52.4102969
            ],
            [
              4.9284066,
              52.4095101
            ],
            [
              4.9279094,
              52.4091167
            ],
            [
              4.9272779,
              52.4088462
            ],
            [
              4.9255581,
              52.4073381
            ],
            [
              4.9250879,
              52.4066086
            ],
            [
              4.9252058,
              52.4054266
            ]
          ]
        ]
      }
    },
    {
      "type": "Feature",
      "properties": {
        "osm_id": "105277152",
        "code": 8103,
        "fclass": "canal",
        "width": 0,
        "name": "Noordzeekanaal",
        "oneway": "NO",
        "speed_kmh": 6.0
      },
      "geometry": {
        "type": "MultiLineString",
        "coordinates": [
          [
            [
              4.8912431,
              52.3951136
            ],
            [
              4.8855785,
              52.4002188
            ],
            [
              4.8821669,
              52.4025437
            ],
            [
              4.8782343,
              52.4053167
            ],
            [
              4.875956,
              52.406921
            ],
            [
              4.8742912,
              52.4080772
            ],
            [
              4.8727265,
              52.4089732
            ],
            [
              4.8691054,
              52.4111501
            ],
            [
              4.8674411,
              52.4120163
            ],
            [
              4.8653056,
              52.4130496
            ],
            [
              4.8643729,
              52.4135009
            ],
            [
              4.8633238,
              52.4139867
            ],
            [
              4.8615019,
              52.4148496
            ],
            [
              4.8569825,
              52.4158807
            ],
            [
              4.8554189,
              52.4161291
            ],
            [
              4.8521342,
              52.4165986
            ],
            [
              4.8423603,
              52.4178716
            ],
            [
              4.8378487,
              52.4184945
            ],
            [
              4.8233417,
              52.4200012
            ],
            [
              4.8219027,
              52.4201507
            ],
            [
              4.8119109,
              52.4215881
            ],
            [
              4.8091429,
              52.4219761
            ],
            [
              4.8058896,
              52.4224356
            ],
            [
              4.794796,
              52.4240024
            ],
            [
              4.7831898,
              52.4255057
            ],
            [
              4.7803931,
              52.4258741
            ],
            [
              4.7688579,
              52.4273793
            ],
            [
              4.7659693,
              52.4277645
            ],
            [
              4.7516079,
              52.4296422
            ],
            [
              4.7503432,
              52.4297853
            ],
            [
              4.7463126,
              52.4303356
            ],
            [
              4.7372355,
              52.4315246
            ],
            [
              4.7253069,
              52.4330862
            ],
            [
              4.7227418,
              52.4334194
            ],
            [
              4.7211314,
              52.4337379
            ],
            [
              4.7152155,
              52.4351534
            ],
            [
              4.7094341,
              52.4371004
            ],
            [
              4.7072796,
              52.4379195
            ],
            [
              4.6980416,
              52.4429305
            ],
            [
              4.690833,
              52.4468403
            ],
            [
              4.6871646,
              52.4488298
            ],
            [
              4.6761566,
              52.4547994
            ],
            [
              4.6695366,
              52.458389
            ],
            [
              4.6647001,
              52.4605173
            ],
            [
              4.6620658,
              52.4614321
            ],
            [
              4.6601715,
              52.4620784
            ],
            [
              4.6551257,
              52.463013
            ],
            [
              4.6515805,
              52.4633996
            ],
            [
              4.6464424,
              52.4638483
            ],
            [
              4.6371065,
              52.4640473
            ],
            [
              4.6320804,
              52.4641603
            ],
            [
              4.630857,
              52.4643414
            ],
            [
              4.6299458,
              52.4644762
            ],
            [
              4.6274349,
              52.4648478
            ]
          ]
        ]
      }
    },
    {
      "type": "Feature",
      "properties": {
        "osm_id": "112166359",
        "code": 8103,
        "fclass": "canal",
        "width": 0,
        "name": "Postjeswetering",
        "oneway": "NO",
        "speed_kmh": 6.0
      },
      "geometry": {
        "type": "MultiLineString",
        "coordinates": [
          [
            [
              4.8495019,
              52.3633831
            ],
            [
              4.8515555,
              52.3633858
            ],
            [
              4.8528602,
              52.3635404
            ],
            [
              4.852877,
              52.3635417
            ]
          ]
        ]
      }
    },
    {
      "type": "Feature",
      "properties": {
        "osm_id": "112260340",
        "code": 8103,
        "fclass": "canal",
        "width": 0,
        "name": "Lozingskanaal",
        "oneway": "NO",
        "speed_kmh": 6.0
      },
      "geometry": {
        "type": "MultiLineString",
        "coordinates": [
          [
            [
              4.9464037,
              52.3666534
            ],
            [
              4.9474332,
              52.3666641
            ],
            [
              4.9506662,
              52.3666822
            ],
            [
              4.9514575,
              52.3668503
            ],
            [
              4.9517743,
              52.3674186
            ]
          ]
        ]
      }
    },
    {
      "type": "Feature",
      "properties": {
        "osm_id": "112260341",
        "code": 8103,
        "fclass": "canal",
        "width": 0,
        "name": "Entrepotdoksluis",
        "oneway": "NO",
        "speed_kmh": 6.0
      },
      "geometry": {
        "type": "MultiLineString",
        "coordinates": [
          [
            [
              4.9191359,
              52.3678273
            ],
            [
              4.9188499,
              52.3675221
            ]
          ]
        ]
      }
    },
    {
      "type": "Feature",
      "properties": {
        "osm_id": "113157860",
        "code": 8104,
        "fclass": "drain",
        "width": 0,
        "name": null,
        "oneway": "NO",
        "speed_kmh": 6.0
      },
      "geometry": {
        "type": "MultiLineString",
        "coordinates": [
          [
            [
              4.8628556,
              52.3819062
            ],
            [
              4.8627778,
              52.3819128
            ],
            [
              4.8626973,
              52.3819406
            ],
            [
              4.8625954,
              52.3819881
            ],
            [
              4.8625176,
              52.3820732
            ],
            [
              4.8624747,
              52.3821649
            ],
            [
              4.8624528,
              52.3823157
            ],
            [
              4.8623862,
              52.3825054
            ],
            [
              4.8622869,
              52.3827445
            ],
            [
              4.8621843,
              52.3829221
            ],
            [
              4.862112,
              52.3830583
            ],
            [
              4.8619908,
              52.3832596
            ],
            [
              4.8617666,
              52.3835794
            ],
            [
              4.8616834,
              52.3837055
            ],
            [
              4.8614018,
              52.384028
            ],
            [
              4.8613321,
              52.384142
            ],
            [
              4.8612945,
              52.3843063
            ],
            [
              4.8612524,
              52.3844462
            ],
            [
              4.8612289,
              52.3849352
            ]
          ]
        ]
      }
    },
    {
      "type": "Feature",
      "properties": {
        "osm_id": "113157861",
        "code": 8103,
        "fclass": "canal",
        "width": 0,
        "name": null,
        "oneway": "NO",
        "speed_kmh": 6.0
      },
      "geometry": {
        "type": "MultiLineString",
        "coordinates": [
          [
            [
              4.8626974,
              52.3849496
            ],
            [
              4.8627393,
              52.3849088
            ],
            [
              4.862739,
              52.3848556
            ],
            [
              4.8627644,
              52.3846795
            ],
            [
              4.8628073,
              52.3845485
            ],
            [
              4.8628726,
              52.3843578
            ],
            [
              4.8629352,
              52.3841658
            ],
            [
              4.8632337,
              52.3833846
            ],
            [
              4.8632928,
              52.3832749
            ],
            [
              4.8635633,
              52.3827592
            ],
            [
              4.8636062,
              52.3825191
            ],
            [
              4.8636059,
              52.3824649
            ],
            [
              4.8636012,
              52.3824367
            ],
            [
              4.8635958,
              52.3823925
            ],
            [
              4.863569,
              52.3823515
            ],
            [
              4.863105,
              52.3819963
            ],
            [
              4.8630272,
              52.3819504
            ],
            [
              4.8629521,
              52.3819259
            ],
            [
              4.8628556,
              52.3819062
            ]
          ]
        ]
      }
    },
    {
      "type": "Feature",
      "properties": {
        "osm_id": "113157866",
        "code": 8104,
        "fclass": "drain",
        "width": 0,
        "name": null,
        "oneway": "NO",
        "speed_kmh": 6.0
      },
      "geometry": {
        "type": "MultiLineString",
        "coordinates": [
          [
            [
              4.8612289,
              52.3849352
            ],
            [
              4.8615493,
              52.3849443
            ],
            [
              4.8626563,
              52.3849559
            ],
            [
              4.8626974,
              52.3849496
            ]
          ]
        ]
      }
    },
    {
      "type": "Feature",
      "properties": {
        "osm_id": "114270761",
        "code": 8103,
        "fclass": "canal",
        "width": 0,
        "name": "Singelgracht",
        "oneway": "NO",
        "speed_kmh": 6.0
      },
      "geometry": {
        "type": "MultiLineString",
        "coordinates": [
          [
            [
              4.8795473,
              52.3819009
            ],
            [
              4.8796803,
              52.3820404
            ],
            [
              4.8804878,
              52.3823238
            ],
            [
              4.8816827,
              52.3841808
            ]
          ]
        ]
      }
    },
    {
      "type": "Feature",
      "properties": {
        "osm_id": "114270764",
        "code": 8103,
        "fclass": "canal",
        "width": 0,
        "name": "Zoutkeetsgracht",
        "oneway": "NO",
        "speed_kmh": 6.0
      },
      "geometry": {
        "type": "MultiLineString",
        "coordinates": [
          [
            [
              4.8903276,
              52.3883762
            ],
            [
              4.8910443,
              52.3883211
            ]
          ]
        ]
      }
    },
    {
      "type": "Feature",
      "properties": {
        "osm_id": "130003047",
        "code": 8103,
        "fclass": "canal",
        "width": 0,
        "name": null,
        "oneway": "NO",
        "speed_kmh": 6.0
      },
      "geometry": {
        "type": "MultiLineString",
        "coordinates": [
          [
            [
              4.8479999,
              52.3583303
            ],
            [
              4.8479859,
              52.3576449
            ]
          ]
        ]
      }
    },
    {
      "type": "Feature",
      "properties": {
        "osm_id": "130003048",
        "code": 8103,
        "fclass": "canal",
        "width": 0,
        "name": null,
        "oneway": "NO",
        "speed_kmh": 6.0
      },
      "geometry": {
        "type": "MultiLineString",
        "coordinates": [
          [
            [
              4.8479859,
              52.3576449
            ],
            [
              4.8479529,
              52.3574152
            ],
            [
              4.8478856,
              52.3572256
            ]
          ]
        ]
      }
    },
    {
      "type": "Feature",
      "properties": {
        "osm_id": "130751444",
        "code": 8103,
        "fclass": "canal",
        "width": 0,
        "name": "Uilenburgergracht",
        "oneway": "NO",
        "speed_kmh": 6.0
      },
      "geometry": {
        "type": "MultiLineString",
        "coordinates": [
          [
            [
              4.907879,
              52.371159
            ],
            [
              4.9076105,
              52.3707806
            ],
            [
              4.9040461,
              52.3692836
            ],
            [
              4.903715,
              52.3692526
            ]
          ]
        ]
      }
    },
    {
      "type": "Feature",
      "properties": {
        "osm_id": "130751449",
        "code": 8103,
        "fclass": "canal",
        "width": 0,
        "name": null,
        "oneway": "NO",
        "speed_kmh": 6.0
      },
      "geometry": {
        "type": "MultiLineString",
        "coordinates": [
          [
            [
              4.9030683,
              52.3695297
            ],
            [
              4.902826,
              52.3696244
            ]
          ]
        ]
      }
    },
    {
      "type": "Feature",
      "properties": {
        "osm_id": "148455086",
        "code": 8103,
        "fclass": "canal",
        "width": 0,
        "name": "Haarlemmertrekvaart",
        "oneway": "NO",
        "speed_kmh": 6.0
      },
      "geometry": {
        "type": "MultiLineString",
        "coordinates": [
          [
            [
              4.8552406,
              52.3852939
            ],
            [
              4.8555599,
              52.3853028
            ]
          ]
        ]
      }
    },
    {
      "type": "Feature",
      "properties": {
        "osm_id": "167586784",
        "code": 8104,
        "fclass": "drain",
        "width": 0,
        "name": null,
        "oneway": "NO",
        "speed_kmh": 6.0
      },
      "geometry": {
        "type": "MultiLineString",
        "coordinates": [
          [
            [
              4.8646039,
              52.3393756
            ],
            [
              4.8648909,
              52.3393379
            ],
            [
              4.8651677,
              52.3393445
            ],
            [
              4.8654595,
              52.3393674
            ]
          ]
        ]
      }
    },
    {
      "type": "Feature",
      "properties": {
        "osm_id": "167586789",
        "code": 8104,
        "fclass": "drain",
        "width": 0,
        "name": null,
        "oneway": "NO",
        "speed_kmh": 6.0
      },
      "geometry": {
        "type": "MultiLineString",
        "coordinates": [
          [
            [
              4.85969,
              52.3405212
            ],
            [
              4.85912,
              52.3404736
            ],
            [
              4.858557,
              52.3404267
            ],
            [
              4.8579928,
              52.340408
            ]
          ]
        ]
      }
    },
    {
      "type": "Feature",
      "properties": {
        "osm_id": "168966495",
        "code": 8103,
        "fclass": "canal",
        "width": 0,
        "name": "Erasmusgracht",
        "oneway": "NO",
        "speed_kmh": 6.0
      },
      "geometry": {
        "type": "MultiLineString",
        "coordinates": [
          [
            [
              4.8547048,
              52.3765238
            ],
            [
              4.85515,
              52.3766178
            ],
            [
              4.8561021,
              52.3767382
            ]
          ]
        ]
      }
    },
    {
      "type": "Feature",
      "properties": {
        "osm_id": "169414628",
        "code": 8103,
        "fclass": "canal",
        "width": 0,
        "name": "Wittenburgervaart",
        "oneway": "NO",
        "speed_kmh": 6.0
      },
      "geometry": {
        "type": "MultiLineString",
        "coordinates": [
          [
            [
              4.9224083,
              52.3701687
            ],
            [
              4.9216589,
              52.3697012
            ],
            [
              4.9210971,
              52.3695448
            ]
          ]
        ]
      }
    },
    {
      "type": "Feature",
      "properties": {
        "osm_id": "189542662",
        "code": 8104,
        "fclass": "drain",
        "width": 0,
        "name": null,
        "oneway": "NO",
        "speed_kmh": 6.0
      },
      "geometry": {
        "type": "MultiLineString",
        "coordinates": [
          [
            [
              4.9499037,
              52.3553766
            ],
            [
              4.949327,
              52.3557382
            ]
          ]
        ]
      }
    },
    {
      "type": "Feature",
      "properties": {
        "osm_id": "189542707",
        "code": 8104,
        "fclass": "drain",
        "width": 0,
        "name": null,
        "oneway": "NO",
        "speed_kmh": 6.0
      },
      "geometry": {
        "type": "MultiLineString",
        "coordinates": [
          [
            [
              4.9490168,
              52.3559189
            ],
            [
              4.9472041,
              52.3570335
            ]
          ]
        ]
      }
    },
    {
      "type": "Feature",
      "properties": {
        "osm_id": "189542726",
        "code": 8103,
        "fclass": "canal",
        "width": 0,
        "name": null,
        "oneway": "NO",
        "speed_kmh": 6.0
      },
      "geometry": {
        "type": "MultiLineString",
        "coordinates": [
          [
            [
              4.9506005,
              52.3542124
            ],
            [
              4.9505043,
              52.3542383
            ],
            [
              4.9503794,
              52.3542503
            ],
            [
              4.9503088,
              52.3542628
            ],
            [
              4.9502534,
              52.3542845
            ],
            [
              4.9500236,
              52.3544215
            ],
            [
              4.9497015,
              52.3545972
            ],
            [
              4.9484374,
              52.3551145
            ],
            [
              4.9472886,
              52.3556062
            ],
            [
              4.9466966,
              52.3558386
            ],
            [
              4.9456886,
              52.3562726
            ],
            [
              4.9447072,
              52.3566931
            ],
            [
              4.9444476,
              52.3568062
            ],
            [
              4.9442389,
              52.3568769
            ],
            [
              4.9439987,
              52.356939
            ],
            [
              4.9434887,
              52.3570808
            ],
            [
              4.9433343,
              52.3571096
            ],
            [
              4.9429003,
              52.3571339
            ],
            [
              4.941785,
              52.3571677
            ],
            [
              4.9416745,
              52.3571788
            ],
            [
              4.9416559,
              52.3571906
            ],
            [
              4.9416441,
              52.3572053
            ],
            [
              4.9416403,
              52.3572254
            ],
            [
              4.9416176,
              52.3575336
            ],
            [
              4.941629,
              52.357555
            ],
            [
              4.9416489,
              52.3575738
            ],
            [
              4.9416761,
              52.3575889
            ],
            [
              4.9417122,
              52.3575999
            ],
            [
              4.941752,
              52.3576043
            ],
            [
              4.9417921,
              52.3576016
            ],
            [
              4.9435871,
              52.3575267
            ]
          ]
        ]
      }
    },
    {
      "type": "Feature",
      "properties": {
        "osm_id": "195575783",
        "code": 8103,
        "fclass": "canal",
        "width": 0,
        "name": "Stadiongracht",
        "oneway": "NO",
        "speed_kmh": 6.0
      },
      "geometry": {
        "type": "MultiLineString",
        "coordinates": [
          [
            [
              4.8519644,
              52.3433703
            ],
            [
              4.8526758,
              52.3418881
            ],
            [
              4.8528621,
              52.3417819
            ],
            [
              4.8530961,
              52.3417115
            ]
          ]
        ]
      }
    },
    {
      "type": "Feature",
      "properties": {
        "osm_id": "195576804",
        "code": 8103,
        "fclass": "canal",
        "width": 0,
        "name": "Johan van Hasseltkanaal (West)",
        "oneway": "NO",
        "speed_kmh": 6.0
      },
      "geometry": {
        "type": "MultiLineString",
        "coordinates": [
          [
            [
              4.9037225,
              52.3950969
            ],
            [
              4.9087721,
              52.3932007
            ],
            [
              4.9099461,
              52.3927555
            ]
          ]
        ]
      }
    },
    {
      "type": "Feature",
      "properties": {
        "osm_id": "195578656",
        "code": 8103,
        "fclass": "canal",
        "width": 0,
        "name": null,
        "oneway": "NO",
        "speed_kmh": 6.0
      },
      "geometry": {
        "type": "MultiLineString",
        "coordinates": [
          [
            [
              4.8958091,
              52.3980684
            ],
            [
              4.8912431,
              52.3951136
            ]
          ]
        ]
      }
    },
    {
      "type": "Feature",
      "properties": {
        "osm_id": "195578657",
        "code": 8103,
        "fclass": "canal",
        "width": 0,
        "name": "Zijkanaal I",
        "oneway": "NO",
        "speed_kmh": 6.0
      },
      "geometry": {
        "type": "MultiLineString",
        "coordinates": [
          [
            [
              4.8961432,
              52.4159763
            ],
            [
              4.8968236,
              52.4155533
            ],
            [
              4.897855,
              52.4154034
            ],
            [
              4.9022605,
              52.4121425
            ],
            [
              4.905956,
              52.40932
            ],
            [
              4.9065462,
              52.4091229
            ],
            [
              4.9068337,
              52.4088744
            ]
          ]
        ]
      }
    },
    {
      "type": "Feature",
      "properties": {
        "osm_id": "195582876",
        "code": 8101,
        "fclass": "river",
        "width": 0,
        "name": "Amstel",
        "oneway": "NO",
        "speed_kmh": 7.5
      },
      "geometry": {
        "type": "MultiLineString",
        "coordinates": [
          [
            [
              4.900783,
              52.3665108
            ],
            [
              4.9006458,
              52.3666216
            ],
            [
              4.8990834,
              52.3671878
            ],
            [
              4.8984665,
              52.3673285
            ]
          ]
        ]
      }
    },
    {
      "type": "Feature",
      "properties": {
        "osm_id": "195582877",
        "code": 8101,
        "fclass": "river",
        "width": 0,
        "name": "Amstel",
        "oneway": "NO",
        "speed_kmh": 7.5
      },
      "geometry": {
        "type": "MultiLineString",
        "coordinates": [
          [
            [
              4.8958066,
              52.3674415
            ],
            [
              4.8955393,
              52.3674473
            ],
            [
              4.8946846,
              52.367259
            ],
            [
              4.8944932,
              52.3672356
            ],
            [
              4.8943157,
              52.3672441
            ],
            [
              4.8941756,
              52.3672798
            ],
            [
              4.8939945,
              52.3673606
            ]
          ]
        ]
      }
    },
    {
      "type": "Feature",
      "properties": {
        "osm_id": "195582878",
        "code": 8103,
        "fclass": "canal",
        "width": 0,
        "name": "Nieuwe Vaart",
        "oneway": "NO",
        "speed_kmh": 6.0
      },
      "geometry": {
        "type": "MultiLineString",
        "coordinates": [
          [
            [
              4.9458299,
              52.3673444
            ],
            [
              4.9461605,
              52.3673491
            ],
            [
              4.9464356,
              52.3673517
            ]
          ]
        ]
      }
    },
    {
      "type": "Feature",
      "properties": {
        "osm_id": "195582881",
        "code": 8103,
        "fclass": "canal",
        "width": 0,
        "name": "Wittenburgervaart",
        "oneway": "NO",
        "speed_kmh": 6.0
      },
      "geometry": {
        "type": "MultiLineString",
        "coordinates": [
          [
            [
              4.9268857,
              52.3733494
            ],
            [
              4.926886,
              52.3732227
            ],
            [
              4.9268374,
              52.3730264
            ],
            [
              4.9259651,
              52.3723458
            ],
            [
              4.9238155,
              52.3710376
            ],
            [
              4.9235659,
              52.3708907
            ],
            [
              4.9225545,
              52.370261
            ]
          ]
        ]
      }
    },
    {
      "type": "Feature",
      "properties": {
        "osm_id": "195582883",
        "code": 8103,
        "fclass": "canal",
        "width": 0,
        "name": "Zijkanaal K naar Nieuwendam",
        "oneway": "NO",
        "speed_kmh": 6.0
      },
      "geometry": {
        "type": "MultiLineString",
        "coordinates": [
          [
            [
              4.9394635,
              52.3895857
            ],
            [
              4.9386024,
              52.3873961
            ],
            [
              4.9386114,
              52.3871548
            ],
            [
              4.9386882,
              52.3869247
            ],
            [
              4.9388923,
              52.386764
            ],
            [
              4.9391775,
              52.3866208
            ],
            [
              4.9437351,
              52.3857827
            ],
            [
              4.9440588,
              52.38569
            ],
            [
              4.9442329,
              52.3855941
            ],
            [
              4.9443649,
              52.3854376
            ],
            [
              4.9443788,
              52.3852745
            ],
            [
              4.9437447,
              52.3835477
            ],
            [
              4.9433058,
              52.3823525
            ]
          ]
        ]
      }
    },
    {
      "type": "Feature",
      "properties": {
        "osm_id": "195582884",
        "code": 8103,
        "fclass": "canal",
        "width": 17,
        "name": "Oranjesluizen",
        "oneway": "NO",
        "speed_kmh": 6.0
      },
      "geometry": {
        "type": "MultiLineString",
        "coordinates": [
          [
            [
              4.96122,
              52.3813839
            ],
            [
              4.9611238,
              52.3814262
            ],
            [
              4.9611189,
              52.3814284
            ],
            [
              4.9611139,
              52.3814306
            ],
            [
              4.9599903,
              52.3819406
            ]
          ]
        ]
      }
    },
    {
      "type": "Feature",
      "properties": {
        "osm_id": "195582885",
        "code": 8103,
        "fclass": "canal",
        "width": 0,
        "name": "IJhaven",
        "oneway": "NO",
        "speed_kmh": 6.0
      },
      "geometry": {
        "type": "MultiLineString",
        "coordinates": [
          [
            [
              4.9378169,
              52.3754238
            ],
            [
              4.9322765,
              52.3764631
            ],
            [
              4.9293644,
              52.3770117
            ],
            [
              4.9267928,
              52.3774961
            ],
            [
              4.9246075,
              52.3779077
            ]
          ]
        ]
      }
    },
    {
      "type": "Feature",
      "properties": {
        "osm_id": "196842192",
        "code": 8103,
        "fclass": "canal",
        "width": 0,
        "name": "Realengracht",
        "oneway": "NO",
        "speed_kmh": 6.0
      },
      "geometry": {
        "type": "MultiLineString",
        "coordinates": [
          [
            [
              4.8884477,
              52.3869381
            ],
            [
              4.8873419,
              52.3869217
            ]
          ]
        ]
      }
    },
    {
      "type": "Feature",
      "properties": {
        "osm_id": "197463214",
        "code": 8103,
        "fclass": "canal",
        "width": 0,
        "name": "Weersloot",
        "oneway": "NO",
        "speed_kmh": 6.0
      },
      "geometry": {
        "type": "MultiLineString",
        "coordinates": [
          [
            [
              4.968082,
              52.3869064
            ],
            [
              4.9637613,
              52.3858826
            ],
            [
              4.9636449,
              52.385854
            ],
            [
              4.9625597,
              52.385562
            ],
            [
              4.9614326,
              52.3854363
            ],
            [
              4.9609503,
              52.3853135
            ]
          ]
        ]
      }
    },
    {
      "type": "Feature",
      "properties": {
        "osm_id": "201568493",
        "code": 8103,
        "fclass": "canal",
        "width": 0,
        "name": "Korte Prinsengracht",
        "oneway": "Yes",
        "speed_kmh": 6.0
      },
      "geometry": {
        "type": "MultiLineString",
        "coordinates": [
          [
            [
              4.8890387,
              52.3811885
            ],
            [
              4.8884303,
              52.3805184
            ]
          ]
        ]
      }
    },
    {
      "type": "Feature",
      "properties": {
        "osm_id": "201568494",
        "code": 8103,
        "fclass": "canal",
        "width": 0,
        "name": "Korte Prinsengracht",
        "oneway": "Yes",
        "speed_kmh": 6.0
      },
      "geometry": {
        "type": "MultiLineString",
        "coordinates": [
          [
            [
              4.8893839,
              52.3815556
            ],
            [
              4.8893126,
              52.3814763
            ],
            [
              4.8890387,
              52.3811885
            ]
          ]
        ]
      }
    },
    {
      "type": "Feature",
      "properties": {
        "osm_id": "226135726",
        "code": 8104,
        "fclass": "drain",
        "width": 0,
        "name": null,
        "oneway": "NO",
        "speed_kmh": 6.0
      },
      "geometry": {
        "type": "MultiLineString",
        "coordinates": [
          [
            [
              4.8633632,
              52.3876976
            ],
            [
              4.8638212,
              52.3863123
            ],
            [
              4.8634618,
              52.3862255
            ],
            [
              4.8629839,
              52.386116
            ]
          ]
        ]
      }
    },
    {
      "type": "Feature",
      "properties": {
        "osm_id": "226135727",
        "code": 8104,
        "fclass": "drain",
        "width": 0,
        "name": null,
        "oneway": "NO",
        "speed_kmh": 6.0
      },
      "geometry": {
        "type": "MultiLineString",
        "coordinates": [
          [
            [
              4.8629839,
              52.386116
            ],
            [
              4.8625124,
              52.3860162
            ],
            [
              4.8623129,
              52.3859896
            ],
            [
              4.8619306,
              52.385945
            ],
            [
              4.8616833,
              52.3859186
            ],
            [
              4.8612973,
              52.3858847
            ],
            [
              4.8606204,
              52.3858466
            ],
            [
              4.8593238,
              52.3858601
            ],
            [
              4.8590395,
              52.3858729
            ],
            [
              4.8587546,
              52.3858521
            ],
            [
              4.8586446,
              52.3858607
            ],
            [
              4.8579929,
              52.3858627
            ]
          ]
        ]
      }
    },
    {
      "type": "Feature",
      "properties": {
        "osm_id": "250863759",
        "code": 8103,
        "fclass": "canal",
        "width": 0,
        "name": "Cornelis Douweskanaal (Oost)",
        "oneway": "NO",
        "speed_kmh": 6.0
      },
      "geometry": {
        "type": "MultiLineString",
        "coordinates": [
          [
            [
              4.8995349,
              52.4010715
            ],
            [
              4.8972493,
              52.4021079
            ]
          ]
        ]
      }
    },
    {
      "type": "Feature",
      "properties": {
        "osm_id": "260595783",
        "code": 8103,
        "fclass": "canal",
        "width": 0,
        "name": "Amstel",
        "oneway": "NO",
        "speed_kmh": 7.5
      },
      "geometry": {
        "type": "MultiLineString",
        "coordinates": [
          [
            [
              4.9029153,
              52.3619258
            ],
            [
              4.9028869,
              52.3619817
            ],
            [
              4.9026853,
              52.3623782
            ],
            [
              4.902664,
              52.3624231
            ]
          ]
        ]
      }
    },
    {
      "type": "Feature",
      "properties": {
        "osm_id": "260595784",
        "code": 8103,
        "fclass": "canal",
        "width": 0,
        "name": "Amstel",
        "oneway": "NO",
        "speed_kmh": 7.5
      },
      "geometry": {
        "type": "MultiLineString",
        "coordinates": [
          [
            [
              4.9030769,
              52.3619605
            ],
            [
              4.9030545,
              52.3620026
            ],
            [
              4.9028263,
              52.3624598
            ]
          ]
        ]
      }
    },
    {
      "type": "Feature",
      "properties": {
        "osm_id": "260595785",
        "code": 8103,
        "fclass": "canal",
        "width": 0,
        "name": "Amstel",
        "oneway": "NO",
        "speed_kmh": 7.5
      },
      "geometry": {
        "type": "MultiLineString",
        "coordinates": [
          [
            [
              4.9034555,
              52.3620276
            ],
            [
              4.903431,
              52.3620807
            ],
            [
              4.9032303,
              52.3624798
            ],
            [
              4.9032064,
              52.3625284
            ]
          ]
        ]
      }
    },
    {
      "type": "Feature",
      "properties": {
        "osm_id": "281908100",
        "code": 8103,
        "fclass": "canal",
        "width": 0,
        "name": null,
        "oneway": "NO",
        "speed_kmh": 6.0
      },
      "geometry": {
        "type": "MultiLineString",
        "coordinates": [
          [
            [
              4.8595097,
              52.3835908
            ],
            [
              4.8617809,
              52.3823307
            ]
          ]
        ]
      }
    },
    {
      "type": "Feature",
      "properties": {
        "osm_id": "281908101",
        "code": 8103,
        "fclass": "canal",
        "width": 0,
        "name": null,
        "oneway": "NO",
        "speed_kmh": 6.0
      },
      "geometry": {
        "type": "MultiLineString",
        "coordinates": [
          [
            [
              4.8580544,
              52.3830409
            ],
            [
              4.8602389,
              52.381779
            ],
            [
              4.861179,
              52.3812409
            ],
            [
              4.8616708,
              52.3810817
            ],
            [
              4.8625345,
              52.3805574
            ]
          ]
        ]
      }
    },
    {
      "type": "Feature",
      "properties": {
        "osm_id": "284438101",
        "code": 8103,
        "fclass": "canal",
        "width": 0,
        "name": null,
        "oneway": "NO",
        "speed_kmh": 6.0
      },
      "geometry": {
        "type": "MultiLineString",
        "coordinates": [
          [
            [
              4.9388435,
              52.3754544
            ],
            [
              4.9385036,
              52.3754415
            ],
            [
              4.9378169,
              52.3754238
            ]
          ]
        ]
      }
    },
    {
      "type": "Feature",
      "properties": {
        "osm_id": "284441175",
        "code": 8103,
        "fclass": "canal",
        "width": 0,
        "name": null,
        "oneway": "NO",
        "speed_kmh": 6.0
      },
      "geometry": {
        "type": "MultiLineString",
        "coordinates": [
          [
            [
              4.9325622,
              52.3772384
            ],
            [
              4.9322765,
              52.3764631
            ]
          ]
        ]
      }
    },
    {
      "type": "Feature",
      "properties": {
        "osm_id": "284441176",
        "code": 8103,
        "fclass": "canal",
        "width": 0,
        "name": null,
        "oneway": "NO",
        "speed_kmh": 6.0
      },
      "geometry": {
        "type": "MultiLineString",
        "coordinates": [
          [
            [
              4.9296616,
              52.3777629
            ],
            [
              4.9293644,
              52.3770117
            ]
          ]
        ]
      }
    },
    {
      "type": "Feature",
      "properties": {
        "osm_id": "284441177",
        "code": 8103,
        "fclass": "canal",
        "width": 0,
        "name": null,
        "oneway": "NO",
        "speed_kmh": 6.0
      },
      "geometry": {
        "type": "MultiLineString",
        "coordinates": [
          [
            [
              4.927121,
              52.3782002
            ],
            [
              4.9267928,
              52.3774961
            ]
          ]
        ]
      }
    },
    {
      "type": "Feature",
      "properties": {
        "osm_id": "284441178",
        "code": 8103,
        "fclass": "canal",
        "width": 0,
        "name": "IJhaven",
        "oneway": "NO",
        "speed_kmh": 6.0
      },
      "geometry": {
        "type": "MultiLineString",
        "coordinates": [
          [
            [
              4.9246075,
              52.3779077
            ],
            [
              4.9225321,
              52.3780626
            ],
            [
              4.9197306,
              52.3784548
            ]
          ]
        ]
      }
    },
    {
      "type": "Feature",
      "properties": {
        "osm_id": "284441179",
        "code": 8103,
        "fclass": "canal",
        "width": 0,
        "name": null,
        "oneway": "NO",
        "speed_kmh": 6.0
      },
      "geometry": {
        "type": "MultiLineString",
        "coordinates": [
          [
            [
              4.9263374,
              52.3817031
            ],
            [
              4.9255274,
              52.3797802
            ]
          ]
        ]
      }
    },
    {
      "type": "Feature",
      "properties": {
        "osm_id": "284441180",
        "code": 8103,
        "fclass": "canal",
        "width": 0,
        "name": null,
        "oneway": "NO",
        "speed_kmh": 6.0
      },
      "geometry": {
        "type": "MultiLineString",
        "coordinates": [
          [
            [
              4.9289994,
              52.3820798
            ],
            [
              4.9276859,
              52.3794256
            ]
          ]
        ]
      }
    },
    {
      "type": "Feature",
      "properties": {
        "osm_id": "284441181",
        "code": 8103,
        "fclass": "canal",
        "width": 0,
        "name": null,
        "oneway": "NO",
        "speed_kmh": 6.0
      },
      "geometry": {
        "type": "MultiLineString",
        "coordinates": [
          [
            [
              4.9316443,
              52.382454
            ],
            [
              4.9302143,
              52.3789864
            ]
          ]
        ]
      }
    },
    {
      "type": "Feature",
      "properties": {
        "osm_id": "284441182",
        "code": 8103,
        "fclass": "canal",
        "width": 0,
        "name": null,
        "oneway": "NO",
        "speed_kmh": 6.0
      },
      "geometry": {
        "type": "MultiLineString",
        "coordinates": [
          [
            [
              4.9335199,
              52.3827194
            ],
            [
              4.933132,
              52.3784822
            ]
          ]
        ]
      }
    },
    {
      "type": "Feature",
      "properties": {
        "osm_id": "284441397",
        "code": 8103,
        "fclass": "canal",
        "width": 0,
        "name": "Spoorwegbassin",
        "oneway": "NO",
        "speed_kmh": 6.0
      },
      "geometry": {
        "type": "MultiLineString",
        "coordinates": [
          [
            [
              4.942872,
              52.3723304
            ],
            [
              4.9487967,
              52.3729255
            ]
          ]
        ]
      }
    },
    {
      "type": "Feature",
      "properties": {
        "osm_id": "291966474",
        "code": 8103,
        "fclass": "canal",
        "width": 0,
        "name": "Tweede Koelwaterkanaal",
        "oneway": "NO",
        "speed_kmh": 6.0
      },
      "geometry": {
        "type": "MultiLineString",
        "coordinates": [
          [
            [
              4.8429247,
              52.4045551
            ],
            [
              4.842478,
              52.4041826
            ],
            [
              4.8424628,
              52.4041642
            ],
            [
              4.8424565,
              52.4041419
            ],
            [
              4.8424574,
              52.404114
            ],
            [
              4.8424636,
              52.404093
            ],
            [
              4.8424744,
              52.4040728
            ],
            [
              4.8424878,
              52.4040554
            ],
            [
              4.842505,
              52.4040392
            ],
            [
              4.8425301,
              52.4040218
            ],
            [
              4.8425595,
              52.4040071
            ],
            [
              4.842648,
              52.4039646
            ],
            [
              4.8436024,
              52.4035407
            ],
            [
              4.8440128,
              52.4033493
            ],
            [
              4.8442622,
              52.4032118
            ],
            [
              4.8447665,
              52.4029123
            ],
            [
              4.8452681,
              52.4026342
            ],
            [
              4.8464463,
              52.4019592
            ],
            [
              4.8465423,
              52.4019041
            ],
            [
              4.8466572,
              52.4018476
            ],
            [
              4.8475801,
              52.4014346
            ],
            [
              4.8482196,
              52.4011591
            ],
            [
              4.8483467,
              52.4010972
            ],
            [
              4.8484755,
              52.4010247
            ],
            [
              4.8487297,
              52.4008872
            ]
          ]
        ]
      }
    },
    {
      "type": "Feature",
      "properties": {
        "osm_id": "291966479",
        "code": 8103,
        "fclass": "canal",
        "width": 0,
        "name": "Tweede Koelwaterkanaal",
        "oneway": "NO",
        "speed_kmh": 6.0
      },
      "geometry": {
        "type": "MultiLineString",
        "coordinates": [
          [
            [
              4.8487297,
              52.4008872
            ],
            [
              4.8489376,
              52.4007833
            ],
            [
              4.8492414,
              52.4006619
            ],
            [
              4.8496366,
              52.4005174
            ],
            [
              4.8513578,
              52.3997392
            ],
            [
              4.8514348,
              52.3997064
            ],
            [
              4.8514782,
              52.3996923
            ],
            [
              4.851518,
              52.3996842
            ],
            [
              4.8515499,
              52.3996835
            ],
            [
              4.8515775,
              52.3996856
            ],
            [
              4.8516103,
              52.3996895
            ],
            [
              4.851635,
              52.3996953
            ],
            [
              4.8521432,
              52.3998389
            ],
            [
              4.8522446,
              52.3998684
            ],
            [
              4.8523336,
              52.3998946
            ],
            [
              4.8523695,
              52.3999044
            ],
            [
              4.8524078,
              52.39991
            ],
            [
              4.8524471,
              52.3999113
            ],
            [
              4.852489,
              52.3999079
            ],
            [
              4.852529,
              52.3998994
            ],
            [
              4.8525656,
              52.3998864
            ],
            [
              4.8548945,
              52.3988424
            ],
            [
              4.8550152,
              52.3987949
            ],
            [
              4.8551547,
              52.3987523
            ],
            [
              4.8553488,
              52.3987069
            ],
            [
              4.8555119,
              52.39868
            ],
            [
              4.8556885,
              52.3986623
            ],
            [
              4.8558196,
              52.3986558
            ],
            [
              4.8562981,
              52.3986757
            ]
          ]
        ]
      }
    },
    {
      "type": "Feature",
      "properties": {
        "osm_id": "311075222",
        "code": 8103,
        "fclass": "canal",
        "width": 0,
        "name": null,
        "oneway": "NO",
        "speed_kmh": 6.0
      },
      "geometry": {
        "type": "MultiLineString",
        "coordinates": [
          [
            [
              4.9174908,
              52.3704226
            ],
            [
              4.9176716,
              52.3705954
            ],
            [
              4.9177932,
              52.3706686
            ]
          ]
        ]
      }
    },
    {
      "type": "Feature",
      "properties": {
        "osm_id": "311075223",
        "code": 8104,
        "fclass": "drain",
        "width": 0,
        "name": "Parelduiker",
        "oneway": "NO",
        "speed_kmh": 6.0
      },
      "geometry": {
        "type": "MultiLineString",
        "coordinates": [
          [
            [
              4.917227,
              52.3701389
            ],
            [
              4.9174908,
              52.3704226
            ]
          ]
        ]
      }
    },
    {
      "type": "Feature",
      "properties": {
        "osm_id": "311102922",
        "code": 8104,
        "fclass": "drain",
        "width": 0,
        "name": "Ringsloot",
        "oneway": "NO",
        "speed_kmh": 6.0
      },
      "geometry": {
        "type": "MultiLineString",
        "coordinates": [
          [
            [
              4.9253669,
              52.3950709
            ],
            [
              4.9266674,
              52.3947411
            ],
            [
              4.9281832,
              52.3943548
            ],
            [
              4.9287706,
              52.3942091
            ],
            [
              4.930506,
              52.3937917
            ],
            [
              4.932228,
              52.3933727
            ],
            [
              4.9329629,
              52.3931878
            ],
            [
              4.9333612,
              52.3930911
            ],
            [
              4.9337045,
              52.3930183
            ],
            [
              4.9337756,
              52.3930069
            ],
            [
              4.9343684,
              52.3929963
            ],
            [
              4.9352805,
              52.3930563
            ]
          ]
        ]
      }
    },
    {
      "type": "Feature",
      "properties": {
        "osm_id": "311102924",
        "code": 8103,
        "fclass": "canal",
        "width": 0,
        "name": "Ringsloot",
        "oneway": "NO",
        "speed_kmh": 6.0
      },
      "geometry": {
        "type": "MultiLineString",
        "coordinates": [
          [
            [
              4.9352805,
              52.3930563
            ],
            [
              4.935578,
              52.3931747
            ],
            [
              4.9364632,
              52.3934578
            ],
            [
              4.9370138,
              52.3936519
            ],
            [
              4.9370989,
              52.3936804
            ],
            [
              4.938043,
              52.3940127
            ],
            [
              4.9394726,
              52.3945168
            ],
            [
              4.9398876,
              52.394664
            ],
            [
              4.9400945,
              52.394705
            ]
          ]
        ]
      }
    },
    {
      "type": "Feature",
      "properties": {
        "osm_id": "311102925",
        "code": 8103,
        "fclass": "canal",
        "width": 0,
        "name": "Pereboomsloot",
        "oneway": "NO",
        "speed_kmh": 6.0
      },
      "geometry": {
        "type": "MultiLineString",
        "coordinates": [
          [
            [
              4.9352696,
              52.3911499
            ],
            [
              4.936895,
              52.3909731
            ],
            [
              4.9386414,
              52.390716
            ]
          ]
        ]
      }
    },
    {
      "type": "Feature",
      "properties": {
        "osm_id": "311102927",
        "code": 8104,
        "fclass": "drain",
        "width": 0,
        "name": "Ringsloot",
        "oneway": "NO",
        "speed_kmh": 6.0
      },
      "geometry": {
        "type": "MultiLineString",
        "coordinates": [
          [
            [
              4.9400945,
              52.394705
            ],
            [
              4.9402531,
              52.3946821
            ],
            [
              4.9409425,
              52.3944693
            ],
            [
              4.9422058,
              52.3940929
            ],
            [
              4.9426376,
              52.3939636
            ],
            [
              4.9428951,
              52.3938867
            ],
            [
              4.944196,
              52.3934922
            ]
          ]
        ]
      }
    },
    {
      "type": "Feature",
      "properties": {
        "osm_id": "311107649",
        "code": 8104,
        "fclass": "drain",
        "width": 0,
        "name": null,
        "oneway": "NO",
        "speed_kmh": 6.0
      },
      "geometry": {
        "type": "MultiLineString",
        "coordinates": [
          [
            [
              4.9131605,
              52.4097549
            ],
            [
              4.91191,
              52.4087145
            ],
            [
              4.9112107,
              52.4081492
            ],
            [
              4.9110077,
              52.4079918
            ],
            [
              4.9098542,
              52.4070115
            ],
            [
              4.9087116,
              52.4060722
            ],
            [
              4.9081376,
              52.4056435
            ],
            [
              4.9071667,
              52.4053555
            ],
            [
              4.9062894,
              52.4048959
            ],
            [
              4.9061302,
              52.404812
            ],
            [
              4.9051201,
              52.4042984
            ],
            [
              4.9049033,
              52.4041314
            ],
            [
              4.904699,
              52.4039351
            ],
            [
              4.904699,
              52.4036766
            ],
            [
              4.9049458,
              52.4034606
            ],
            [
              4.905552,
              52.4032053
            ],
            [
              4.9070648,
              52.4026129
            ],
            [
              4.9072751,
              52.4025686
            ],
            [
              4.9074671,
              52.4025507
            ],
            [
              4.9085292,
              52.4027537
            ],
            [
              4.9091354,
              52.4029795
            ],
            [
              4.9094305,
              52.403022
            ],
            [
              4.9098435,
              52.4029369
            ],
            [
              4.9100853,
              52.4028435
            ],
            [
              4.9110988,
              52.4024755
            ],
            [
              4.9122951,
              52.4021547
            ],
            [
              4.9148324,
              52.4014609
            ],
            [
              4.9155727,
              52.4013496
            ],
            [
              4.916018,
              52.4012874
            ],
            [
              4.9169031,
              52.401127
            ],
            [
              4.9171981,
              52.401091
            ],
            [
              4.9179706,
              52.4008783
            ],
            [
              4.9187907,
              52.4006704
            ],
            [
              4.9193318,
              52.4005367
            ],
            [
              4.9195052,
              52.4004938
            ],
            [
              4.9200469,
              52.4003271
            ],
            [
              4.9200556,
              52.4003238
            ],
            [
              4.9214386,
              52.3997928
            ],
            [
              4.9215216,
              52.3997328
            ],
            [
              4.921539,
              52.3997202
            ],
            [
              4.9217795,
              52.3994538
            ]
          ]
        ]
      }
    },
    {
      "type": "Feature",
      "properties": {
        "osm_id": "312928038",
        "code": 8104,
        "fclass": "drain",
        "width": 0,
        "name": "Bijleveldschesluis",
        "oneway": "NO",
        "speed_kmh": 6.0
      },
      "geometry": {
        "type": "MultiLineString",
        "coordinates": [
          [
            [
              4.8996105,
              52.3720712
            ],
            [
              4.8999984,
              52.3724621
            ],
            [
              4.9006458,
              52.3726693
            ],
            [
              4.9009414,
              52.3731975
            ],
            [
              4.9009472,
              52.373207
            ]
          ]
        ]
      }
    },
    {
      "type": "Feature",
      "properties": {
        "osm_id": "313614909",
        "code": 8103,
        "fclass": "canal",
        "width": 0,
        "name": "Oudezijds Kolk",
        "oneway": "NO",
        "speed_kmh": 6.0
      },
      "geometry": {
        "type": "MultiLineString",
        "coordinates": [
          [
            [
              4.9004451,
              52.3757192
            ],
            [
              4.9004886,
              52.3757436
            ],
            [
              4.9005571,
              52.3757831
            ],
            [
              4.9007767,
              52.3759049
            ],
            [
              4.9008173,
              52.3759272
            ]
          ]
        ]
      }
    },
    {
      "type": "Feature",
      "properties": {
        "osm_id": "330484385",
        "code": 8103,
        "fclass": "canal",
        "width": 0,
        "name": "Stadionsluis",
        "oneway": "NO",
        "speed_kmh": 6.0
      },
      "geometry": {
        "type": "MultiLineString",
        "coordinates": [
          [
            [
              4.8551774,
              52.3419721
            ],
            [
              4.8552355,
              52.3419795
            ]
          ]
        ]
      }
    },
    {
      "type": "Feature",
      "properties": {
        "osm_id": "358632918",
        "code": 8103,
        "fclass": "canal",
        "width": 0,
        "name": null,
        "oneway": "NO",
        "speed_kmh": 6.0
      },
      "geometry": {
        "type": "MultiLineString",
        "coordinates": [
          [
            [
              4.8695714,
              52.4048851
            ],
            [
              4.8687458,
              52.4065622
            ],
            [
              4.8667931,
              52.407989
            ]
          ]
        ]
      }
    },
    {
      "type": "Feature",
      "properties": {
        "osm_id": "360632514",
        "code": 8103,
        "fclass": "canal",
        "width": 0,
        "name": "Noordhollandsch Kanaal",
        "oneway": "NO",
        "speed_kmh": 6.0
      },
      "geometry": {
        "type": "MultiLineString",
        "coordinates": [
          [
            [
              4.9083823,
              52.3841617
            ],
            [
              4.9076042,
              52.3838117
            ]
          ]
        ]
      }
    },
    {
      "type": "Feature",
      "properties": {
        "osm_id": "360632516",
        "code": 8103,
        "fclass": "canal",
        "width": 0,
        "name": "Noordhollandsch Kanaal",
        "oneway": "NO",
        "speed_kmh": 6.0
      },
      "geometry": {
        "type": "MultiLineString",
        "coordinates": [
          [
            [
              4.9076042,
              52.3838117
            ],
            [
              4.9054463,
              52.3827953
            ],
            [
              4.9036391,
              52.3818931
            ],
            [
              4.9023006,
              52.3811548
            ]
          ]
        ]
      }
    },
    {
      "type": "Feature",
      "properties": {
        "osm_id": "360632518",
        "code": 8103,
        "fclass": "canal",
        "width": 0,
        "name": "Westertoegang",
        "oneway": "NO",
        "speed_kmh": 6.0
      },
      "geometry": {
        "type": "MultiLineString",
        "coordinates": [
          [
            [
              4.8972633,
              52.3815808
            ],
            [
              4.8969841,
              52.3814674
            ],
            [
              4.8965556,
              52.3810773
            ],
            [
              4.8963137,
              52.3808242
            ],
            [
              4.8956687,
              52.3801569
            ],
            [
              4.8954305,
              52.3798326
            ]
          ]
        ]
      }
    },
    {
      "type": "Feature",
      "properties": {
        "osm_id": "360632522",
        "code": 8103,
        "fclass": "canal",
        "width": 0,
        "name": "Buiksloterkanaal",
        "oneway": "NO",
        "speed_kmh": 6.0
      },
      "geometry": {
        "type": "MultiLineString",
        "coordinates": [
          [
            [
              4.9069135,
              52.3917105
            ],
            [
              4.9063288,
              52.3911343
            ],
            [
              4.906019,
              52.3905961
            ],
            [
              4.905873,
              52.3902294
            ],
            [
              4.9058301,
              52.3896375
            ],
            [
              4.9059943,
              52.3889715
            ]
          ]
        ]
      }
    },
    {
      "type": "Feature",
      "properties": {
        "osm_id": "360632524",
        "code": 8103,
        "fclass": "canal",
        "width": 0,
        "name": "IJ",
        "oneway": "NO",
        "speed_kmh": 6.0
      },
      "geometry": {
        "type": "MultiLineString",
        "coordinates": [
          [
            [
              4.913152,
              52.3800287
            ],
            [
              4.9101605,
              52.379712
            ],
            [
              4.9087552,
              52.3796071
            ],
            [
              4.9064916,
              52.3798221
            ],
            [
              4.9057217,
              52.3798952
            ],
            [
              4.9045965,
              52.3800021
            ],
            [
              4.9023006,
              52.3811548
            ],
            [
              4.9003798,
              52.3821335
            ],
            [
              4.8990068,
              52.382833
            ],
            [
              4.8980796,
              52.3833054
            ],
            [
              4.897336,
              52.384411
            ],
            [
              4.8954841,
              52.3882325
            ],
            [
              4.8945526,
              52.3898735
            ]
          ]
        ]
      }
    },
    {
      "type": "Feature",
      "properties": {
        "osm_id": "360632526",
        "code": 8103,
        "fclass": "canal",
        "width": 0,
        "name": "Westerdoksluis",
        "oneway": "NO",
        "speed_kmh": 6.0
      },
      "geometry": {
        "type": "MultiLineString",
        "coordinates": [
          [
            [
              4.8945953,
              52.383268
            ],
            [
              4.8980796,
              52.3833054
            ]
          ]
        ]
      }
    },
    {
      "type": "Feature",
      "properties": {
        "osm_id": "360990190",
        "code": 8103,
        "fclass": "canal",
        "width": 0,
        "name": "Open Havenfront",
        "oneway": "NO",
        "speed_kmh": 6.0
      },
      "geometry": {
        "type": "MultiLineString",
        "coordinates": [
          [
            [
              4.8988777,
              52.3769698
            ],
            [
              4.8989845,
              52.3770386
            ]
          ]
        ]
      }
    },
    {
      "type": "Feature",
      "properties": {
        "osm_id": "373667080",
        "code": 8103,
        "fclass": "canal",
        "width": 0,
        "name": null,
        "oneway": "NO",
        "speed_kmh": 6.0
      },
      "geometry": {
        "type": "MultiLineString",
        "coordinates": [
          [
            [
              4.9341207,
              52.3687296
            ],
            [
              4.9341208,
              52.3685478
            ]
          ]
        ]
      }
    },
    {
      "type": "Feature",
      "properties": {
        "osm_id": "375910066",
        "code": 8103,
        "fclass": "canal",
        "width": 0,
        "name": null,
        "oneway": "NO",
        "speed_kmh": 6.0
      },
      "geometry": {
        "type": "MultiLineString",
        "coordinates": [
          [
            [
              4.9599903,
              52.3819406
            ],
            [
              4.9599849,
              52.3819429
            ],
            [
              4.9599805,
              52.3819448
            ],
            [
              4.9596313,
              52.3820962
            ],
            [
              4.9564875,
              52.383027
            ]
          ]
        ]
      }
    },
    {
      "type": "Feature",
      "properties": {
        "osm_id": "375910067",
        "code": 8103,
        "fclass": "canal",
        "width": 0,
        "name": null,
        "oneway": "NO",
        "speed_kmh": 6.0
      },
      "geometry": {
        "type": "MultiLineString",
        "coordinates": [
          [
            [
              4.9599414,
              52.3817107
            ],
            [
              4.9599368,
              52.3817128
            ],
            [
              4.9599317,
              52.3817151
            ],
            [
              4.959492,
              52.3819118
            ],
            [
              4.9580067,
              52.3824517
            ],
            [
              4.9564875,
              52.383027
            ]
          ]
        ]
      }
    },
    {
      "type": "Feature",
      "properties": {
        "osm_id": "375910070",
        "code": 8103,
        "fclass": "canal",
        "width": 13,
        "name": null,
        "oneway": "NO",
        "speed_kmh": 6.0
      },
      "geometry": {
        "type": "MultiLineString",
        "coordinates": [
          [
            [
              4.9608762,
              52.3812856
            ],
            [
              4.9608016,
              52.3813197
            ],
            [
              4.9607966,
              52.381322
            ],
            [
              4.9607925,
              52.3813238
            ],
            [
              4.9599414,
              52.3817107
            ]
          ]
        ]
      }
    },
    {
      "type": "Feature",
      "properties": {
        "osm_id": "375910071",
        "code": 8103,
        "fclass": "canal",
        "width": 0,
        "name": null,
        "oneway": "NO",
        "speed_kmh": 6.0
      },
      "geometry": {
        "type": "MultiLineString",
        "coordinates": [
          [
            [
              4.9634337,
              52.3802576
            ],
            [
              4.9608878,
              52.3812808
            ],
            [
              4.9608828,
              52.3812829
            ],
            [
              4.9608762,
              52.3812856
            ]
          ]
        ]
      }
    },
    {
      "type": "Feature",
      "properties": {
        "osm_id": "375910073",
        "code": 8103,
        "fclass": "canal",
        "width": 0,
        "name": null,
        "oneway": "NO",
        "speed_kmh": 6.0
      },
      "geometry": {
        "type": "MultiLineString",
        "coordinates": [
          [
            [
              4.9603395,
              52.3820388
            ],
            [
              4.9603347,
              52.3820409
            ],
            [
              4.9603302,
              52.3820429
            ],
            [
              4.9599071,
              52.3822306
            ],
            [
              4.958755,
              52.3825598
            ],
            [
              4.9564875,
              52.383027
            ]
          ]
        ]
      }
    },
    {
      "type": "Feature",
      "properties": {
        "osm_id": "388339524",
        "code": 8103,
        "fclass": "canal",
        "width": 0,
        "name": null,
        "oneway": "NO",
        "speed_kmh": 6.0
      },
      "geometry": {
        "type": "MultiLineString",
        "coordinates": [
          [
            [
              4.9204457,
              52.3690139
            ],
            [
              4.9201623,
              52.3688147
            ]
          ]
        ]
      }
    },
    {
      "type": "Feature",
      "properties": {
        "osm_id": "388339525",
        "code": 8103,
        "fclass": "canal",
        "width": 0,
        "name": null,
        "oneway": "NO",
        "speed_kmh": 6.0
      },
      "geometry": {
        "type": "MultiLineString",
        "coordinates": [
          [
            [
              4.9170214,
              52.3699066
            ],
            [
              4.917227,
              52.3701389
            ]
          ]
        ]
      }
    },
    {
      "type": "Feature",
      "properties": {
        "osm_id": "388339526",
        "code": 8103,
        "fclass": "canal",
        "width": 0,
        "name": "Nieuwe Vaart",
        "oneway": "NO",
        "speed_kmh": 6.0
      },
      "geometry": {
        "type": "MultiLineString",
        "coordinates": [
          [
            [
              4.9151432,
              52.3705719
            ],
            [
              4.9170214,
              52.3699066
            ],
            [
              4.9185164,
              52.3694843
            ],
            [
              4.9188825,
              52.369357
            ]
          ]
        ]
      }
    },
    {
      "type": "Feature",
      "properties": {
        "osm_id": "388339527",
        "code": 8103,
        "fclass": "canal",
        "width": 2,
        "name": "Oesjesduiker",
        "oneway": "NO",
        "speed_kmh": 6.0
      },
      "geometry": {
        "type": "MultiLineString",
        "coordinates": [
          [
            [
              4.920782,
              52.3693643
            ],
            [
              4.9204457,
              52.3690139
            ]
          ]
        ]
      }
    },
    {
      "type": "Feature",
      "properties": {
        "osm_id": "404425485",
        "code": 8103,
        "fclass": "canal",
        "width": 0,
        "name": "Jan van Riebeeckhaven",
        "oneway": "NO",
        "speed_kmh": 6.0
      },
      "geometry": {
        "type": "MultiLineString",
        "coordinates": [
          [
            [
              4.8503686,
              52.4066134
            ],
            [
              4.8461947,
              52.4085774
            ],
            [
              4.8458401,
              52.4087442
            ],
            [
              4.8448303,
              52.4109427
            ],
            [
              4.8432462,
              52.414054
            ],
            [
              4.8424024,
              52.4159423
            ]
          ]
        ]
      }
    },
    {
      "type": "Feature",
      "properties": {
        "osm_id": "404425491",
        "code": 8103,
        "fclass": "canal",
        "width": 0,
        "name": "Zouthaven",
        "oneway": "NO",
        "speed_kmh": 6.0
      },
      "geometry": {
        "type": "MultiLineString",
        "coordinates": [
          [
            [
              4.9141529,
              52.3775706
            ],
            [
              4.9120719,
              52.3777956
            ],
            [
              4.9111634,
              52.3783159
            ],
            [
              4.9106169,
              52.3783535
            ]
          ]
        ]
      }
    },
    {
      "type": "Feature",
      "properties": {
        "osm_id": "412736287",
        "code": 8103,
        "fclass": "canal",
        "width": 0,
        "name": null,
        "oneway": "NO",
        "speed_kmh": 6.0
      },
      "geometry": {
        "type": "MultiLineString",
        "coordinates": [
          [
            [
              4.9634337,
              52.3802576
            ],
            [
              4.9622442,
              52.3811216
            ],
            [
              4.961287,
              52.3816076
            ],
            [
              4.9612754,
              52.3816129
            ]
          ]
        ]
      }
    },
    {
      "type": "Feature",
      "properties": {
        "osm_id": "412736288",
        "code": 8103,
        "fclass": "canal",
        "width": 13,
        "name": null,
        "oneway": "NO",
        "speed_kmh": 6.0
      },
      "geometry": {
        "type": "MultiLineString",
        "coordinates": [
          [
            [
              4.9612754,
              52.3816129
            ],
            [
              4.9611985,
              52.3816478
            ],
            [
              4.961193,
              52.3816503
            ],
            [
              4.9611885,
              52.3816524
            ],
            [
              4.9603395,
              52.3820388
            ]
          ]
        ]
      }
    },
    {
      "type": "Feature",
      "properties": {
        "osm_id": "418274783",
        "code": 8103,
        "fclass": "canal",
        "width": 0,
        "name": "Houtveemkanaal",
        "oneway": "NO",
        "speed_kmh": 6.0
      },
      "geometry": {
        "type": "MultiLineString",
        "coordinates": [
          [
            [
              4.8697329,
              52.3976205
            ],
            [
              4.8687768,
              52.3993583
            ],
            [
              4.8680846,
              52.4006165
            ]
          ]
        ]
      }
    },
    {
      "type": "Feature",
      "properties": {
        "osm_id": "418274784",
        "code": 8103,
        "fclass": "canal",
        "width": 0,
        "name": "Mercuriushaven",
        "oneway": "NO",
        "speed_kmh": 6.0
      },
      "geometry": {
        "type": "MultiLineString",
        "coordinates": [
          [
            [
              4.8634136,
              52.3983341
            ],
            [
              4.8645329,
              52.3992059
            ],
            [
              4.8680846,
              52.4006165
            ],
            [
              4.8698929,
              52.4015851
            ],
            [
              4.871991,
              52.4027089
            ],
            [
              4.8753415,
              52.4040658
            ],
            [
              4.8782343,
              52.4053167
            ]
          ]
        ]
      }
    },
    {
      "type": "Feature",
      "properties": {
        "osm_id": "418274785",
        "code": 8103,
        "fclass": "canal",
        "width": 0,
        "name": "Minervahaven",
        "oneway": "NO",
        "speed_kmh": 6.0
      },
      "geometry": {
        "type": "MultiLineString",
        "coordinates": [
          [
            [
              4.8744106,
              52.3981311
            ],
            [
              4.871991,
              52.4027089
            ]
          ]
        ]
      }
    },
    {
      "type": "Feature",
      "properties": {
        "osm_id": "418274786",
        "code": 8103,
        "fclass": "canal",
        "width": 0,
        "name": "Neptunushaven",
        "oneway": "NO",
        "speed_kmh": 6.0
      },
      "geometry": {
        "type": "MultiLineString",
        "coordinates": [
          [
            [
              4.8562981,
              52.3986757
            ],
            [
              4.8593581,
              52.3973652
            ],
            [
              4.8600018,
              52.3972539
            ]
          ]
        ]
      }
    },
    {
      "type": "Feature",
      "properties": {
        "osm_id": "418274787",
        "code": 8103,
        "fclass": "canal",
        "width": 0,
        "name": "Vlothaven",
        "oneway": "NO",
        "speed_kmh": 6.0
      },
      "geometry": {
        "type": "MultiLineString",
        "coordinates": [
          [
            [
              4.8559669,
              52.4031295
            ],
            [
              4.8645329,
              52.3992059
            ]
          ]
        ]
      }
    },
    {
      "type": "Feature",
      "properties": {
        "osm_id": "440678818",
        "code": 8103,
        "fclass": "canal",
        "width": 0,
        "name": null,
        "oneway": "NO",
        "speed_kmh": 6.0
      },
      "geometry": {
        "type": "MultiLineString",
        "coordinates": [
          [
            [
              4.9384147,
              52.391148
            ],
            [
              4.9383637,
              52.3912923
            ]
          ]
        ]
      }
    },
    {
      "type": "Feature",
      "properties": {
        "osm_id": "441358036",
        "code": 8104,
        "fclass": "drain",
        "width": 0,
        "name": null,
        "oneway": "NO",
        "speed_kmh": 6.0
      },
      "geometry": {
        "type": "MultiLineString",
        "coordinates": [
          [
            [
              4.858017,
              52.3404293
            ],
            [
              4.8579928,
              52.340408
            ],
            [
              4.8579639,
              52.3403891
            ],
            [
              4.8579549,
              52.340065
            ],
            [
              4.8579541,
              52.3398335
            ],
            [
              4.857966,
              52.3397536
            ]
          ]
        ]
      }
    },
    {
      "type": "Feature",
      "properties": {
        "osm_id": "450660130",
        "code": 8103,
        "fclass": "canal",
        "width": 0,
        "name": "Entrepothaven",
        "oneway": "NO",
        "speed_kmh": 6.0
      },
      "geometry": {
        "type": "MultiLineString",
        "coordinates": [
          [
            [
              4.9545326,
              52.3735919
            ],
            [
              4.9528007,
              52.3720498
            ],
            [
              4.9523619,
              52.3713007
            ],
            [
              4.9521962,
              52.3711234
            ],
            [
              4.9519662,
              52.3709855
            ],
            [
              4.9516901,
              52.3708996
            ],
            [
              4.9513819,
              52.3708464
            ],
            [
              4.9479517,
              52.3705392
            ],
            [
              4.9445361,
              52.3704187
            ],
            [
              4.9402279,
              52.369905
            ],
            [
              4.9387209,
              52.3699033
            ]
          ]
        ]
      }
    },
    {
      "type": "Feature",
      "properties": {
        "osm_id": "452147517",
        "code": 8103,
        "fclass": "canal",
        "width": 0,
        "name": null,
        "oneway": "NO",
        "speed_kmh": 6.0
      },
      "geometry": {
        "type": "MultiLineString",
        "coordinates": [
          [
            [
              4.9033318,
              52.3769695
            ],
            [
              4.9030754,
              52.3767437
            ],
            [
              4.9030451,
              52.3765962
            ]
          ]
        ]
      }
    },
    {
      "type": "Feature",
      "properties": {
        "osm_id": "452544837",
        "code": 8103,
        "fclass": "canal",
        "width": 0,
        "name": "Marssloot",
        "oneway": "NO",
        "speed_kmh": 6.0
      },
      "geometry": {
        "type": "MultiLineString",
        "coordinates": [
          [
            [
              4.9306539,
              52.4115745
            ],
            [
              4.9304506,
              52.4117887
            ],
            [
              4.9302754,
              52.4119501
            ],
            [
              4.9291704,
              52.4125129
            ],
            [
              4.9256835,
              52.4140998
            ],
            [
              4.9242995,
              52.4146888
            ],
            [
              4.9216548,
              52.4159158
            ],
            [
              4.9202805,
              52.4164987
            ],
            [
              4.919788,
              52.4167076
            ],
            [
              4.9156628,
              52.4184809
            ],
            [
              4.9143822,
              52.4186165
            ]
          ]
        ]
      }
    },
    {
      "type": "Feature",
      "properties": {
        "osm_id": "453767034",
        "code": 8103,
        "fclass": "canal",
        "width": 0,
        "name": "Tolhuiskanaal",
        "oneway": "NO",
        "speed_kmh": 6.0
      },
      "geometry": {
        "type": "MultiLineString",
        "coordinates": [
          [
            [
              4.9030026,
              52.3886092
            ],
            [
              4.9019322,
              52.3907604
            ],
            [
              4.9017865,
              52.3910506
            ],
            [
              4.9006821,
              52.3930443
            ],
            [
              4.8980373,
              52.3941254
            ]
          ]
        ]
      }
    },
    {
      "type": "Feature",
      "properties": {
        "osm_id": "464939154",
        "code": 8103,
        "fclass": "canal",
        "width": 24,
        "name": "Prins Willem-Alexandersluis",
        "oneway": "NO",
        "speed_kmh": 6.0
      },
      "geometry": {
        "type": "MultiLineString",
        "coordinates": [
          [
            [
              4.961547,
              52.3795288
            ],
            [
              4.9587561,
              52.38027
            ]
          ]
        ]
      }
    },
    {
      "type": "Feature",
      "properties": {
        "osm_id": "464939156",
        "code": 8103,
        "fclass": "canal",
        "width": 0,
        "name": "Buiten-IJ",
        "oneway": "NO",
        "speed_kmh": 6.0
      },
      "geometry": {
        "type": "MultiLineString",
        "coordinates": [
          [
            [
              4.9634118,
              52.3792181
            ],
            [
              4.9664309,
              52.3783001
            ]
          ]
        ]
      }
    },
    {
      "type": "Feature",
      "properties": {
        "osm_id": "470722991",
        "code": 8104,
        "fclass": "drain",
        "width": 0,
        "name": null,
        "oneway": "NO",
        "speed_kmh": 6.0
      },
      "geometry": {
        "type": "MultiLineString",
        "coordinates": [
          [
            [
              4.9104047,
              52.409517
            ],
            [
              4.9116115,
              52.4088728
            ],
            [
              4.91191,
              52.4087145
            ]
          ]
        ]
      }
    },
    {
      "type": "Feature",
      "properties": {
        "osm_id": "470730614",
        "code": 8103,
        "fclass": "canal",
        "width": 0,
        "name": "Pieter Weerssloot",
        "oneway": "NO",
        "speed_kmh": 6.0
      },
      "geometry": {
        "type": "MultiLineString",
        "coordinates": [
          [
            [
              4.915939,
              52.4202937
            ],
            [
              4.9177169,
              52.4199786
            ],
            [
              4.9188112,
              52.4197627
            ],
            [
              4.9212467,
              52.4192131
            ],
            [
              4.9221479,
              52.4190102
            ],
            [
              4.9233066,
              52.4187289
            ],
            [
              4.9241113,
              52.4185064
            ],
            [
              4.9244975,
              52.4184279
            ],
            [
              4.924873,
              52.4184344
            ],
            [
              4.9254095,
              52.4182839
            ],
            [
              4.9256348,
              52.4181727
            ],
            [
              4.9258923,
              52.4180876
            ],
            [
              4.9265038,
              52.4179502
            ],
            [
              4.9290144,
              52.4171846
            ],
            [
              4.9299048,
              52.4169098
            ],
            [
              4.930216,
              52.4168312
            ],
            [
              4.9309455,
              52.41672
            ],
            [
              4.9322008,
              52.4164452
            ],
            [
              4.9327694,
              52.4163666
            ],
            [
              4.9342822,
              52.4160067
            ],
            [
              4.9349152,
              52.4158301
            ],
            [
              4.9360847,
              52.4155945
            ],
            [
              4.9372326,
              52.4152935
            ],
            [
              4.9383163,
              52.4149728
            ],
            [
              4.9390414,
              52.4148131
            ],
            [
              4.9400651,
              52.4144493
            ],
            [
              4.9405264,
              52.4142595
            ],
            [
              4.9407654,
              52.4141149
            ],
            [
              4.9409019,
              52.4140959
            ],
            [
              4.9417009,
              52.4142472
            ],
            [
              4.941818,
              52.4142435
            ],
            [
              4.9419012,
              52.4142096
            ],
            [
              4.9422193,
              52.4137536
            ]
          ]
        ]
      }
    },
    {
      "type": "Feature",
      "properties": {
        "osm_id": "477918538",
        "code": 8104,
        "fclass": "drain",
        "width": 0,
        "name": null,
        "oneway": "NO",
        "speed_kmh": 6.0
      },
      "geometry": {
        "type": "MultiLineString",
        "coordinates": [
          [
            [
              4.9293158,
              52.3902477
            ],
            [
              4.9296326,
              52.390223
            ],
            [
              4.9298672,
              52.3902047
            ],
            [
              4.9301394,
              52.3901571
            ],
            [
              4.9305036,
              52.3900942
            ],
            [
              4.9308204,
              52.390052
            ],
            [
              4.9313725,
              52.3899705
            ],
            [
              4.9317934,
              52.3898652
            ],
            [
              4.9320588,
              52.3898235
            ]
          ]
        ]
      }
    },
    {
      "type": "Feature",
      "properties": {
        "osm_id": "477918539",
        "code": 8104,
        "fclass": "drain",
        "width": 0,
        "name": null,
        "oneway": "NO",
        "speed_kmh": 6.0
      },
      "geometry": {
        "type": "MultiLineString",
        "coordinates": [
          [
            [
              4.9320588,
              52.3898235
            ],
            [
              4.9322992,
              52.3897916
            ],
            [
              4.9329375,
              52.3896934
            ],
            [
              4.9331605,
              52.389685
            ],
            [
              4.9333796,
              52.3896199
            ]
          ]
        ]
      }
    },
    {
      "type": "Feature",
      "properties": {
        "osm_id": "479495084",
        "code": 8103,
        "fclass": "canal",
        "width": 0,
        "name": "Keizersgracht",
        "oneway": "NO",
        "speed_kmh": 6.0
      },
      "geometry": {
        "type": "MultiLineString",
        "coordinates": [
          [
            [
              4.8863022,
              52.3660427
            ],
            [
              4.8848515,
              52.3668992
            ],
            [
              4.8847788,
              52.3669612
            ]
          ]
        ]
      }
    },
    {
      "type": "Feature",
      "properties": {
        "osm_id": "479495086",
        "code": 8103,
        "fclass": "canal",
        "width": 0,
        "name": "Keizersgracht",
        "oneway": "NO",
        "speed_kmh": 6.0
      },
      "geometry": {
        "type": "MultiLineString",
        "coordinates": [
          [
            [
              4.8986844,
              52.3638722
            ],
            [
              4.8980966,
              52.3637594
            ]
          ]
        ]
      }
    },
    {
      "type": "Feature",
      "properties": {
        "osm_id": "486550817",
        "code": 8104,
        "fclass": "drain",
        "width": 0,
        "name": "Fahrenheitsingel",
        "oneway": "NO",
        "speed_kmh": 6.0
      },
      "geometry": {
        "type": "MultiLineString",
        "coordinates": [
          [
            [
              4.9214969,
              52.3431409
            ],
            [
              4.9215142,
              52.3431356
            ],
            [
              4.9215565,
              52.3431221
            ],
            [
              4.9216913,
              52.3430406
            ],
            [
              4.9218522,
              52.3429455
            ],
            [
              4.9218768,
              52.3429331
            ],
            [
              4.9218948,
              52.3429279
            ],
            [
              4.9219166,
              52.3429237
            ],
            [
              4.9219413,
              52.3429219
            ],
            [
              4.9219637,
              52.3429225
            ],
            [
              4.9219761,
              52.3429236
            ],
            [
              4.9219856,
              52.3429255
            ],
            [
              4.9220041,
              52.3429301
            ],
            [
              4.9220182,
              52.3429354
            ],
            [
              4.9220394,
              52.3429474
            ],
            [
              4.9220815,
              52.3429713
            ],
            [
              4.9223574,
              52.3431376
            ],
            [
              4.9239296,
              52.3440721
            ],
            [
              4.9249166,
              52.3446685
            ],
            [
              4.9259338,
              52.345277
            ],
            [
              4.9262171,
              52.3454462
            ],
            [
              4.9264576,
              52.3456296
            ],
            [
              4.9265075,
              52.3456851
            ],
            [
              4.9265701,
              52.3457357
            ],
            [
              4.926644,
              52.3457803
            ],
            [
              4.9267191,
              52.3458146
            ],
            [
              4.9268009,
              52.3458426
            ],
            [
              4.926888,
              52.3458639
            ],
            [
              4.9269322,
              52.3458756
            ],
            [
              4.9269794,
              52.3458817
            ],
            [
              4.9270275,
              52.3458819
            ],
            [
              4.9270714,
              52.3458768
            ],
            [
              4.927113,
              52.3458669
            ],
            [
              4.9271509,
              52.3458524
            ],
            [
              4.9278778,
              52.3455698
            ],
            [
              4.9280519,
              52.3454993
            ],
            [
              4.9282184,
              52.3454223
            ],
            [
              4.9283373,
              52.3453608
            ],
            [
              4.9284514,
              52.3452961
            ],
            [
              4.9285604,
              52.3452281
            ],
            [
              4.9303991,
              52.3440885
            ],
            [
              4.9304174,
              52.3440718
            ],
            [
              4.9304283,
              52.3440528
            ],
            [
              4.9304312,
              52.3440328
            ],
            [
              4.9304218,
              52.3440056
            ],
            [
              4.9303977,
              52.343982
            ],
            [
              4.9303548,
              52.3439517
            ],
            [
              4.9294577,
              52.3434133
            ],
            [
              4.9292448,
              52.3432807
            ],
            [
              4.9276438,
              52.3423253
            ],
            [
              4.9271925,
              52.3420533
            ],
            [
              4.927112,
              52.3419959
            ],
            [
              4.9270917,
              52.3419795
            ],
            [
              4.9270793,
              52.3419604
            ],
            [
              4.9270757,
              52.34194
            ],
            [
              4.9270812,
              52.3419197
            ],
            [
              4.9270918,
              52.3419046
            ],
            [
              4.9271075,
              52.3418912
            ],
            [
              4.9271251,
              52.3418603
            ],
            [
              4.9271335,
              52.341828
            ],
            [
              4.9271318,
              52.3417928
            ],
            [
              4.9271191,
              52.3417585
            ],
            [
              4.9270959,
              52.3417264
            ],
            [
              4.9270027,
              52.3416682
            ],
            [
              4.9268382,
              52.341568
            ],
            [
              4.9266829,
              52.3414625
            ],
            [
              4.9265862,
              52.3413906
            ],
            [
              4.9264938,
              52.3413167
            ],
            [
              4.926359,
              52.3412124
            ],
            [
              4.9262904,
              52.3411673
            ]
          ]
        ]
      }
    },
    {
      "type": "Feature",
      "properties": {
        "osm_id": "489969265",
        "code": 8104,
        "fclass": "drain",
        "width": 0,
        "name": null,
        "oneway": "NO",
        "speed_kmh": 6.0
      },
      "geometry": {
        "type": "MultiLineString",
        "coordinates": [
          [
            [
              4.9442034,
              52.3469383
            ],
            [
              4.9442851,
              52.3469801
            ],
            [
              4.9443851,
              52.3470037
            ],
            [
              4.9444737,
              52.3470279
            ],
            [
              4.9445346,
              52.3470585
            ],
            [
              4.9461747,
              52.3480381
            ],
            [
              4.9461973,
              52.3480515
            ]
          ]
        ]
      }
    },
    {
      "type": "Feature",
      "properties": {
        "osm_id": "505066931",
        "code": 8104,
        "fclass": "drain",
        "width": 0,
        "name": null,
        "oneway": "NO",
        "speed_kmh": 6.0
      },
      "geometry": {
        "type": "MultiLineString",
        "coordinates": [
          [
            [
              4.8476599,
              52.3698641
            ],
            [
              4.8476969,
              52.3698003
            ],
            [
              4.8478135,
              52.369444
            ],
            [
              4.8478698,
              52.3693023
            ],
            [
              4.8478846,
              52.3691754
            ],
            [
              4.8476633,
              52.3688839
            ],
            [
              4.8475278,
              52.3686669
            ],
            [
              4.8475171,
              52.3685359
            ],
            [
              4.8475453,
              52.3683701
            ],
            [
              4.8477221,
              52.3682199
            ],
            [
              4.8478229,
              52.3679701
            ],
            [
              4.8479946,
              52.3677383
            ],
            [
              4.8480294,
              52.3676384
            ],
            [
              4.8480375,
              52.3675107
            ],
            [
              4.847961,
              52.3673911
            ],
            [
              4.8475989,
              52.3672175
            ]
          ]
        ]
      }
    },
    {
      "type": "Feature",
      "properties": {
        "osm_id": "510869588",
        "code": 8104,
        "fclass": "drain",
        "width": 0,
        "name": null,
        "oneway": "NO",
        "speed_kmh": 6.0
      },
      "geometry": {
        "type": "MultiLineString",
        "coordinates": [
          [
            [
              4.8484997,
              52.3456678
            ],
            [
              4.8483071,
              52.3456866
            ],
            [
              4.8482481,
              52.3465812
            ],
            [
              4.8481923,
              52.3468541
            ],
            [
              4.8487046,
              52.3469573
            ],
            [
              4.849211,
              52.3470937
            ],
            [
              4.8495114,
              52.3472352
            ],
            [
              4.8496831,
              52.3473558
            ]
          ]
        ]
      }
    },
    {
      "type": "Feature",
      "properties": {
        "osm_id": "519091095",
        "code": 8102,
        "fclass": "stream",
        "width": 0,
        "name": null,
        "oneway": "NO",
        "speed_kmh": 6.0
      },
      "geometry": {
        "type": "MultiLineString",
        "coordinates": [
          [
            [
              4.9613911,
              52.3480076
            ],
            [
              4.9617889,
              52.3484817
            ]
          ]
        ]
      }
    },
    {
      "type": "Feature",
      "properties": {
        "osm_id": "519091096",
        "code": 8102,
        "fclass": "stream",
        "width": 0,
        "name": null,
        "oneway": "NO",
        "speed_kmh": 6.0
      },
      "geometry": {
        "type": "MultiLineString",
        "coordinates": [
          [
            [
              4.9614947,
              52.3479869
            ],
            [
              4.9618918,
              52.3484597
            ]
          ]
        ]
      }
    },
    {
      "type": "Feature",
      "properties": {
        "osm_id": "527004184",
        "code": 8101,
        "fclass": "river",
        "width": 0,
        "name": "Amstel",
        "oneway": "NO",
        "speed_kmh": 7.5
      },
      "geometry": {
        "type": "MultiLineString",
        "coordinates": [
          [
            [
              4.9040616,
              52.3601271
            ],
            [
              4.9038703,
              52.3605021
            ]
          ]
        ]
      }
    },
    {
      "type": "Feature",
      "properties": {
        "osm_id": "527004185",
        "code": 8103,
        "fclass": "canal",
        "width": 0,
        "name": "Amstel",
        "oneway": "NO",
        "speed_kmh": 7.5
      },
      "geometry": {
        "type": "MultiLineString",
        "coordinates": [
          [
            [
              4.9033221,
              52.3616382
            ],
            [
              4.9031377,
              52.3618486
            ],
            [
              4.9030769,
              52.3619605
            ]
          ]
        ]
      }
    },
    {
      "type": "Feature",
      "properties": {
        "osm_id": "527004188",
        "code": 8103,
        "fclass": "canal",
        "width": 0,
        "name": "Amstel",
        "oneway": "NO",
        "speed_kmh": 7.5
      },
      "geometry": {
        "type": "MultiLineString",
        "coordinates": [
          [
            [
              4.902664,
              52.3624231
            ],
            [
              4.9026269,
              52.3624959
            ],
            [
              4.9027595,
              52.362808
            ]
          ]
        ]
      }
    },
    {
      "type": "Feature",
      "properties": {
        "osm_id": "527004189",
        "code": 8103,
        "fclass": "canal",
        "width": 0,
        "name": "Amstel",
        "oneway": "NO",
        "speed_kmh": 7.5
      },
      "geometry": {
        "type": "MultiLineString",
        "coordinates": [
          [
            [
              4.9033221,
              52.3616382
            ],
            [
              4.9029707,
              52.3618169
            ],
            [
              4.9029153,
              52.3619258
            ]
          ]
        ]
      }
    },
    {
      "type": "Feature",
      "properties": {
        "osm_id": "527004190",
        "code": 8103,
        "fclass": "canal",
        "width": 0,
        "name": "Amstel",
        "oneway": "NO",
        "speed_kmh": 7.5
      },
      "geometry": {
        "type": "MultiLineString",
        "coordinates": [
          [
            [
              4.9032064,
              52.3625284
            ],
            [
              4.9031748,
              52.3625912
            ],
            [
              4.9027595,
              52.362808
            ]
          ]
        ]
      }
    },
    {
      "type": "Feature",
      "properties": {
        "osm_id": "527004191",
        "code": 8103,
        "fclass": "canal",
        "width": 0,
        "name": "Amstel",
        "oneway": "NO",
        "speed_kmh": 7.5
      },
      "geometry": {
        "type": "MultiLineString",
        "coordinates": [
          [
            [
              4.9033221,
              52.3616382
            ],
            [
              4.9035002,
              52.3619206
            ],
            [
              4.9034555,
              52.3620276
            ]
          ]
        ]
      }
    },
    {
      "type": "Feature",
      "properties": {
        "osm_id": "530338014",
        "code": 8104,
        "fclass": "drain",
        "width": 0,
        "name": "Zuidelijke Singel",
        "oneway": "NO",
        "speed_kmh": 6.0
      },
      "geometry": {
        "type": "MultiLineString",
        "coordinates": [
          [
            [
              4.9005845,
              52.4077005
            ],
            [
              4.9001388,
              52.4066829
            ],
            [
              4.8996239,
              52.405596
            ],
            [
              4.8995607,
              52.4053599
            ],
            [
              4.8996126,
              52.4052952
            ],
            [
              4.9001659,
              52.40504
            ]
          ]
        ]
      }
    },
    {
      "type": "Feature",
      "properties": {
        "osm_id": "530377596",
        "code": 8103,
        "fclass": "canal",
        "width": 0,
        "name": "Noordelijke Singel",
        "oneway": "NO",
        "speed_kmh": 6.0
      },
      "geometry": {
        "type": "MultiLineString",
        "coordinates": [
          [
            [
              4.9002632,
              52.4082374
            ],
            [
              4.9005631,
              52.4088571
            ],
            [
              4.9017116,
              52.4115479
            ],
            [
              4.9019348,
              52.4119574
            ],
            [
              4.9022605,
              52.4121425
            ]
          ]
        ]
      }
    },
    {
      "type": "Feature",
      "properties": {
        "osm_id": "530377597",
        "code": 8104,
        "fclass": "drain",
        "width": 0,
        "name": "Zuidelijke Singel",
        "oneway": "NO",
        "speed_kmh": 6.0
      },
      "geometry": {
        "type": "MultiLineString",
        "coordinates": [
          [
            [
              4.9003759,
              52.4049388
            ],
            [
              4.9017338,
              52.4043428
            ]
          ]
        ]
      }
    },
    {
      "type": "Feature",
      "properties": {
        "osm_id": "530377602",
        "code": 8104,
        "fclass": "drain",
        "width": 0,
        "name": null,
        "oneway": "NO",
        "speed_kmh": 6.0
      },
      "geometry": {
        "type": "MultiLineString",
        "coordinates": [
          [
            [
              4.9017338,
              52.4043428
            ],
            [
              4.9021271,
              52.4041815
            ],
            [
              4.9024217,
              52.4040366
            ]
          ]
        ]
      }
    },
    {
      "type": "Feature",
      "properties": {
        "osm_id": "530377603",
        "code": 8104,
        "fclass": "drain",
        "width": 0,
        "name": null,
        "oneway": "NO",
        "speed_kmh": 6.0
      },
      "geometry": {
        "type": "MultiLineString",
        "coordinates": [
          [
            [
              4.9001659,
              52.40504
            ],
            [
              4.9003759,
              52.4049388
            ]
          ]
        ]
      }
    },
    {
      "type": "Feature",
      "properties": {
        "osm_id": "538599231",
        "code": 8104,
        "fclass": "drain",
        "width": 0,
        "name": "Oostertocht",
        "oneway": "NO",
        "speed_kmh": 6.0
      },
      "geometry": {
        "type": "MultiLineString",
        "coordinates": [
          [
            [
              4.8903686,
              52.4086632
            ],
            [
              4.8886305,
              52.4094878
            ],
            [
              4.8885071,
              52.4096056
            ],
            [
              4.8882013,
              52.4097594
            ],
            [
              4.8876059,
              52.4100278
            ],
            [
              4.8861253,
              52.4107084
            ],
            [
              4.8853367,
              52.4111076
            ],
            [
              4.8851758,
              52.4111731
            ],
            [
              4.8826996,
              52.4123285
            ],
            [
              4.8822844,
              52.4125277
            ],
            [
              4.8816232,
              52.4127236
            ],
            [
              4.8808824,
              52.4130802
            ],
            [
              4.8803264,
              52.4134537
            ],
            [
              4.8797623,
              52.4137219
            ],
            [
              4.8796075,
              52.4137581
            ]
          ]
        ]
      }
    },
    {
      "type": "Feature",
      "properties": {
        "osm_id": "544663980",
        "code": 8103,
        "fclass": "canal",
        "width": 0,
        "name": "Westerkanaal",
        "oneway": "NO",
        "speed_kmh": 6.0
      },
      "geometry": {
        "type": "MultiLineString",
        "coordinates": [
          [
            [
              4.885912,
              52.3909735
            ],
            [
              4.8873386,
              52.3924125
            ],
            [
              4.8893906,
              52.3939609
            ]
          ]
        ]
      }
    },
    {
      "type": "Feature",
      "properties": {
        "osm_id": "561107069",
        "code": 8104,
        "fclass": "drain",
        "width": 0,
        "name": null,
        "oneway": "NO",
        "speed_kmh": 6.0
      },
      "geometry": {
        "type": "MultiLineString",
        "coordinates": [
          [
            [
              4.9314561,
              52.4004584
            ],
            [
              4.9276432,
              52.3974549
            ]
          ]
        ]
      }
    },
    {
      "type": "Feature",
      "properties": {
        "osm_id": "561107070",
        "code": 8104,
        "fclass": "drain",
        "width": 0,
        "name": null,
        "oneway": "NO",
        "speed_kmh": 6.0
      },
      "geometry": {
        "type": "MultiLineString",
        "coordinates": [
          [
            [
              4.9296147,
              52.3966906
            ],
            [
              4.9285856,
              52.3971673
            ],
            [
              4.9278336,
              52.397441
            ],
            [
              4.9276432,
              52.3974549
            ]
          ]
        ]
      }
    },
    {
      "type": "Feature",
      "properties": {
        "osm_id": "561107071",
        "code": 8104,
        "fclass": "drain",
        "width": 0,
        "name": null,
        "oneway": "NO",
        "speed_kmh": 6.0
      },
      "geometry": {
        "type": "MultiLineString",
        "coordinates": [
          [
            [
              4.9251928,
              52.3994327
            ],
            [
              4.9259773,
              52.398906
            ],
            [
              4.9260753,
              52.3989165
            ],
            [
              4.9265047,
              52.3987631
            ],
            [
              4.9265608,
              52.3987244
            ],
            [
              4.9266008,
              52.398676
            ],
            [
              4.9266032,
              52.3986429
            ],
            [
              4.9264165,
              52.3984129
            ],
            [
              4.9263067,
              52.3982327
            ],
            [
              4.9262631,
              52.3981073
            ],
            [
              4.926239,
              52.3979763
            ],
            [
              4.9262379,
              52.3978466
            ],
            [
              4.9262554,
              52.3977682
            ],
            [
              4.9262886,
              52.3977049
            ],
            [
              4.9263061,
              52.3976843
            ]
          ]
        ]
      }
    },
    {
      "type": "Feature",
      "properties": {
        "osm_id": "593311097",
        "code": 8103,
        "fclass": "canal",
        "width": 0,
        "name": "Prinsengracht",
        "oneway": "Yes",
        "speed_kmh": 6.0
      },
      "geometry": {
        "type": "MultiLineString",
        "coordinates": [
          [
            [
              4.8987771,
              52.3620736
            ],
            [
              4.8989684,
              52.362109
            ],
            [
              4.8991401,
              52.3621409
            ]
          ]
        ]
      }
    },
    {
      "type": "Feature",
      "properties": {
        "osm_id": "601083336",
        "code": 8103,
        "fclass": "canal",
        "width": 0,
        "name": "Keizersgracht",
        "oneway": "NO",
        "speed_kmh": 6.0
      },
      "geometry": {
        "type": "MultiLineString",
        "coordinates": [
          [
            [
              4.8850456,
              52.3742564
            ],
            [
              4.8850641,
              52.374388
            ],
            [
              4.8859285,
              52.3753854
            ],
            [
              4.885975,
              52.3754354
            ]
          ]
        ]
      }
    },
    {
      "type": "Feature",
      "properties": {
        "osm_id": "601083337",
        "code": 8103,
        "fclass": "canal",
        "width": 0,
        "name": "Keizersgracht",
        "oneway": "NO",
        "speed_kmh": 6.0
      },
      "geometry": {
        "type": "MultiLineString",
        "coordinates": [
          [
            [
              4.8849985,
              52.373726
            ],
            [
              4.8850925,
              52.3738446
            ],
            [
              4.8851096,
              52.3741407
            ],
            [
              4.8850456,
              52.3742564
            ]
          ]
        ]
      }
    },
    {
      "type": "Feature",
      "properties": {
        "osm_id": "601083338",
        "code": 8103,
        "fclass": "canal",
        "width": 0,
        "name": "Keizersgracht",
        "oneway": "NO",
        "speed_kmh": 6.0
      },
      "geometry": {
        "type": "MultiLineString",
        "coordinates": [
          [
            [
              4.8850456,
              52.3742564
            ],
            [
              4.8849782,
              52.3741447
            ],
            [
              4.8849548,
              52.3738549
            ],
            [
              4.8849985,
              52.373726
            ]
          ]
        ]
      }
    },
    {
      "type": "Feature",
      "properties": {
        "osm_id": "626211284",
        "code": 8104,
        "fclass": "drain",
        "width": 0,
        "name": null,
        "oneway": "NO",
        "speed_kmh": 6.0
      },
      "geometry": {
        "type": "MultiLineString",
        "coordinates": [
          [
            [
              4.9675281,
              52.4137588
            ],
            [
              4.9675254,
              52.4140942
            ],
            [
              4.967461,
              52.4165705
            ]
          ]
        ]
      }
    },
    {
      "type": "Feature",
      "properties": {
        "osm_id": "626220660",
        "code": 8104,
        "fclass": "drain",
        "width": 0,
        "name": null,
        "oneway": "NO",
        "speed_kmh": 6.0
      },
      "geometry": {
        "type": "MultiLineString",
        "coordinates": [
          [
            [
              4.8484656,
              52.3883808
            ],
            [
              4.848769,
              52.3882038
            ],
            [
              4.8494625,
              52.387799
            ],
            [
              4.8497517,
              52.3876302
            ],
            [
              4.8500025,
              52.3874739
            ],
            [
              4.8503169,
              52.3872779
            ],
            [
              4.8506071,
              52.3871203
            ],
            [
              4.850676,
              52.3870835
            ],
            [
              4.8507335,
              52.3870462
            ],
            [
              4.8507755,
              52.38702
            ],
            [
              4.8521342,
              52.3862049
            ]
          ]
        ]
      }
    },
    {
      "type": "Feature",
      "properties": {
        "osm_id": "626220665",
        "code": 8104,
        "fclass": "drain",
        "width": 0,
        "name": null,
        "oneway": "NO",
        "speed_kmh": 6.0
      },
      "geometry": {
        "type": "MultiLineString",
        "coordinates": [
          [
            [
              4.8497507,
              52.3864471
            ],
            [
              4.8493363,
              52.3867084
            ],
            [
              4.848603,
              52.3871343
            ],
            [
              4.8481703,
              52.3874165
            ],
            [
              4.8478256,
              52.3876248
            ],
            [
              4.8481709,
              52.3878353
            ],
            [
              4.848769,
              52.3882038
            ],
            [
              4.8490747,
              52.3883862
            ]
          ]
        ]
      }
    },
    {
      "type": "Feature",
      "properties": {
        "osm_id": "630689521",
        "code": 8104,
        "fclass": "drain",
        "width": 0,
        "name": null,
        "oneway": "NO",
        "speed_kmh": 6.0
      },
      "geometry": {
        "type": "MultiLineString",
        "coordinates": [
          [
            [
              4.909714,
              52.4106402
            ],
            [
              4.9096118,
              52.4104676
            ]
          ]
        ]
      }
    },
    {
      "type": "Feature",
      "properties": {
        "osm_id": "630689523",
        "code": 8104,
        "fclass": "drain",
        "width": 0,
        "name": null,
        "oneway": "NO",
        "speed_kmh": 6.0
      },
      "geometry": {
        "type": "MultiLineString",
        "coordinates": [
          [
            [
              4.9093125,
              52.4098727
            ],
            [
              4.9094242,
              52.4099187
            ],
            [
              4.9096064,
              52.4100039
            ],
            [
              4.9096547,
              52.4100322
            ],
            [
              4.9097156,
              52.4100545
            ],
            [
              4.9097789,
              52.4100615
            ],
            [
              4.9098844,
              52.4101021
            ],
            [
              4.910001,
              52.4101408
            ],
            [
              4.910206,
              52.4101869
            ],
            [
              4.9104594,
              52.4102613
            ]
          ]
        ]
      }
    },
    {
      "type": "Feature",
      "properties": {
        "osm_id": "630689526",
        "code": 8104,
        "fclass": "drain",
        "width": 0,
        "name": "Nieuwe Gouw",
        "oneway": "NO",
        "speed_kmh": 6.0
      },
      "geometry": {
        "type": "MultiLineString",
        "coordinates": [
          [
            [
              4.9094191,
              52.4088694
            ],
            [
              4.9093007,
              52.4087802
            ],
            [
              4.9091445,
              52.408679
            ],
            [
              4.9091186,
              52.4086609
            ]
          ]
        ]
      }
    },
    {
      "type": "Feature",
      "properties": {
        "osm_id": "630689529",
        "code": 8104,
        "fclass": "drain",
        "width": 0,
        "name": "Nieuwe Gouw",
        "oneway": "NO",
        "speed_kmh": 6.0
      },
      "geometry": {
        "type": "MultiLineString",
        "coordinates": [
          [
            [
              4.9091186,
              52.4086609
            ],
            [
              4.9089802,
              52.4085772
            ],
            [
              4.9088074,
              52.4084946
            ],
            [
              4.9085001,
              52.4083949
            ]
          ]
        ]
      }
    },
    {
      "type": "Feature",
      "properties": {
        "osm_id": "630689531",
        "code": 8104,
        "fclass": "drain",
        "width": 0,
        "name": "Nieuwe Gouw",
        "oneway": "NO",
        "speed_kmh": 6.0
      },
      "geometry": {
        "type": "MultiLineString",
        "coordinates": [
          [
            [
              4.9085001,
              52.4083949
            ],
            [
              4.9081581,
              52.4083416
            ]
          ]
        ]
      }
    },
    {
      "type": "Feature",
      "properties": {
        "osm_id": "630689533",
        "code": 8104,
        "fclass": "drain",
        "width": 0,
        "name": "Zijkanaal I",
        "oneway": "NO",
        "speed_kmh": 6.0
      },
      "geometry": {
        "type": "MultiLineString",
        "coordinates": [
          [
            [
              4.9081581,
              52.4083416
            ],
            [
              4.9079286,
              52.408285
            ],
            [
              4.9073019,
              52.4081846
            ]
          ]
        ]
      }
    },
    {
      "type": "Feature",
      "properties": {
        "osm_id": "635818517",
        "code": 8104,
        "fclass": "drain",
        "width": 0,
        "name": null,
        "oneway": "NO",
        "speed_kmh": 6.0
      },
      "geometry": {
        "type": "MultiLineString",
        "coordinates": [
          [
            [
              4.9133775,
              52.4107291
            ],
            [
              4.91541,
              52.4124279
            ]
          ]
        ]
      }
    },
    {
      "type": "Feature",
      "properties": {
        "osm_id": "656100046",
        "code": 8104,
        "fclass": "drain",
        "width": 0,
        "name": null,
        "oneway": "NO",
        "speed_kmh": 6.0
      },
      "geometry": {
        "type": "MultiLineString",
        "coordinates": [
          [
            [
              4.944196,
              52.3934922
            ],
            [
              4.944896,
              52.3932892
            ],
            [
              4.9464571,
              52.3928227
            ],
            [
              4.947479,
              52.3925243
            ]
          ]
        ]
      }
    },
    {
      "type": "Feature",
      "properties": {
        "osm_id": "656505469",
        "code": 8103,
        "fclass": "canal",
        "width": 0,
        "name": "Ringsloot",
        "oneway": "NO",
        "speed_kmh": 6.0
      },
      "geometry": {
        "type": "MultiLineString",
        "coordinates": [
          [
            [
              4.9589806,
              52.4023913
            ],
            [
              4.9590475,
              52.4024677
            ],
            [
              4.9594204,
              52.4028294
            ],
            [
              4.9595276,
              52.4029472
            ],
            [
              4.9596001,
              52.4030667
            ],
            [
              4.9596483,
              52.4031927
            ],
            [
              4.959651,
              52.4033612
            ],
            [
              4.9595518,
              52.4037998
            ],
            [
              4.959187,
              52.4047636
            ],
            [
              4.9590636,
              52.4050991
            ],
            [
              4.9589858,
              52.405428
            ],
            [
              4.9589242,
              52.4057438
            ],
            [
              4.9586988,
              52.4059041
            ],
            [
              4.9583126,
              52.4060367
            ],
            [
              4.9577708,
              52.4063721
            ],
            [
              4.9572505,
              52.4064981
            ],
            [
              4.9569286,
              52.4065652
            ],
            [
              4.9565584,
              52.4065996
            ],
            [
              4.9561025,
              52.4067384
            ],
            [
              4.9548177,
              52.4069904
            ],
            [
              4.9537529,
              52.407226
            ],
            [
              4.9530555,
              52.4073979
            ],
            [
              4.9520577,
              52.4076335
            ],
            [
              4.9515561,
              52.4077284
            ],
            [
              4.9510331,
              52.4078086
            ],
            [
              4.9505798,
              52.4078511
            ],
            [
              4.9501131,
              52.4078871
            ],
            [
              4.949979,
              52.4079133
            ],
            [
              4.94981,
              52.4079787
            ],
            [
              4.9496062,
              52.4080982
            ],
            [
              4.9493755,
              52.4082422
            ],
            [
              4.9490402,
              52.4084712
            ],
            [
              4.9488659,
              52.4086201
            ],
            [
              4.9479164,
              52.4092099
            ],
            [
              4.947675,
              52.4092851
            ],
            [
              4.9474497,
              52.4093833
            ],
            [
              4.9470527,
              52.4096254
            ],
            [
              4.946873,
              52.4097923
            ],
            [
              4.9466986,
              52.4098954
            ],
            [
              4.9465645,
              52.4099478
            ],
            [
              4.9459154,
              52.4103437
            ],
            [
              4.945092,
              52.4107969
            ],
            [
              4.9448962,
              52.410918
            ],
            [
              4.9444858,
              52.4112927
            ],
            [
              4.9443651,
              52.411572
            ],
            [
              4.9443249,
              52.4117389
            ],
            [
              4.9443785,
              52.4118698
            ],
            [
              4.944636,
              52.4122575
            ],
            [
              4.9448721,
              52.4125307
            ],
            [
              4.9449445,
              52.4126567
            ],
            [
              4.9449767,
              52.4128236
            ],
            [
              4.9445413,
              52.4129547
            ]
          ]
        ]
      }
    },
    {
      "type": "Feature",
      "properties": {
        "osm_id": "656505470",
        "code": 8103,
        "fclass": "canal",
        "width": 0,
        "name": null,
        "oneway": "NO",
        "speed_kmh": 6.0
      },
      "geometry": {
        "type": "MultiLineString",
        "coordinates": [
          [
            [
              4.9445413,
              52.4129547
            ],
            [
              4.9440306,
              52.413122
            ],
            [
              4.9437576,
              52.4132112
            ]
          ]
        ]
      }
    },
    {
      "type": "Feature",
      "properties": {
        "osm_id": "656505471",
        "code": 8103,
        "fclass": "canal",
        "width": 0,
        "name": "Het Slochter",
        "oneway": "NO",
        "speed_kmh": 6.0
      },
      "geometry": {
        "type": "MultiLineString",
        "coordinates": [
          [
            [
              4.9437576,
              52.4132112
            ],
            [
              4.9442451,
              52.4136359
            ],
            [
              4.9445077,
              52.4140598
            ],
            [
              4.944524,
              52.4143197
            ],
            [
              4.9443416,
              52.4145504
            ]
          ]
        ]
      }
    },
    {
      "type": "Feature",
      "properties": {
        "osm_id": "668076362",
        "code": 8103,
        "fclass": "canal",
        "width": 0,
        "name": "Open Havenfront",
        "oneway": "NO",
        "speed_kmh": 6.0
      },
      "geometry": {
        "type": "MultiLineString",
        "coordinates": [
          [
            [
              4.8991586,
              52.3775773
            ],
            [
              4.8996416,
              52.3773686
            ]
          ]
        ]
      }
    },
    {
      "type": "Feature",
      "properties": {
        "osm_id": "670993796",
        "code": 8103,
        "fclass": "canal",
        "width": 0,
        "name": "Kostverlorenvaart",
        "oneway": "NO",
        "speed_kmh": 6.0
      },
      "geometry": {
        "type": "MultiLineString",
        "coordinates": [
          [
            [
              4.8769081,
              52.3831001
            ],
            [
              4.8739246,
              52.3812252
            ],
            [
              4.873783,
              52.3810479
            ]
          ]
        ]
      }
    },
    {
      "type": "Feature",
      "properties": {
        "osm_id": "681834216",
        "code": 8104,
        "fclass": "drain",
        "width": 0,
        "name": null,
        "oneway": "NO",
        "speed_kmh": 6.0
      },
      "geometry": {
        "type": "MultiLineString",
        "coordinates": [
          [
            [
              4.9506761,
              52.4069012
            ],
            [
              4.950001,
              52.4062685
            ],
            [
              4.9490979,
              52.4054174
            ],
            [
              4.9492053,
              52.4050227
            ],
            [
              4.9493104,
              52.4046906
            ],
            [
              4.9492394,
              52.4046143
            ]
          ]
        ]
      }
    },
    {
      "type": "Feature",
      "properties": {
        "osm_id": "681834221",
        "code": 8104,
        "fclass": "drain",
        "width": 0,
        "name": null,
        "oneway": "NO",
        "speed_kmh": 6.0
      },
      "geometry": {
        "type": "MultiLineString",
        "coordinates": [
          [
            [
              4.9504465,
              52.4076387
            ],
            [
              4.9511359,
              52.4075858
            ],
            [
              4.9513553,
              52.4075377
            ],
            [
              4.9506761,
              52.4069012
            ],
            [
              4.9483148,
              52.4078021
            ],
            [
              4.9463721,
              52.4086118
            ],
            [
              4.9462592,
              52.4086318
            ]
          ]
        ]
      }
    },
    {
      "type": "Feature",
      "properties": {
        "osm_id": "681834706",
        "code": 8104,
        "fclass": "drain",
        "width": 0,
        "name": null,
        "oneway": "NO",
        "speed_kmh": 6.0
      },
      "geometry": {
        "type": "MultiLineString",
        "coordinates": [
          [
            [
              4.9590406,
              52.4079477
            ],
            [
              4.9588035,
              52.4080568
            ]
          ]
        ]
      }
    },
    {
      "type": "Feature",
      "properties": {
        "osm_id": "764405523",
        "code": 8104,
        "fclass": "drain",
        "width": 0,
        "name": "Molenwetering",
        "oneway": "NO",
        "speed_kmh": 6.0
      },
      "geometry": {
        "type": "MultiLineString",
        "coordinates": [
          [
            [
              4.9471026,
              52.351636
            ],
            [
              4.9470851,
              52.3516511
            ],
            [
              4.9470681,
              52.3516651
            ],
            [
              4.9467229,
              52.351885
            ],
            [
              4.9452585,
              52.3528071
            ],
            [
              4.9452344,
              52.3528245
            ],
            [
              4.9452023,
              52.3528361
            ],
            [
              4.9451656,
              52.3528405
            ],
            [
              4.9451293,
              52.3528373
            ],
            [
              4.9450967,
              52.3528272
            ],
            [
              4.9450713,
              52.3528111
            ],
            [
              4.9449444,
              52.3527255
            ],
            [
              4.9449169,
              52.3527113
            ],
            [
              4.9448837,
              52.3527026
            ],
            [
              4.9448477,
              52.3527002
            ],
            [
              4.9448162,
              52.3527036
            ],
            [
              4.9447872,
              52.3527118
            ],
            [
              4.9447627,
              52.3527244
            ],
            [
              4.9447445,
              52.3527405
            ],
            [
              4.9439672,
              52.3532351
            ],
            [
              4.9437248,
              52.3533892
            ],
            [
              4.9425293,
              52.3541483
            ],
            [
              4.9412474,
              52.3549626
            ],
            [
              4.9366817,
              52.352271
            ],
            [
              4.9349623,
              52.3512334
            ],
            [
              4.934945,
              52.3512228
            ],
            [
              4.9349381,
              52.3512189
            ],
            [
              4.9345904,
              52.3510223
            ],
            [
              4.9343537,
              52.3508868
            ],
            [
              4.9341949,
              52.3507883
            ],
            [
              4.9337869,
              52.3505368
            ]
          ]
        ]
      }
    },
    {
      "type": "Feature",
      "properties": {
        "osm_id": "786899766",
        "code": 8103,
        "fclass": "canal",
        "width": 0,
        "name": "IJ",
        "oneway": "NO",
        "speed_kmh": 6.0
      },
      "geometry": {
        "type": "MultiLineString",
        "coordinates": [
          [
            [
              4.9564875,
              52.383027
            ],
            [
              4.9562572,
              52.3829924
            ],
            [
              4.9499607,
              52.3820959
            ]
          ]
        ]
      }
    },
    {
      "type": "Feature",
      "properties": {
        "osm_id": "797334785",
        "code": 8103,
        "fclass": "canal",
        "width": 0,
        "name": "Amstel",
        "oneway": "NO",
        "speed_kmh": 7.5
      },
      "geometry": {
        "type": "MultiLineString",
        "coordinates": [
          [
            [
              4.9030389,
              52.3624972
            ],
            [
              4.903008,
              52.3625634
            ],
            [
              4.9027595,
              52.362808
            ]
          ]
        ]
      }
    },
    {
      "type": "Feature",
      "properties": {
        "osm_id": "797334786",
        "code": 8103,
        "fclass": "canal",
        "width": 0,
        "name": "Amstel",
        "oneway": "NO",
        "speed_kmh": 7.5
      },
      "geometry": {
        "type": "MultiLineString",
        "coordinates": [
          [
            [
              4.9028263,
              52.3624598
            ],
            [
              4.9027949,
              52.3625221
            ],
            [
              4.9027595,
              52.362808
            ]
          ]
        ]
      }
    },
    {
      "type": "Feature",
      "properties": {
        "osm_id": "797334789",
        "code": 8103,
        "fclass": "canal",
        "width": 0,
        "name": "Amstel",
        "oneway": "NO",
        "speed_kmh": 7.5
      },
      "geometry": {
        "type": "MultiLineString",
        "coordinates": [
          [
            [
              4.9033221,
              52.3616382
            ],
            [
              4.9033318,
              52.3618892
            ],
            [
              4.903291,
              52.3619976
            ]
          ]
        ]
      }
    },
    {
      "type": "Feature",
      "properties": {
        "osm_id": "797334790",
        "code": 8103,
        "fclass": "canal",
        "width": 0,
        "name": "Amstel",
        "oneway": "NO",
        "speed_kmh": 7.5
      },
      "geometry": {
        "type": "MultiLineString",
        "coordinates": [
          [
            [
              4.903291,
              52.3619976
            ],
            [
              4.9032657,
              52.3620466
            ],
            [
              4.9030389,
              52.3624972
            ]
          ]
        ]
      }
    },
    {
      "type": "Feature",
      "properties": {
        "osm_id": "797542031",
        "code": 8103,
        "fclass": "canal",
        "width": 0,
        "name": "Westerkanaalschutsluis",
        "oneway": "NO",
        "speed_kmh": 6.0
      },
      "geometry": {
        "type": "MultiLineString",
        "coordinates": [
          [
            [
              4.8833943,
              52.3863813
            ],
            [
              4.8840005,
              52.3876252
            ]
          ]
        ]
      }
    },
    {
      "type": "Feature",
      "properties": {
        "osm_id": "803676106",
        "code": 8103,
        "fclass": "canal",
        "width": 0,
        "name": "Johan van Hasseltkanaal",
        "oneway": "NO",
        "speed_kmh": 6.0
      },
      "geometry": {
        "type": "MultiLineString",
        "coordinates": [
          [
            [
              4.930795,
              52.3846981
            ],
            [
              4.9322551,
              52.3839381
            ],
            [
              4.9327017,
              52.3826038
            ]
          ]
        ]
      }
    },
    {
      "type": "Feature",
      "properties": {
        "osm_id": "809980682",
        "code": 8103,
        "fclass": "canal",
        "width": 0,
        "name": "Houthaven",
        "oneway": "NO",
        "speed_kmh": 6.0
      },
      "geometry": {
        "type": "MultiLineString",
        "coordinates": [
          [
            [
              4.8839805,
              52.396969
            ],
            [
              4.8881154,
              52.3939705
            ],
            [
              4.8893906,
              52.3939609
            ]
          ]
        ]
      }
    },
    {
      "type": "Feature",
      "properties": {
        "osm_id": "809980683",
        "code": 8103,
        "fclass": "canal",
        "width": 0,
        "name": "Nieuwe Houthaven",
        "oneway": "NO",
        "speed_kmh": 6.0
      },
      "geometry": {
        "type": "MultiLineString",
        "coordinates": [
          [
            [
              4.8791454,
              52.3969177
            ],
            [
              4.8816357,
              52.3981699
            ],
            [
              4.8816772,
              52.3982228
            ],
            [
              4.8817235,
              52.3982863
            ],
            [
              4.8817537,
              52.3983503
            ],
            [
              4.8817732,
              52.3984256
            ],
            [
              4.8817647,
              52.3984929
            ],
            [
              4.8817563,
              52.3985646
            ],
            [
              4.8817331,
              52.3986352
            ],
            [
              4.8816987,
              52.3986985
            ],
            [
              4.8816524,
              52.398759
            ],
            [
              4.8815947,
              52.3988157
            ],
            [
              4.8815266,
              52.3988678
            ],
            [
              4.8814489,
              52.3989148
            ],
            [
              4.8813627,
              52.3989559
            ],
            [
              4.8812693,
              52.3989905
            ],
            [
              4.8810792,
              52.3990159
            ],
            [
              4.8809044,
              52.3990333
            ],
            [
              4.8806408,
              52.3990575
            ],
            [
              4.8803799,
              52.3990906
            ],
            [
              4.8801224,
              52.3991326
            ],
            [
              4.8798691,
              52.3991834
            ],
            [
              4.879621,
              52.3992427
            ],
            [
              4.8794049,
              52.3993025
            ],
            [
              4.8791941,
              52.3993689
            ],
            [
              4.8789889,
              52.3994415
            ],
            [
              4.8787899,
              52.3995204
            ],
            [
              4.8785976,
              52.3996052
            ],
            [
              4.8784125,
              52.3996957
            ],
            [
              4.8778401,
              52.4000852
            ],
            [
              4.8774402,
              52.4006469
            ],
            [
              4.8767233,
              52.4016644
            ],
            [
              4.876248,
              52.4025667
            ],
            [
              4.8753415,
              52.4040658
            ]
          ]
        ]
      }
    },
    {
      "type": "Feature",
      "properties": {
        "osm_id": "809980684",
        "code": 8103,
        "fclass": "canal",
        "width": 0,
        "name": "Amsterdam Marina",
        "oneway": "NO",
        "speed_kmh": 6.0
      },
      "geometry": {
        "type": "MultiLineString",
        "coordinates": [
          [
            [
              4.8876902,
              52.406752
            ],
            [
              4.8821669,
              52.4025437
            ]
          ]
        ]
      }
    },
    {
      "type": "Feature",
      "properties": {
        "osm_id": "809980685",
        "code": 8103,
        "fclass": "canal",
        "width": 0,
        "name": "Cornelis Douweskanaal-West",
        "oneway": "NO",
        "speed_kmh": 6.0
      },
      "geometry": {
        "type": "MultiLineString",
        "coordinates": [
          [
            [
              4.878155,
              52.4110388
            ],
            [
              4.8742912,
              52.4080772
            ]
          ]
        ]
      }
    },
    {
      "type": "Feature",
      "properties": {
        "osm_id": "809980686",
        "code": 8103,
        "fclass": "canal",
        "width": 0,
        "name": "Van Hemerthaven",
        "oneway": "NO",
        "speed_kmh": 6.0
      },
      "geometry": {
        "type": "MultiLineString",
        "coordinates": [
          [
            [
              4.8714682,
              52.4130251
            ],
            [
              4.8691054,
              52.4111501
            ]
          ]
        ]
      }
    },
    {
      "type": "Feature",
      "properties": {
        "osm_id": "809980687",
        "code": 8103,
        "fclass": "canal",
        "width": 0,
        "name": "Coenhaven",
        "oneway": "NO",
        "speed_kmh": 6.0
      },
      "geometry": {
        "type": "MultiLineString",
        "coordinates": [
          [
            [
              4.8667931,
              52.407989
            ],
            [
              4.8646436,
              52.40975
            ],
            [
              4.8674411,
              52.4120163
            ]
          ]
        ]
      }
    },
    {
      "type": "Feature",
      "properties": {
        "osm_id": "809980688",
        "code": 8103,
        "fclass": "canal",
        "width": 0,
        "name": null,
        "oneway": "NO",
        "speed_kmh": 6.0
      },
      "geometry": {
        "type": "MultiLineString",
        "coordinates": [
          [
            [
              4.8627859,
              52.4044971
            ],
            [
              4.8667931,
              52.407989
            ]
          ]
        ]
      }
    },
    {
      "type": "Feature",
      "properties": {
        "osm_id": "809980689",
        "code": 8103,
        "fclass": "canal",
        "width": 0,
        "name": null,
        "oneway": "NO",
        "speed_kmh": 6.0
      },
      "geometry": {
        "type": "MultiLineString",
        "coordinates": [
          [
            [
              4.8586566,
              52.4061194
            ],
            [
              4.8622205,
              52.4091814
            ],
            [
              4.8646436,
              52.40975
            ]
          ]
        ]
      }
    },
    {
      "type": "Feature",
      "properties": {
        "osm_id": "809980695",
        "code": 8103,
        "fclass": "canal",
        "width": 0,
        "name": "Petroleumhaven",
        "oneway": "NO",
        "speed_kmh": 6.0
      },
      "geometry": {
        "type": "MultiLineString",
        "coordinates": [
          [
            [
              4.8594654,
              52.4133883
            ],
            [
              4.8586553,
              52.4120859
            ],
            [
              4.8585475,
              52.4119772
            ],
            [
              4.8584302,
              52.4118721
            ],
            [
              4.8583039,
              52.4117711
            ],
            [
              4.8581667,
              52.4116727
            ],
            [
              4.8580208,
              52.4115791
            ],
            [
              4.8578668,
              52.4114904
            ],
            [
              4.8577245,
              52.4114101
            ],
            [
              4.8575722,
              52.411337
            ],
            [
              4.857411,
              52.4112713
            ],
            [
              4.8572419,
              52.4112135
            ],
            [
              4.8570658,
              52.4111641
            ],
            [
              4.8568839,
              52.4111232
            ],
            [
              4.8566973,
              52.4110912
            ],
            [
              4.8565079,
              52.4110683
            ],
            [
              4.8563162,
              52.4110545
            ],
            [
              4.8561233,
              52.4110499
            ],
            [
              4.8559304,
              52.4110545
            ],
            [
              4.8557387,
              52.4110683
            ],
            [
              4.8555493,
              52.4110912
            ],
            [
              4.8554208,
              52.4111136
            ],
            [
              4.8552961,
              52.411143
            ],
            [
              4.8551764,
              52.4111793
            ],
            [
              4.8550626,
              52.4112221
            ],
            [
              4.8549557,
              52.411271
            ],
            [
              4.8548566,
              52.4113257
            ],
            [
              4.8547661,
              52.4113857
            ],
            [
              4.8546801,
              52.4114547
            ],
            [
              4.8546055,
              52.4115285
            ],
            [
              4.8545431,
              52.4116064
            ],
            [
              4.8544933,
              52.4116876
            ],
            [
              4.8544566,
              52.4117714
            ],
            [
              4.8544011,
              52.4119736
            ],
            [
              4.8543817,
              52.4120914
            ],
            [
              4.8543752,
              52.4122098
            ],
            [
              4.8543817,
              52.4123281
            ],
            [
              4.8544013,
              52.4124459
            ],
            [
              4.8544291,
              52.4125484
            ],
            [
              4.8544668,
              52.4126498
            ],
            [
              4.8545142,
              52.4127496
            ],
            [
              4.8545711,
              52.4128476
            ],
            [
              4.8546374,
              52.4129433
            ],
            [
              4.8569825,
              52.4158807
            ]
          ]
        ]
      }
    },
    {
      "type": "Feature",
      "properties": {
        "osm_id": "813412170",
        "code": 8102,
        "fclass": "stream",
        "width": 0,
        "name": null,
        "oneway": "NO",
        "speed_kmh": 6.0
      },
      "geometry": {
        "type": "MultiLineString",
        "coordinates": [
          [
            [
              4.9572706,
              52.3435763
            ],
            [
              4.9571234,
              52.3436207
            ],
            [
              4.957105,
              52.3436262
            ],
            [
              4.9570998,
              52.3436278
            ]
          ]
        ]
      }
    },
    {
      "type": "Feature",
      "properties": {
        "osm_id": "819479239",
        "code": 8103,
        "fclass": "canal",
        "width": 0,
        "name": null,
        "oneway": "NO",
        "speed_kmh": 6.0
      },
      "geometry": {
        "type": "MultiLineString",
        "coordinates": [
          [
            [
              4.8893906,
              52.3939609
            ],
            [
              4.8912431,
              52.3951136
            ]
          ]
        ]
      }
    },
    {
      "type": "Feature",
      "properties": {
        "osm_id": "837871760",
        "code": 8103,
        "fclass": "canal",
        "width": 0,
        "name": null,
        "oneway": "NO",
        "speed_kmh": 6.0
      },
      "geometry": {
        "type": "MultiLineString",
        "coordinates": [
          [
            [
              4.9669994,
              52.3966289
            ],
            [
              4.9653279,
              52.3982256
            ],
            [
              4.9638869,
              52.3994706
            ],
            [
              4.9633105,
              52.3999067
            ],
            [
              4.9617312,
              52.4009476
            ],
            [
              4.9589806,
              52.4023913
            ]
          ]
        ]
      }
    },
    {
      "type": "Feature",
      "properties": {
        "osm_id": "847580968",
        "code": 8104,
        "fclass": "drain",
        "width": 0,
        "name": null,
        "oneway": "NO",
        "speed_kmh": 6.0
      },
      "geometry": {
        "type": "MultiLineString",
        "coordinates": [
          [
            [
              4.8740732,
              52.3978492
            ],
            [
              4.8740519,
              52.3978917
            ],
            [
              4.8744106,
              52.3981311
            ]
          ]
        ]
      }
    },
    {
      "type": "Feature",
      "properties": {
        "osm_id": "847580969",
        "code": 8104,
        "fclass": "drain",
        "width": 0,
        "name": null,
        "oneway": "NO",
        "speed_kmh": 6.0
      },
      "geometry": {
        "type": "MultiLineString",
        "coordinates": [
          [
            [
              4.874245,
              52.3975067
            ],
            [
              4.8740732,
              52.3978492
            ]
          ]
        ]
      }
    },
    {
      "type": "Feature",
      "properties": {
        "osm_id": "847580970",
        "code": 8104,
        "fclass": "drain",
        "width": 0,
        "name": null,
        "oneway": "NO",
        "speed_kmh": 6.0
      },
      "geometry": {
        "type": "MultiLineString",
        "coordinates": [
          [
            [
              4.874364,
              52.3972901
            ],
            [
              4.8743389,
              52.3973782
            ],
            [
              4.874245,
              52.3975067
            ]
          ]
        ]
      }
    },
    {
      "type": "Feature",
      "properties": {
        "osm_id": "847580971",
        "code": 8104,
        "fclass": "drain",
        "width": 0,
        "name": null,
        "oneway": "NO",
        "speed_kmh": 6.0
      },
      "geometry": {
        "type": "MultiLineString",
        "coordinates": [
          [
            [
              4.8744332,
              52.3971854
            ],
            [
              4.874364,
              52.3972901
            ]
          ]
        ]
      }
    },
    {
      "type": "Feature",
      "properties": {
        "osm_id": "847580972",
        "code": 8104,
        "fclass": "drain",
        "width": 0,
        "name": null,
        "oneway": "NO",
        "speed_kmh": 6.0
      },
      "geometry": {
        "type": "MultiLineString",
        "coordinates": [
          [
            [
              4.8754971,
              52.3962694
            ],
            [
              4.8752538,
              52.396384
            ]
          ]
        ]
      }
    },
    {
      "type": "Feature",
      "properties": {
        "osm_id": "847580973",
        "code": 8104,
        "fclass": "drain",
        "width": 0,
        "name": null,
        "oneway": "NO",
        "speed_kmh": 6.0
      },
      "geometry": {
        "type": "MultiLineString",
        "coordinates": [
          [
            [
              4.8763828,
              52.3959678
            ],
            [
              4.8759004,
              52.3960991
            ],
            [
              4.8756009,
              52.3962102
            ],
            [
              4.8754971,
              52.3962694
            ]
          ]
        ]
      }
    },
    {
      "type": "Feature",
      "properties": {
        "osm_id": "847580974",
        "code": 8104,
        "fclass": "drain",
        "width": 0,
        "name": null,
        "oneway": "NO",
        "speed_kmh": 6.0
      },
      "geometry": {
        "type": "MultiLineString",
        "coordinates": [
          [
            [
              4.8766451,
              52.3958999
            ],
            [
              4.8763828,
              52.3959678
            ]
          ]
        ]
      }
    },
    {
      "type": "Feature",
      "properties": {
        "osm_id": "847580975",
        "code": 8104,
        "fclass": "drain",
        "width": 0,
        "name": null,
        "oneway": "NO",
        "speed_kmh": 6.0
      },
      "geometry": {
        "type": "MultiLineString",
        "coordinates": [
          [
            [
              4.8771204,
              52.395826
            ],
            [
              4.8768644,
              52.3958461
            ],
            [
              4.8767583,
              52.3958634
            ],
            [
              4.8766451,
              52.3958999
            ]
          ]
        ]
      }
    },
    {
      "type": "Feature",
      "properties": {
        "osm_id": "847580976",
        "code": 8104,
        "fclass": "drain",
        "width": 0,
        "name": null,
        "oneway": "NO",
        "speed_kmh": 6.0
      },
      "geometry": {
        "type": "MultiLineString",
        "coordinates": [
          [
            [
              4.8752538,
              52.396384
            ],
            [
              4.8751614,
              52.3964438
            ],
            [
              4.8748859,
              52.3966493
            ],
            [
              4.8747407,
              52.3967687
            ],
            [
              4.8746633,
              52.3968614
            ],
            [
              4.8744332,
              52.3971854
            ]
          ]
        ]
      }
    },
    {
      "type": "Feature",
      "properties": {
        "osm_id": "848795052",
        "code": 8104,
        "fclass": "drain",
        "width": 0,
        "name": null,
        "oneway": "NO",
        "speed_kmh": 6.0
      },
      "geometry": {
        "type": "MultiLineString",
        "coordinates": [
          [
            [
              4.8773247,
              52.3958107
            ],
            [
              4.8771204,
              52.395826
            ]
          ]
        ]
      }
    },
    {
      "type": "Feature",
      "properties": {
        "osm_id": "848795053",
        "code": 8104,
        "fclass": "drain",
        "width": 0,
        "name": null,
        "oneway": "NO",
        "speed_kmh": 6.0
      },
      "geometry": {
        "type": "MultiLineString",
        "coordinates": [
          [
            [
              4.8779043,
              52.3958303
            ],
            [
              4.8773247,
              52.3958107
            ]
          ]
        ]
      }
    },
    {
      "type": "Feature",
      "properties": {
        "osm_id": "848799322",
        "code": 8104,
        "fclass": "drain",
        "width": 0,
        "name": null,
        "oneway": "NO",
        "speed_kmh": 6.0
      },
      "geometry": {
        "type": "MultiLineString",
        "coordinates": [
          [
            [
              4.8757895,
              52.3946861
            ],
            [
              4.8766043,
              52.395702
            ],
            [
              4.8767583,
              52.3958634
            ]
          ]
        ]
      }
    },
    {
      "type": "Feature",
      "properties": {
        "osm_id": "850295196",
        "code": 8104,
        "fclass": "drain",
        "width": 0,
        "name": null,
        "oneway": "NO",
        "speed_kmh": 6.0
      },
      "geometry": {
        "type": "MultiLineString",
        "coordinates": [
          [
            [
              4.9478923,
              52.3924074
            ],
            [
              4.9493244,
              52.39197
            ],
            [
              4.9513468,
              52.3913742
            ],
            [
              4.9515587,
              52.3912825
            ],
            [
              4.9516793,
              52.3911352
            ],
            [
              4.9518591,
              52.3908488
            ]
          ]
        ]
      }
    },
    {
      "type": "Feature",
      "properties": {
        "osm_id": "850295197",
        "code": 8104,
        "fclass": "drain",
        "width": 0,
        "name": null,
        "oneway": "NO",
        "speed_kmh": 6.0
      },
      "geometry": {
        "type": "MultiLineString",
        "coordinates": [
          [
            [
              4.947479,
              52.3925243
            ],
            [
              4.9478923,
              52.3924074
            ]
          ]
        ]
      }
    },
    {
      "type": "Feature",
      "properties": {
        "osm_id": "850486470",
        "code": 8104,
        "fclass": "drain",
        "width": 0,
        "name": null,
        "oneway": "NO",
        "speed_kmh": 6.0
      },
      "geometry": {
        "type": "MultiLineString",
        "coordinates": [
          [
            [
              4.8591665,
              52.3962607
            ],
            [
              4.8594312,
              52.3964836
            ]
          ]
        ]
      }
    },
    {
      "type": "Feature",
      "properties": {
        "osm_id": "850486471",
        "code": 8104,
        "fclass": "drain",
        "width": 0,
        "name": null,
        "oneway": "NO",
        "speed_kmh": 6.0
      },
      "geometry": {
        "type": "MultiLineString",
        "coordinates": [
          [
            [
              4.858892,
              52.3960326
            ],
            [
              4.8591583,
              52.3962538
            ]
          ]
        ]
      }
    },
    {
      "type": "Feature",
      "properties": {
        "osm_id": "850486472",
        "code": 8104,
        "fclass": "drain",
        "width": 0,
        "name": null,
        "oneway": "NO",
        "speed_kmh": 6.0
      },
      "geometry": {
        "type": "MultiLineString",
        "coordinates": [
          [
            [
              4.8591297,
              52.3962775
            ],
            [
              4.8593956,
              52.3964994
            ]
          ]
        ]
      }
    },
    {
      "type": "Feature",
      "properties": {
        "osm_id": "850486473",
        "code": 8104,
        "fclass": "drain",
        "width": 0,
        "name": null,
        "oneway": "NO",
        "speed_kmh": 6.0
      },
      "geometry": {
        "type": "MultiLineString",
        "coordinates": [
          [
            [
              4.8588607,
              52.3960468
            ],
            [
              4.8591215,
              52.3962706
            ]
          ]
        ]
      }
    },
    {
      "type": "Feature",
      "properties": {
        "osm_id": "850486477",
        "code": 8104,
        "fclass": "drain",
        "width": 0,
        "name": null,
        "oneway": "NO",
        "speed_kmh": 6.0
      },
      "geometry": {
        "type": "MultiLineString",
        "coordinates": [
          [
            [
              4.859408,
              52.3965097
            ],
            [
              4.8596033,
              52.3966728
            ]
          ]
        ]
      }
    },
    {
      "type": "Feature",
      "properties": {
        "osm_id": "850486478",
        "code": 8104,
        "fclass": "drain",
        "width": 0,
        "name": null,
        "oneway": "NO",
        "speed_kmh": 6.0
      },
      "geometry": {
        "type": "MultiLineString",
        "coordinates": [
          [
            [
              4.8593956,
              52.3964994
            ],
            [
              4.859402,
              52.3965048
            ],
            [
              4.859408,
              52.3965097
            ]
          ]
        ]
      }
    },
    {
      "type": "Feature",
      "properties": {
        "osm_id": "850486479",
        "code": 8104,
        "fclass": "drain",
        "width": 0,
        "name": null,
        "oneway": "NO",
        "speed_kmh": 6.0
      },
      "geometry": {
        "type": "MultiLineString",
        "coordinates": [
          [
            [
              4.8594435,
              52.396494
            ],
            [
              4.8596378,
              52.3966576
            ]
          ]
        ]
      }
    },
    {
      "type": "Feature",
      "properties": {
        "osm_id": "850486480",
        "code": 8104,
        "fclass": "drain",
        "width": 0,
        "name": null,
        "oneway": "NO",
        "speed_kmh": 6.0
      },
      "geometry": {
        "type": "MultiLineString",
        "coordinates": [
          [
            [
              4.8594312,
              52.3964836
            ],
            [
              4.8594373,
              52.3964889
            ],
            [
              4.8594435,
              52.396494
            ]
          ]
        ]
      }
    },
    {
      "type": "Feature",
      "properties": {
        "osm_id": "850486482",
        "code": 8104,
        "fclass": "drain",
        "width": 0,
        "name": null,
        "oneway": "NO",
        "speed_kmh": 6.0
      },
      "geometry": {
        "type": "MultiLineString",
        "coordinates": [
          [
            [
              4.8591583,
              52.3962538
            ],
            [
              4.8591623,
              52.3962571
            ],
            [
              4.8591665,
              52.3962607
            ]
          ]
        ]
      }
    },
    {
      "type": "Feature",
      "properties": {
        "osm_id": "850486483",
        "code": 8104,
        "fclass": "drain",
        "width": 0,
        "name": null,
        "oneway": "NO",
        "speed_kmh": 6.0
      },
      "geometry": {
        "type": "MultiLineString",
        "coordinates": [
          [
            [
              4.8588258,
              52.3959948
            ],
            [
              4.8588564,
              52.396003
            ],
            [
              4.858892,
              52.3960326
            ]
          ]
        ]
      }
    },
    {
      "type": "Feature",
      "properties": {
        "osm_id": "850486484",
        "code": 8104,
        "fclass": "drain",
        "width": 0,
        "name": null,
        "oneway": "NO",
        "speed_kmh": 6.0
      },
      "geometry": {
        "type": "MultiLineString",
        "coordinates": [
          [
            [
              4.8596033,
              52.3966728
            ],
            [
              4.8596787,
              52.3967357
            ],
            [
              4.8597097,
              52.3967394
            ]
          ]
        ]
      }
    },
    {
      "type": "Feature",
      "properties": {
        "osm_id": "850486485",
        "code": 8104,
        "fclass": "drain",
        "width": 0,
        "name": null,
        "oneway": "NO",
        "speed_kmh": 6.0
      },
      "geometry": {
        "type": "MultiLineString",
        "coordinates": [
          [
            [
              4.8591215,
              52.3962706
            ],
            [
              4.8591255,
              52.396274
            ],
            [
              4.8591297,
              52.3962775
            ]
          ]
        ]
      }
    },
    {
      "type": "Feature",
      "properties": {
        "osm_id": "850486487",
        "code": 8104,
        "fclass": "drain",
        "width": 0,
        "name": null,
        "oneway": "NO",
        "speed_kmh": 6.0
      },
      "geometry": {
        "type": "MultiLineString",
        "coordinates": [
          [
            [
              4.8591851,
              52.3962471
            ],
            [
              4.8591729,
              52.3962524
            ],
            [
              4.8591623,
              52.3962571
            ]
          ]
        ]
      }
    },
    {
      "type": "Feature",
      "properties": {
        "osm_id": "850486489",
        "code": 8104,
        "fclass": "drain",
        "width": 0,
        "name": null,
        "oneway": "NO",
        "speed_kmh": 6.0
      },
      "geometry": {
        "type": "MultiLineString",
        "coordinates": [
          [
            [
              4.8588258,
              52.3959948
            ],
            [
              4.8588297,
              52.3960202
            ],
            [
              4.8588607,
              52.3960468
            ]
          ]
        ]
      }
    },
    {
      "type": "Feature",
      "properties": {
        "osm_id": "850486490",
        "code": 8104,
        "fclass": "drain",
        "width": 0,
        "name": null,
        "oneway": "NO",
        "speed_kmh": 6.0
      },
      "geometry": {
        "type": "MultiLineString",
        "coordinates": [
          [
            [
              4.8596378,
              52.3966576
            ],
            [
              4.8597136,
              52.3967215
            ],
            [
              4.8597097,
              52.3967394
            ],
            [
              4.8600202,
              52.3969872
            ],
            [
              4.8600018,
              52.3972539
            ]
          ]
        ]
      }
    },
    {
      "type": "Feature",
      "properties": {
        "osm_id": "850486491",
        "code": 8104,
        "fclass": "drain",
        "width": 0,
        "name": null,
        "oneway": "NO",
        "speed_kmh": 6.0
      },
      "geometry": {
        "type": "MultiLineString",
        "coordinates": [
          [
            [
              4.8594373,
              52.3964889
            ],
            [
              4.8594515,
              52.3964827
            ],
            [
              4.8601513,
              52.3961785
            ],
            [
              4.8607854,
              52.395896
            ]
          ]
        ]
      }
    },
    {
      "type": "Feature",
      "properties": {
        "osm_id": "851457965",
        "code": 8104,
        "fclass": "drain",
        "width": 0,
        "name": null,
        "oneway": "NO",
        "speed_kmh": 6.0
      },
      "geometry": {
        "type": "MultiLineString",
        "coordinates": [
          [
            [
              4.8722313,
              52.3936542
            ],
            [
              4.8718423,
              52.3945125
            ],
            [
              4.8717337,
              52.3946808
            ],
            [
              4.8717149,
              52.3947302
            ],
            [
              4.8715275,
              52.3949654
            ],
            [
              4.8714899,
              52.3949921
            ]
          ]
        ]
      }
    },
    {
      "type": "Feature",
      "properties": {
        "osm_id": "851473644",
        "code": 8104,
        "fclass": "drain",
        "width": 0,
        "name": null,
        "oneway": "NO",
        "speed_kmh": 6.0
      },
      "geometry": {
        "type": "MultiLineString",
        "coordinates": [
          [
            [
              4.8722683,
              52.3935758
            ],
            [
              4.8722313,
              52.3936542
            ]
          ]
        ]
      }
    },
    {
      "type": "Feature",
      "properties": {
        "osm_id": "851473647",
        "code": 8104,
        "fclass": "drain",
        "width": 0,
        "name": null,
        "oneway": "NO",
        "speed_kmh": 6.0
      },
      "geometry": {
        "type": "MultiLineString",
        "coordinates": [
          [
            [
              4.8704586,
              52.3939938
            ],
            [
              4.8705876,
              52.394061
            ]
          ]
        ]
      }
    },
    {
      "type": "Feature",
      "properties": {
        "osm_id": "851473648",
        "code": 8104,
        "fclass": "drain",
        "width": 0,
        "name": null,
        "oneway": "NO",
        "speed_kmh": 6.0
      },
      "geometry": {
        "type": "MultiLineString",
        "coordinates": [
          [
            [
              4.8690728,
              52.3935454
            ],
            [
              4.8691945,
              52.3935691
            ],
            [
              4.8692992,
              52.3935899
            ],
            [
              4.8695642,
              52.393652
            ],
            [
              4.8697798,
              52.393711
            ],
            [
              4.8700042,
              52.393787
            ],
            [
              4.8702608,
              52.3938978
            ],
            [
              4.8704586,
              52.3939938
            ]
          ]
        ]
      }
    },
    {
      "type": "Feature",
      "properties": {
        "osm_id": "858569189",
        "code": 8103,
        "fclass": "canal",
        "width": 0,
        "name": "Voormalig Schutsluis Willem III",
        "oneway": "NO",
        "speed_kmh": 6.0
      },
      "geometry": {
        "type": "MultiLineString",
        "coordinates": [
          [
            [
              4.9091978,
              52.3831603
            ],
            [
              4.9068879,
              52.3814959
            ]
          ]
        ]
      }
    },
    {
      "type": "Feature",
      "properties": {
        "osm_id": "858569190",
        "code": 8103,
        "fclass": "canal",
        "width": 0,
        "name": null,
        "oneway": "NO",
        "speed_kmh": 6.0
      },
      "geometry": {
        "type": "MultiLineString",
        "coordinates": [
          [
            [
              4.90682,
              52.3828684
            ],
            [
              4.907118,
              52.3826382
            ],
            [
              4.9071237,
              52.3825808
            ]
          ]
        ]
      }
    },
    {
      "type": "Feature",
      "properties": {
        "osm_id": "858569191",
        "code": 8103,
        "fclass": "canal",
        "width": 0,
        "name": null,
        "oneway": "NO",
        "speed_kmh": 6.0
      },
      "geometry": {
        "type": "MultiLineString",
        "coordinates": [
          [
            [
              4.9064163,
              52.3826877
            ],
            [
              4.9067615,
              52.3824217
            ],
            [
              4.9067791,
              52.3823489
            ]
          ]
        ]
      }
    },
    {
      "type": "Feature",
      "properties": {
        "osm_id": "858569192",
        "code": 8103,
        "fclass": "canal",
        "width": 0,
        "name": null,
        "oneway": "NO",
        "speed_kmh": 6.0
      },
      "geometry": {
        "type": "MultiLineString",
        "coordinates": [
          [
            [
              4.9061144,
              52.3824176
            ],
            [
              4.9064163,
              52.3821689
            ],
            [
              4.906412,
              52.3821018
            ]
          ]
        ]
      }
    },
    {
      "type": "Feature",
      "properties": {
        "osm_id": "858569193",
        "code": 8103,
        "fclass": "canal",
        "width": 0,
        "name": "Sixhaven",
        "oneway": "NO",
        "speed_kmh": 6.0
      },
      "geometry": {
        "type": "MultiLineString",
        "coordinates": [
          [
            [
              4.9056315,
              52.3821718
            ],
            [
              4.9060729,
              52.3818736
            ],
            [
              4.906104,
              52.3817575
            ],
            [
              4.9063813,
              52.3816036
            ],
            [
              4.9066841,
              52.3816306
            ],
            [
              4.9068879,
              52.3814959
            ],
            [
              4.9064916,
              52.3798221
            ]
          ]
        ]
      }
    },
    {
      "type": "Feature",
      "properties": {
        "osm_id": "858569194",
        "code": 8103,
        "fclass": "canal",
        "width": 0,
        "name": null,
        "oneway": "NO",
        "speed_kmh": 6.0
      },
      "geometry": {
        "type": "MultiLineString",
        "coordinates": [
          [
            [
              4.9062069,
              52.3825415
            ],
            [
              4.9050656,
              52.381987
            ],
            [
              4.9050637,
              52.3819052
            ],
            [
              4.9055692,
              52.3815454
            ],
            [
              4.9057352,
              52.3815304
            ],
            [
              4.906104,
              52.3817575
            ],
            [
              4.9064351,
              52.3819904
            ]
          ]
        ]
      }
    },
    {
      "type": "Feature",
      "properties": {
        "osm_id": "858569195",
        "code": 8103,
        "fclass": "canal",
        "width": 0,
        "name": null,
        "oneway": "NO",
        "speed_kmh": 6.0
      },
      "geometry": {
        "type": "MultiLineString",
        "coordinates": [
          [
            [
              4.9070954,
              52.3829847
            ],
            [
              4.9073501,
              52.3828045
            ],
            [
              4.9073416,
              52.3827274
            ],
            [
              4.9071237,
              52.3825808
            ],
            [
              4.9067791,
              52.3823489
            ],
            [
              4.906412,
              52.3821018
            ],
            [
              4.9060729,
              52.3818736
            ]
          ]
        ]
      }
    },
    {
      "type": "Feature",
      "properties": {
        "osm_id": "858569196",
        "code": 8103,
        "fclass": "canal",
        "width": 0,
        "name": null,
        "oneway": "NO",
        "speed_kmh": 6.0
      },
      "geometry": {
        "type": "MultiLineString",
        "coordinates": [
          [
            [
              4.9069916,
              52.3844828
            ],
            [
              4.9072332,
              52.3845668
            ],
            [
              4.9077908,
              52.3847843
            ],
            [
              4.9079592,
              52.3848123
            ],
            [
              4.908151,
              52.3848266
            ],
            [
              4.9085461,
              52.3848374
            ],
            [
              4.9087234,
              52.3848236
            ],
            [
              4.9089498,
              52.3848132
            ],
            [
              4.9091912,
              52.3847326
            ],
            [
              4.909381,
              52.3846373
            ]
          ]
        ]
      }
    },
    {
      "type": "Feature",
      "properties": {
        "osm_id": "858569202",
        "code": 8103,
        "fclass": "canal",
        "width": 0,
        "name": "Noordhollandsch Kanaal",
        "oneway": "NO",
        "speed_kmh": 6.0
      },
      "geometry": {
        "type": "MultiLineString",
        "coordinates": [
          [
            [
              4.9077309,
              52.3836637
            ],
            [
              4.907384,
              52.3835069
            ],
            [
              4.9054463,
              52.3827953
            ]
          ]
        ]
      }
    },
    {
      "type": "Feature",
      "properties": {
        "osm_id": "858569203",
        "code": 8103,
        "fclass": "canal",
        "width": 0,
        "name": "Noordhollandsch Kanaal",
        "oneway": "NO",
        "speed_kmh": 6.0
      },
      "geometry": {
        "type": "MultiLineString",
        "coordinates": [
          [
            [
              4.909381,
              52.3846373
            ],
            [
              4.90898,
              52.3842364
            ],
            [
              4.9083321,
              52.3839333
            ]
          ]
        ]
      }
    },
    {
      "type": "Feature",
      "properties": {
        "osm_id": "858569204",
        "code": 8103,
        "fclass": "canal",
        "width": 0,
        "name": "Noordhollandsch Kanaal",
        "oneway": "NO",
        "speed_kmh": 6.0
      },
      "geometry": {
        "type": "MultiLineString",
        "coordinates": [
          [
            [
              4.9083321,
              52.3839333
            ],
            [
              4.9077309,
              52.3836637
            ]
          ]
        ]
      }
    },
    {
      "type": "Feature",
      "properties": {
        "osm_id": "858569211",
        "code": 8103,
        "fclass": "canal",
        "width": 0,
        "name": "Noordhollandsch Kanaal",
        "oneway": "NO",
        "speed_kmh": 6.0
      },
      "geometry": {
        "type": "MultiLineString",
        "coordinates": [
          [
            [
              4.9172608,
              52.3888635
            ],
            [
              4.9180123,
              52.3893081
            ],
            [
              4.9181992,
              52.3894932
            ],
            [
              4.9184509,
              52.3897424
            ],
            [
              4.9187707,
              52.3900633
            ],
            [
              4.919297,
              52.3908273
            ]
          ]
        ]
      }
    },
    {
      "type": "Feature",
      "properties": {
        "osm_id": "858569212",
        "code": 8103,
        "fclass": "canal",
        "width": 0,
        "name": "Noordhollandsch Kanaal",
        "oneway": "NO",
        "speed_kmh": 6.0
      },
      "geometry": {
        "type": "MultiLineString",
        "coordinates": [
          [
            [
              4.9137281,
              52.3865744
            ],
            [
              4.912833,
              52.3861696
            ],
            [
              4.9124501,
              52.386017
            ],
            [
              4.9107658,
              52.3852001
            ]
          ]
        ]
      }
    },
    {
      "type": "Feature",
      "properties": {
        "osm_id": "858569213",
        "code": 8103,
        "fclass": "canal",
        "width": 0,
        "name": "Noordhollandsch Kanaal",
        "oneway": "NO",
        "speed_kmh": 6.0
      },
      "geometry": {
        "type": "MultiLineString",
        "coordinates": [
          [
            [
              4.919297,
              52.3908273
            ],
            [
              4.9185399,
              52.3901149
            ],
            [
              4.9182301,
              52.3898233
            ],
            [
              4.9179785,
              52.3895725
            ],
            [
              4.9177878,
              52.3893841
            ],
            [
              4.9172608,
              52.3888635
            ]
          ]
        ]
      }
    },
    {
      "type": "Feature",
      "properties": {
        "osm_id": "858569220",
        "code": 8103,
        "fclass": "canal",
        "width": 0,
        "name": null,
        "oneway": "NO",
        "speed_kmh": 6.0
      },
      "geometry": {
        "type": "MultiLineString",
        "coordinates": [
          [
            [
              4.9207869,
              52.3985818
            ],
            [
              4.9213693,
              52.398594
            ],
            [
              4.9215023,
              52.3985756
            ],
            [
              4.9218645,
              52.398384
            ],
            [
              4.9225087,
              52.3974925
            ],
            [
              4.9225512,
              52.3973549
            ],
            [
              4.9225559,
              52.3972197
            ],
            [
              4.9224946,
              52.3971287
            ],
            [
              4.9224408,
              52.3970965
            ],
            [
              4.9221199,
              52.3969922
            ]
          ]
        ]
      }
    },
    {
      "type": "Feature",
      "properties": {
        "osm_id": "858569222",
        "code": 8103,
        "fclass": "canal",
        "width": 0,
        "name": "Noordhollandsch Kanaal",
        "oneway": "NO",
        "speed_kmh": 6.0
      },
      "geometry": {
        "type": "MultiLineString",
        "coordinates": [
          [
            [
              4.9248029,
              52.4039999
            ],
            [
              4.9253111,
              52.4045751
            ],
            [
              4.9253312,
              52.4047282
            ],
            [
              4.925362,
              52.4049618
            ],
            [
              4.9252058,
              52.4054266
            ]
          ]
        ]
      }
    },
    {
      "type": "Feature",
      "properties": {
        "osm_id": "858569225",
        "code": 8103,
        "fclass": "canal",
        "width": 0,
        "name": "Noordhollandsch Kanaal",
        "oneway": "NO",
        "speed_kmh": 6.0
      },
      "geometry": {
        "type": "MultiLineString",
        "coordinates": [
          [
            [
              4.9212526,
              52.3989774
            ],
            [
              4.9210146,
              52.398885
            ],
            [
              4.9208381,
              52.3987439
            ],
            [
              4.9207869,
              52.3985818
            ],
            [
              4.9208643,
              52.3983789
            ],
            [
              4.9221199,
              52.3969922
            ],
            [
              4.9222529,
              52.3968453
            ],
            [
              4.9222989,
              52.3967199
            ],
            [
              4.9222798,
              52.3965747
            ],
            [
              4.9218202,
              52.3956622
            ],
            [
              4.9211787,
              52.3943884
            ],
            [
              4.9198527,
              52.3917556
            ],
            [
              4.919297,
              52.3908273
            ]
          ]
        ]
      }
    },
    {
      "type": "Feature",
      "properties": {
        "osm_id": "858569226",
        "code": 8103,
        "fclass": "canal",
        "width": 0,
        "name": "Noordhollandsch Kanaal",
        "oneway": "NO",
        "speed_kmh": 6.0
      },
      "geometry": {
        "type": "MultiLineString",
        "coordinates": [
          [
            [
              4.9252058,
              52.4054266
            ],
            [
              4.9248187,
              52.4050562
            ],
            [
              4.9247922,
              52.4049132
            ],
            [
              4.9247564,
              52.4047201
            ],
            [
              4.9248029,
              52.4039999
            ]
          ]
        ]
      }
    },
    {
      "type": "Feature",
      "properties": {
        "osm_id": "858569227",
        "code": 8103,
        "fclass": "canal",
        "width": 0,
        "name": "Noordhollandsch Kanaal",
        "oneway": "NO",
        "speed_kmh": 6.0
      },
      "geometry": {
        "type": "MultiLineString",
        "coordinates": [
          [
            [
              4.9248029,
              52.4039999
            ],
            [
              4.9250771,
              52.404803
            ],
            [
              4.9252058,
              52.4054266
            ]
          ]
        ]
      }
    },
    {
      "type": "Feature",
      "properties": {
        "osm_id": "858651012",
        "code": 8103,
        "fclass": "canal",
        "width": 0,
        "name": "Korte Prinsengracht",
        "oneway": "Yes",
        "speed_kmh": 6.0
      },
      "geometry": {
        "type": "MultiLineString",
        "coordinates": [
          [
            [
              4.8897611,
              52.3819553
            ],
            [
              4.8893839,
              52.3815556
            ]
          ]
        ]
      }
    },
    {
      "type": "Feature",
      "properties": {
        "osm_id": "858651013",
        "code": 8103,
        "fclass": "canal",
        "width": 0,
        "name": "Korte Prinsengracht",
        "oneway": "Yes",
        "speed_kmh": 6.0
      },
      "geometry": {
        "type": "MultiLineString",
        "coordinates": [
          [
            [
              4.8897611,
              52.3819553
            ],
            [
              4.8899809,
              52.3820993
            ],
            [
              4.8901083,
              52.3822124
            ],
            [
              4.8904902,
              52.3825964
            ],
            [
              4.8907095,
              52.3828183
            ],
            [
              4.8907017,
              52.3830424
            ]
          ]
        ]
      }
    },
    {
      "type": "Feature",
      "properties": {
        "osm_id": "858651024",
        "code": 8103,
        "fclass": "canal",
        "width": 0,
        "name": null,
        "oneway": "NO",
        "speed_kmh": 6.0
      },
      "geometry": {
        "type": "MultiLineString",
        "coordinates": [
          [
            [
              4.8946315,
              52.3837539
            ],
            [
              4.8935544,
              52.3835927
            ],
            [
              4.8935082,
              52.3835499
            ]
          ]
        ]
      }
    },
    {
      "type": "Feature",
      "properties": {
        "osm_id": "858651025",
        "code": 8103,
        "fclass": "canal",
        "width": 0,
        "name": null,
        "oneway": "NO",
        "speed_kmh": 6.0
      },
      "geometry": {
        "type": "MultiLineString",
        "coordinates": [
          [
            [
              4.8943372,
              52.3840809
            ],
            [
              4.8934638,
              52.3839554
            ],
            [
              4.8934028,
              52.3838967
            ]
          ]
        ]
      }
    },
    {
      "type": "Feature",
      "properties": {
        "osm_id": "858651026",
        "code": 8103,
        "fclass": "canal",
        "width": 0,
        "name": null,
        "oneway": "NO",
        "speed_kmh": 6.0
      },
      "geometry": {
        "type": "MultiLineString",
        "coordinates": [
          [
            [
              4.8940335,
              52.3844194
            ],
            [
              4.8934997,
              52.3843411
            ],
            [
              4.8934514,
              52.3843141
            ]
          ]
        ]
      }
    },
    {
      "type": "Feature",
      "properties": {
        "osm_id": "858651027",
        "code": 8103,
        "fclass": "canal",
        "width": 0,
        "name": "City Marina IJdock",
        "oneway": "NO",
        "speed_kmh": 6.0
      },
      "geometry": {
        "type": "MultiLineString",
        "coordinates": [
          [
            [
              4.893611,
              52.3848316
            ],
            [
              4.8934514,
              52.3843141
            ],
            [
              4.8933959,
              52.3841339
            ],
            [
              4.8934028,
              52.3838967
            ],
            [
              4.8934072,
              52.3837435
            ],
            [
              4.8935082,
              52.3835499
            ],
            [
              4.8935379,
              52.3834931
            ],
            [
              4.8935803,
              52.383403
            ],
            [
              4.8937147,
              52.3833555
            ],
            [
              4.8941731,
              52.3834396
            ],
            [
              4.8945953,
              52.383268
            ]
          ]
        ]
      }
    },
    {
      "type": "Feature",
      "properties": {
        "osm_id": "858955799",
        "code": 8103,
        "fclass": "canal",
        "width": 0,
        "name": "Ringvaart",
        "oneway": "NO",
        "speed_kmh": 6.0
      },
      "geometry": {
        "type": "MultiLineString",
        "coordinates": [
          [
            [
              4.9592318,
              52.3578921
            ],
            [
              4.9598201,
              52.3578564
            ],
            [
              4.9604786,
              52.3577229
            ],
            [
              4.9610537,
              52.3574556
            ],
            [
              4.961777,
              52.3571121
            ],
            [
              4.9620923,
              52.3568685
            ],
            [
              4.9625333,
              52.3566784
            ],
            [
              4.9626004,
              52.356664
            ],
            [
              4.9626706,
              52.3566568
            ],
            [
              4.962731,
              52.3566566
            ],
            [
              4.9627909,
              52.3566619
            ],
            [
              4.9628488,
              52.3566724
            ],
            [
              4.9629113,
              52.3566889
            ],
            [
              4.9629677,
              52.3567121
            ],
            [
              4.963007,
              52.356735
            ],
            [
              4.9630403,
              52.3567611
            ],
            [
              4.9630639,
              52.3567899
            ],
            [
              4.9630789,
              52.3568
            ],
            [
              4.9630978,
              52.3568072
            ],
            [
              4.9631229,
              52.3568112
            ],
            [
              4.9631488,
              52.3568101
            ],
            [
              4.9633104,
              52.3567745
            ],
            [
              4.9639109,
              52.3566424
            ],
            [
              4.9639486,
              52.3566289
            ]
          ]
        ]
      }
    },
    {
      "type": "Feature",
      "properties": {
        "osm_id": "858955801",
        "code": 8103,
        "fclass": "canal",
        "width": 0,
        "name": "Nieuwe Diep",
        "oneway": "NO",
        "speed_kmh": 6.0
      },
      "geometry": {
        "type": "MultiLineString",
        "coordinates": [
          [
            [
              4.9613151,
              52.3590844
            ],
            [
              4.959764,
              52.358462
            ]
          ]
        ]
      }
    },
    {
      "type": "Feature",
      "properties": {
        "osm_id": "858955819",
        "code": 8103,
        "fclass": "canal",
        "width": 0,
        "name": "Singelgracht",
        "oneway": "NO",
        "speed_kmh": 6.0
      },
      "geometry": {
        "type": "MultiLineString",
        "coordinates": [
          [
            [
              4.8782454,
              52.3662441
            ],
            [
              4.8781756,
              52.3662885
            ]
          ]
        ]
      }
    },
    {
      "type": "Feature",
      "properties": {
        "osm_id": "859321980",
        "code": 8103,
        "fclass": "canal",
        "width": 0,
        "name": "Oostenburgervaart",
        "oneway": "NO",
        "speed_kmh": 6.0
      },
      "geometry": {
        "type": "MultiLineString",
        "coordinates": [
          [
            [
              4.9259642,
              52.3692824
            ],
            [
              4.9264105,
              52.3695602
            ]
          ]
        ]
      }
    },
    {
      "type": "Feature",
      "properties": {
        "osm_id": "859321981",
        "code": 8103,
        "fclass": "canal",
        "width": 0,
        "name": null,
        "oneway": "NO",
        "speed_kmh": 6.0
      },
      "geometry": {
        "type": "MultiLineString",
        "coordinates": [
          [
            [
              4.9224172,
              52.3715723
            ],
            [
              4.9235659,
              52.3708907
            ]
          ]
        ]
      }
    },
    {
      "type": "Feature",
      "properties": {
        "osm_id": "859321983",
        "code": 8103,
        "fclass": "canal",
        "width": 0,
        "name": "Nieuwe Vaart",
        "oneway": "NO",
        "speed_kmh": 6.0
      },
      "geometry": {
        "type": "MultiLineString",
        "coordinates": [
          [
            [
              4.953592,
              52.3674306
            ],
            [
              4.9548293,
              52.3674563
            ],
            [
              4.9555579,
              52.3676724
            ],
            [
              4.9563372,
              52.3680667
            ],
            [
              4.9567802,
              52.3681832
            ]
          ]
        ]
      }
    },
    {
      "type": "Feature",
      "properties": {
        "osm_id": "859321984",
        "code": 8103,
        "fclass": "canal",
        "width": 0,
        "name": "Nieuwe Vaart",
        "oneway": "NO",
        "speed_kmh": 6.0
      },
      "geometry": {
        "type": "MultiLineString",
        "coordinates": [
          [
            [
              4.9526952,
              52.367421
            ],
            [
              4.953592,
              52.3674306
            ]
          ]
        ]
      }
    },
    {
      "type": "Feature",
      "properties": {
        "osm_id": "859321987",
        "code": 8103,
        "fclass": "canal",
        "width": 0,
        "name": "Nieuwe Vaart",
        "oneway": "NO",
        "speed_kmh": 6.0
      },
      "geometry": {
        "type": "MultiLineString",
        "coordinates": [
          [
            [
              4.931574,
              52.3672336
            ],
            [
              4.9321201,
              52.367165
            ],
            [
              4.9323645,
              52.3671664
            ],
            [
              4.9332059,
              52.3672438
            ]
          ]
        ]
      }
    },
    {
      "type": "Feature",
      "properties": {
        "osm_id": "859321988",
        "code": 8103,
        "fclass": "canal",
        "width": 0,
        "name": "Nieuwe Vaart",
        "oneway": "NO",
        "speed_kmh": 6.0
      },
      "geometry": {
        "type": "MultiLineString",
        "coordinates": [
          [
            [
              4.925753,
              52.3671074
            ],
            [
              4.9266981,
              52.3671321
            ],
            [
              4.931574,
              52.3672336
            ]
          ]
        ]
      }
    },
    {
      "type": "Feature",
      "properties": {
        "osm_id": "859321989",
        "code": 8103,
        "fclass": "canal",
        "width": 0,
        "name": "Nieuwe Vaart",
        "oneway": "NO",
        "speed_kmh": 6.0
      },
      "geometry": {
        "type": "MultiLineString",
        "coordinates": [
          [
            [
              4.9332059,
              52.3672438
            ],
            [
              4.9324457,
              52.3673112
            ],
            [
              4.9321806,
              52.3673054
            ],
            [
              4.931574,
              52.3672336
            ]
          ]
        ]
      }
    },
    {
      "type": "Feature",
      "properties": {
        "osm_id": "859321998",
        "code": 8103,
        "fclass": "canal",
        "width": 0,
        "name": "Nieuwe Vaart",
        "oneway": "NO",
        "speed_kmh": 6.0
      },
      "geometry": {
        "type": "MultiLineString",
        "coordinates": [
          [
            [
              4.9135219,
              52.3715129
            ],
            [
              4.9139298,
              52.3709602
            ],
            [
              4.9142064,
              52.3708098
            ],
            [
              4.9145117,
              52.370657
            ],
            [
              4.9151432,
              52.3705719
            ]
          ]
        ]
      }
    },
    {
      "type": "Feature",
      "properties": {
        "osm_id": "859321999",
        "code": 8103,
        "fclass": "canal",
        "width": 0,
        "name": "Nieuwe Vaart",
        "oneway": "NO",
        "speed_kmh": 6.0
      },
      "geometry": {
        "type": "MultiLineString",
        "coordinates": [
          [
            [
              4.9151432,
              52.3705719
            ],
            [
              4.9149615,
              52.3708586
            ],
            [
              4.914682,
              52.3710065
            ],
            [
              4.9143164,
              52.3711975
            ],
            [
              4.9135219,
              52.3715129
            ]
          ]
        ]
      }
    },
    {
      "type": "Feature",
      "properties": {
        "osm_id": "859322000",
        "code": 8103,
        "fclass": "canal",
        "width": 0,
        "name": "Nieuwe Vaart",
        "oneway": "NO",
        "speed_kmh": 6.0
      },
      "geometry": {
        "type": "MultiLineString",
        "coordinates": [
          [
            [
              4.9247504,
              52.3673537
            ],
            [
              4.9250132,
              52.3672237
            ],
            [
              4.9252448,
              52.3671651
            ],
            [
              4.9255268,
              52.3670886
            ],
            [
              4.925753,
              52.3671074
            ]
          ]
        ]
      }
    },
    {
      "type": "Feature",
      "properties": {
        "osm_id": "859322001",
        "code": 8103,
        "fclass": "canal",
        "width": 0,
        "name": "Nieuwe Vaart",
        "oneway": "NO",
        "speed_kmh": 6.0
      },
      "geometry": {
        "type": "MultiLineString",
        "coordinates": [
          [
            [
              4.925753,
              52.3671074
            ],
            [
              4.925614,
              52.3671909
            ],
            [
              4.925346,
              52.3672582
            ],
            [
              4.9251398,
              52.3673104
            ],
            [
              4.9247504,
              52.3673537
            ]
          ]
        ]
      }
    },
    {
      "type": "Feature",
      "properties": {
        "osm_id": "859322002",
        "code": 8103,
        "fclass": "canal",
        "width": 0,
        "name": null,
        "oneway": "NO",
        "speed_kmh": 6.0
      },
      "geometry": {
        "type": "MultiLineString",
        "coordinates": [
          [
            [
              4.946413,
              52.3695129
            ],
            [
              4.9474185,
              52.3695475
            ],
            [
              4.9479517,
              52.3705392
            ]
          ]
        ]
      }
    },
    {
      "type": "Feature",
      "properties": {
        "osm_id": "859322003",
        "code": 8103,
        "fclass": "canal",
        "width": 0,
        "name": null,
        "oneway": "NO",
        "speed_kmh": 6.0
      },
      "geometry": {
        "type": "MultiLineString",
        "coordinates": [
          [
            [
              4.9463036,
              52.3695083
            ],
            [
              4.9449454,
              52.3694703
            ],
            [
              4.944602,
              52.369923
            ]
          ]
        ]
      }
    },
    {
      "type": "Feature",
      "properties": {
        "osm_id": "859322004",
        "code": 8103,
        "fclass": "canal",
        "width": 0,
        "name": null,
        "oneway": "NO",
        "speed_kmh": 6.0
      },
      "geometry": {
        "type": "MultiLineString",
        "coordinates": [
          [
            [
              4.946281,
              52.3698032
            ],
            [
              4.9449001,
              52.3697456
            ],
            [
              4.944602,
              52.369923
            ],
            [
              4.9445794,
              52.3702708
            ]
          ]
        ]
      }
    },
    {
      "type": "Feature",
      "properties": {
        "osm_id": "859322005",
        "code": 8103,
        "fclass": "canal",
        "width": 0,
        "name": null,
        "oneway": "NO",
        "speed_kmh": 6.0
      },
      "geometry": {
        "type": "MultiLineString",
        "coordinates": [
          [
            [
              4.9462168,
              52.3701441
            ],
            [
              4.9448548,
              52.3701026
            ],
            [
              4.9445794,
              52.3702708
            ],
            [
              4.9445361,
              52.3704187
            ]
          ]
        ]
      }
    },
    {
      "type": "Feature",
      "properties": {
        "osm_id": "859322006",
        "code": 8103,
        "fclass": "canal",
        "width": 0,
        "name": null,
        "oneway": "NO",
        "speed_kmh": 6.0
      },
      "geometry": {
        "type": "MultiLineString",
        "coordinates": [
          [
            [
              4.9464168,
              52.3698055
            ],
            [
              4.9472846,
              52.3698377
            ],
            [
              4.9476693,
              52.3702141
            ]
          ]
        ]
      }
    },
    {
      "type": "Feature",
      "properties": {
        "osm_id": "859322007",
        "code": 8103,
        "fclass": "canal",
        "width": 0,
        "name": null,
        "oneway": "NO",
        "speed_kmh": 6.0
      },
      "geometry": {
        "type": "MultiLineString",
        "coordinates": [
          [
            [
              4.9463508,
              52.3701522
            ],
            [
              4.9476693,
              52.3702141
            ],
            [
              4.9479517,
              52.3705392
            ]
          ]
        ]
      }
    },
    {
      "type": "Feature",
      "properties": {
        "osm_id": "859322008",
        "code": 8103,
        "fclass": "canal",
        "width": 0,
        "name": "Entrepothaven",
        "oneway": "NO",
        "speed_kmh": 6.0
      },
      "geometry": {
        "type": "MultiLineString",
        "coordinates": [
          [
            [
              4.9379315,
              52.3695532
            ],
            [
              4.9368429,
              52.369533
            ],
            [
              4.936628,
              52.369529
            ],
            [
              4.9362838,
              52.3698207
            ]
          ]
        ]
      }
    },
    {
      "type": "Feature",
      "properties": {
        "osm_id": "859322009",
        "code": 8103,
        "fclass": "canal",
        "width": 0,
        "name": "Entrepothaven",
        "oneway": "NO",
        "speed_kmh": 6.0
      },
      "geometry": {
        "type": "MultiLineString",
        "coordinates": [
          [
            [
              4.9362838,
              52.3698207
            ],
            [
              4.9360075,
              52.3696753
            ],
            [
              4.9355288,
              52.3696532
            ],
            [
              4.9351037,
              52.3696311
            ],
            [
              4.9347832,
              52.3695805
            ],
            [
              4.9345467,
              52.369472
            ],
            [
              4.9342958,
              52.3692172
            ],
            [
              4.9341207,
              52.3688254
            ]
          ]
        ]
      }
    },
    {
      "type": "Feature",
      "properties": {
        "osm_id": "859322010",
        "code": 8103,
        "fclass": "canal",
        "width": 0,
        "name": null,
        "oneway": "NO",
        "speed_kmh": 6.0
      },
      "geometry": {
        "type": "MultiLineString",
        "coordinates": [
          [
            [
              4.9472874,
              52.3717422
            ],
            [
              4.9493908,
              52.3719771
            ],
            [
              4.9520573,
              52.372268
            ],
            [
              4.9528007,
              52.3720498
            ]
          ]
        ]
      }
    },
    {
      "type": "Feature",
      "properties": {
        "osm_id": "859322011",
        "code": 8103,
        "fclass": "canal",
        "width": 0,
        "name": "IJhaven",
        "oneway": "NO",
        "speed_kmh": 6.0
      },
      "geometry": {
        "type": "MultiLineString",
        "coordinates": [
          [
            [
              4.924966,
              52.3785656
            ],
            [
              4.9246075,
              52.3779077
            ]
          ]
        ]
      }
    },
    {
      "type": "Feature",
      "properties": {
        "osm_id": "859322012",
        "code": 8103,
        "fclass": "canal",
        "width": 0,
        "name": "IJhaven",
        "oneway": "NO",
        "speed_kmh": 6.0
      },
      "geometry": {
        "type": "MultiLineString",
        "coordinates": [
          [
            [
              4.9246075,
              52.3779077
            ],
            [
              4.9226559,
              52.3782753
            ],
            [
              4.9197306,
              52.3784548
            ]
          ]
        ]
      }
    },
    {
      "type": "Feature",
      "properties": {
        "osm_id": "859411329",
        "code": 8103,
        "fclass": "canal",
        "width": 0,
        "name": null,
        "oneway": "NO",
        "speed_kmh": 6.0
      },
      "geometry": {
        "type": "MultiLineString",
        "coordinates": [
          [
            [
              4.8995514,
              52.3920262
            ],
            [
              4.8981328,
              52.3917269
            ],
            [
              4.8939535,
              52.3909289
            ]
          ]
        ]
      }
    },
    {
      "type": "Feature",
      "properties": {
        "osm_id": "859411330",
        "code": 8103,
        "fclass": "canal",
        "width": 0,
        "name": null,
        "oneway": "NO",
        "speed_kmh": 6.0
      },
      "geometry": {
        "type": "MultiLineString",
        "coordinates": [
          [
            [
              4.9001608,
              52.3909176
            ],
            [
              4.8983158,
              52.3906965
            ],
            [
              4.8945526,
              52.3898735
            ]
          ]
        ]
      }
    },
    {
      "type": "Feature",
      "properties": {
        "osm_id": "859411356",
        "code": 8103,
        "fclass": "canal",
        "width": 0,
        "name": "Johan van Hasseltkanaal (West)",
        "oneway": "NO",
        "speed_kmh": 6.0
      },
      "geometry": {
        "type": "MultiLineString",
        "coordinates": [
          [
            [
              4.8958091,
              52.3980684
            ],
            [
              4.9030874,
              52.3953354
            ]
          ]
        ]
      }
    },
    {
      "type": "Feature",
      "properties": {
        "osm_id": "859411358",
        "code": 8103,
        "fclass": "canal",
        "width": 0,
        "name": "Oosterdoksdoorgang",
        "oneway": "NO",
        "speed_kmh": 6.0
      },
      "geometry": {
        "type": "MultiLineString",
        "coordinates": [
          [
            [
              4.9111702,
              52.3754794
            ],
            [
              4.9113777,
              52.3759925
            ],
            [
              4.9112914,
              52.3763055
            ],
            [
              4.9111126,
              52.3768856
            ],
            [
              4.9109655,
              52.3775369
            ],
            [
              4.9106169,
              52.3783535
            ]
          ]
        ]
      }
    },
    {
      "type": "Feature",
      "properties": {
        "osm_id": "866082603",
        "code": 8103,
        "fclass": "canal",
        "width": 0,
        "name": "Stadiongracht",
        "oneway": "NO",
        "speed_kmh": 6.0
      },
      "geometry": {
        "type": "MultiLineString",
        "coordinates": [
          [
            [
              4.8559791,
              52.3420743
            ],
            [
              4.8572008,
              52.3422477
            ]
          ]
        ]
      }
    },
    {
      "type": "Feature",
      "properties": {
        "osm_id": "879845518",
        "code": 8103,
        "fclass": "canal",
        "width": 0,
        "name": null,
        "oneway": "NO",
        "speed_kmh": 6.0
      },
      "geometry": {
        "type": "MultiLineString",
        "coordinates": [
          [
            [
              4.9669994,
              52.3966289
            ],
            [
              4.9672794,
              52.3967139
            ],
            [
              4.9681431,
              52.3967531
            ],
            [
              4.9704766,
              52.396943
            ],
            [
              4.9710909,
              52.3968121
            ],
            [
              4.9718767,
              52.3968153
            ],
            [
              4.9720253,
              52.3968167
            ]
          ]
        ]
      }
    },
    {
      "type": "Feature",
      "properties": {
        "osm_id": "879845519",
        "code": 8103,
        "fclass": "canal",
        "width": 0,
        "name": null,
        "oneway": "NO",
        "speed_kmh": 6.0
      },
      "geometry": {
        "type": "MultiLineString",
        "coordinates": [
          [
            [
              4.9704692,
              52.3919862
            ],
            [
              4.9680253,
              52.3952502
            ],
            [
              4.9669994,
              52.3966289
            ]
          ]
        ]
      }
    },
    {
      "type": "Feature",
      "properties": {
        "osm_id": "879845520",
        "code": 8104,
        "fclass": "drain",
        "width": 0,
        "name": "Ringsloot",
        "oneway": "NO",
        "speed_kmh": 6.0
      },
      "geometry": {
        "type": "MultiLineString",
        "coordinates": [
          [
            [
              4.9574221,
              52.4011678
            ],
            [
              4.9577225,
              52.4011504
            ],
            [
              4.9578566,
              52.401188
            ],
            [
              4.95798,
              52.4012682
            ],
            [
              4.9585889,
              52.4019441
            ],
            [
              4.9589806,
              52.4023913
            ]
          ]
        ]
      }
    },
    {
      "type": "Feature",
      "properties": {
        "osm_id": "879845522",
        "code": 8103,
        "fclass": "canal",
        "width": 0,
        "name": "Noordhollandsch Kanaal",
        "oneway": "NO",
        "speed_kmh": 6.0
      },
      "geometry": {
        "type": "MultiLineString",
        "coordinates": [
          [
            [
              4.9400394,
              52.4132923
            ],
            [
              4.9391688,
              52.4131081
            ],
            [
              4.9355142,
              52.4121082
            ],
            [
              4.9348693,
              52.4119935
            ],
            [
              4.9311206,
              52.411682
            ],
            [
              4.9306539,
              52.4115745
            ]
          ]
        ]
      }
    },
    {
      "type": "Feature",
      "properties": {
        "osm_id": "879845523",
        "code": 8103,
        "fclass": "canal",
        "width": 0,
        "name": "Noordhollandsch Kanaal",
        "oneway": "NO",
        "speed_kmh": 6.0
      },
      "geometry": {
        "type": "MultiLineString",
        "coordinates": [
          [
            [
              4.9443416,
              52.4145504
            ],
            [
              4.9436833,
              52.4141571
            ],
            [
              4.9424606,
              52.4138047
            ],
            [
              4.9422193,
              52.4137536
            ],
            [
              4.9400394,
              52.4132923
            ]
          ]
        ]
      }
    },
    {
      "type": "Feature",
      "properties": {
        "osm_id": "879845525",
        "code": 8103,
        "fclass": "canal",
        "width": 0,
        "name": "Het Slochter",
        "oneway": "NO",
        "speed_kmh": 6.0
      },
      "geometry": {
        "type": "MultiLineString",
        "coordinates": [
          [
            [
              4.9400394,
              52.4132923
            ],
            [
              4.9404413,
              52.4131295
            ],
            [
              4.9429254,
              52.4129487
            ],
            [
              4.9433546,
              52.4129913
            ],
            [
              4.9437576,
              52.4132112
            ]
          ]
        ]
      }
    },
    {
      "type": "Feature",
      "properties": {
        "osm_id": "881129188",
        "code": 8101,
        "fclass": "river",
        "width": 0,
        "name": "Amstel",
        "oneway": "NO",
        "speed_kmh": 7.5
      },
      "geometry": {
        "type": "MultiLineString",
        "coordinates": [
          [
            [
              4.904671,
              52.3591671
            ],
            [
              4.904348,
              52.3596598
            ]
          ]
        ]
      }
    },
    {
      "type": "Feature",
      "properties": {
        "osm_id": "881129189",
        "code": 8101,
        "fclass": "river",
        "width": 0,
        "name": "Amstel",
        "oneway": "NO",
        "speed_kmh": 7.5
      },
      "geometry": {
        "type": "MultiLineString",
        "coordinates": [
          [
            [
              4.911069,
              52.3500738
            ],
            [
              4.9097558,
              52.3521446
            ],
            [
              4.9072753,
              52.3544075
            ],
            [
              4.9068332,
              52.3549114
            ],
            [
              4.9064658,
              52.3554085
            ],
            [
              4.9061118,
              52.3560256
            ]
          ]
        ]
      }
    },
    {
      "type": "Feature",
      "properties": {
        "osm_id": "881129200",
        "code": 8101,
        "fclass": "river",
        "width": 0,
        "name": "Amstel",
        "oneway": "NO",
        "speed_kmh": 7.5
      },
      "geometry": {
        "type": "MultiLineString",
        "coordinates": [
          [
            [
              4.9126888,
              52.3475036
            ],
            [
              4.9125378,
              52.3478812
            ],
            [
              4.9121846,
              52.348229
            ],
            [
              4.911069,
              52.3500738
            ]
          ]
        ]
      }
    },
    {
      "type": "Feature",
      "properties": {
        "osm_id": "881129203",
        "code": 8103,
        "fclass": "canal",
        "width": 0,
        "name": "Kostverlorenvaart",
        "oneway": "NO",
        "speed_kmh": 6.0
      },
      "geometry": {
        "type": "MultiLineString",
        "coordinates": [
          [
            [
              4.8575881,
              52.3618143
            ],
            [
              4.8577993,
              52.3620183
            ],
            [
              4.858809,
              52.3632011
            ],
            [
              4.8592479,
              52.3637046
            ]
          ]
        ]
      }
    },
    {
      "type": "Feature",
      "properties": {
        "osm_id": "881129204",
        "code": 8103,
        "fclass": "canal",
        "width": 0,
        "name": "Admiralengracht",
        "oneway": "NO",
        "speed_kmh": 6.0
      },
      "geometry": {
        "type": "MultiLineString",
        "coordinates": [
          [
            [
              4.8592479,
              52.3637046
            ],
            [
              4.858971,
              52.3638164
            ],
            [
              4.8586862,
              52.3639313
            ],
            [
              4.8584603,
              52.3640652
            ],
            [
              4.8583802,
              52.3641127
            ],
            [
              4.8582258,
              52.3642752
            ]
          ]
        ]
      }
    },
    {
      "type": "Feature",
      "properties": {
        "osm_id": "923056021",
        "code": 8102,
        "fclass": "stream",
        "width": 0,
        "name": null,
        "oneway": "NO",
        "speed_kmh": 6.0
      },
      "geometry": {
        "type": "MultiLineString",
        "coordinates": [
          [
            [
              4.9632848,
              52.3485869
            ],
            [
              4.9634426,
              52.3485942
            ],
            [
              4.9635589,
              52.3485973
            ]
          ]
        ]
      }
    },
    {
      "type": "Feature",
      "properties": {
        "osm_id": "923056022",
        "code": 8102,
        "fclass": "stream",
        "width": 0,
        "name": null,
        "oneway": "NO",
        "speed_kmh": 6.0
      },
      "geometry": {
        "type": "MultiLineString",
        "coordinates": [
          [
            [
              4.9632203,
              52.3485819
            ],
            [
              4.9632848,
              52.3485869
            ]
          ]
        ]
      }
    },
    {
      "type": "Feature",
      "properties": {
        "osm_id": "923056023",
        "code": 8102,
        "fclass": "stream",
        "width": 0,
        "name": null,
        "oneway": "NO",
        "speed_kmh": 6.0
      },
      "geometry": {
        "type": "MultiLineString",
        "coordinates": [
          [
            [
              4.9636026,
              52.3486006
            ],
            [
              4.9637316,
              52.3486026
            ]
          ]
        ]
      }
    },
    {
      "type": "Feature",
      "properties": {
        "osm_id": "923056024",
        "code": 8102,
        "fclass": "stream",
        "width": 0,
        "name": null,
        "oneway": "NO",
        "speed_kmh": 6.0
      },
      "geometry": {
        "type": "MultiLineString",
        "coordinates": [
          [
            [
              4.9635589,
              52.3485973
            ],
            [
              4.9636026,
              52.3486006
            ]
          ]
        ]
      }
    },
    {
      "type": "Feature",
      "properties": {
        "osm_id": "923056025",
        "code": 8102,
        "fclass": "stream",
        "width": 0,
        "name": null,
        "oneway": "NO",
        "speed_kmh": 6.0
      },
      "geometry": {
        "type": "MultiLineString",
        "coordinates": [
          [
            [
              4.9637316,
              52.3486026
            ],
            [
              4.9637993,
              52.3486025
            ]
          ]
        ]
      }
    },
    {
      "type": "Feature",
      "properties": {
        "osm_id": "923056026",
        "code": 8102,
        "fclass": "stream",
        "width": 0,
        "name": null,
        "oneway": "NO",
        "speed_kmh": 6.0
      },
      "geometry": {
        "type": "MultiLineString",
        "coordinates": [
          [
            [
              4.9624175,
              52.348455
            ],
            [
              4.9624256,
              52.3484539
            ],
            [
              4.9624612,
              52.3485433
            ],
            [
              4.9624701,
              52.3485526
            ],
            [
              4.9624836,
              52.3485579
            ],
            [
              4.962501,
              52.348561
            ],
            [
              4.9625751,
              52.3485662
            ],
            [
              4.9626222,
              52.3485657
            ],
            [
              4.9627422,
              52.3485677
            ],
            [
              4.9632203,
              52.3485819
            ]
          ]
        ]
      }
    },
    {
      "type": "Feature",
      "properties": {
        "osm_id": "923056027",
        "code": 8102,
        "fclass": "stream",
        "width": 0,
        "name": null,
        "oneway": "NO",
        "speed_kmh": 6.0
      },
      "geometry": {
        "type": "MultiLineString",
        "coordinates": [
          [
            [
              4.9619868,
              52.3485132
            ],
            [
              4.9624175,
              52.348455
            ]
          ]
        ]
      }
    },
    {
      "type": "Feature",
      "properties": {
        "osm_id": "923056028",
        "code": 8102,
        "fclass": "stream",
        "width": 0,
        "name": null,
        "oneway": "NO",
        "speed_kmh": 6.0
      },
      "geometry": {
        "type": "MultiLineString",
        "coordinates": [
          [
            [
              4.9618587,
              52.3484954
            ],
            [
              4.9619868,
              52.3485132
            ]
          ]
        ]
      }
    },
    {
      "type": "Feature",
      "properties": {
        "osm_id": "923056029",
        "code": 8102,
        "fclass": "stream",
        "width": 0,
        "name": null,
        "oneway": "NO",
        "speed_kmh": 6.0
      },
      "geometry": {
        "type": "MultiLineString",
        "coordinates": [
          [
            [
              4.9686068,
              52.3486224
            ],
            [
              4.9683948,
              52.3486725
            ],
            [
              4.9682377,
              52.3486908
            ],
            [
              4.9679336,
              52.3487204
            ],
            [
              4.9676742,
              52.348738
            ],
            [
              4.9675648,
              52.3487407
            ],
            [
              4.9674886,
              52.3487389
            ],
            [
              4.9674193,
              52.3487373
            ],
            [
              4.9673348,
              52.348734
            ],
            [
              4.9670111,
              52.3487239
            ],
            [
              4.9666838,
              52.3487116
            ],
            [
              4.9663652,
              52.3487008
            ],
            [
              4.9660228,
              52.3486893
            ],
            [
              4.9658713,
              52.3486843
            ],
            [
              4.9657394,
              52.3486793
            ],
            [
              4.9656413,
              52.3486763
            ],
            [
              4.9655131,
              52.3486712
            ],
            [
              4.9653857,
              52.3486668
            ],
            [
              4.9652575,
              52.3486596
            ],
            [
              4.965098,
              52.3486523
            ],
            [
              4.9649811,
              52.3486478
            ],
            [
              4.964805,
              52.3486408
            ],
            [
              4.9646371,
              52.3486372
            ],
            [
              4.9645303,
              52.348634
            ],
            [
              4.964402,
              52.348629
            ],
            [
              4.9642373,
              52.3486231
            ],
            [
              4.964106,
              52.3486177
            ],
            [
              4.9638524,
              52.3486063
            ],
            [
              4.9638103,
              52.3486047
            ],
            [
              4.9637993,
              52.3486025
            ]
          ]
        ]
      }
    },
    {
      "type": "Feature",
      "properties": {
        "osm_id": "923056030",
        "code": 8102,
        "fclass": "stream",
        "width": 0,
        "name": null,
        "oneway": "NO",
        "speed_kmh": 6.0
      },
      "geometry": {
        "type": "MultiLineString",
        "coordinates": [
          [
            [
              4.9617889,
              52.3484817
            ],
            [
              4.9618587,
              52.3484954
            ]
          ]
        ]
      }
    },
    {
      "type": "Feature",
      "properties": {
        "osm_id": "923056031",
        "code": 8102,
        "fclass": "stream",
        "width": 0,
        "name": null,
        "oneway": "NO",
        "speed_kmh": 6.0
      },
      "geometry": {
        "type": "MultiLineString",
        "coordinates": [
          [
            [
              4.9618918,
              52.3484597
            ],
            [
              4.9618587,
              52.3484954
            ]
          ]
        ]
      }
    },
    {
      "type": "Feature",
      "properties": {
        "osm_id": "928909487",
        "code": 8103,
        "fclass": "canal",
        "width": 0,
        "name": "IJ",
        "oneway": "NO",
        "speed_kmh": 6.0
      },
      "geometry": {
        "type": "MultiLineString",
        "coordinates": [
          [
            [
              4.8945526,
              52.3898735
            ],
            [
              4.8939535,
              52.3909289
            ],
            [
              4.8928178,
              52.3929295
            ],
            [
              4.8917941,
              52.3943659
            ],
            [
              4.8912431,
              52.3951136
            ]
          ]
        ]
      }
    },
    {
      "type": "Feature",
      "properties": {
        "osm_id": "928909488",
        "code": 8103,
        "fclass": "canal",
        "width": 0,
        "name": "IJ",
        "oneway": "NO",
        "speed_kmh": 6.0
      },
      "geometry": {
        "type": "MultiLineString",
        "coordinates": [
          [
            [
              4.9499607,
              52.3820959
            ],
            [
              4.9433058,
              52.3823525
            ],
            [
              4.9374419,
              52.3825724
            ],
            [
              4.9335199,
              52.3827194
            ],
            [
              4.9327017,
              52.3826038
            ],
            [
              4.9316443,
              52.382454
            ],
            [
              4.9289994,
              52.3820798
            ],
            [
              4.9263374,
              52.3817031
            ],
            [
              4.9228586,
              52.3812108
            ],
            [
              4.913152,
              52.3800287
            ]
          ]
        ]
      }
    },
    {
      "type": "Feature",
      "properties": {
        "osm_id": "929579007",
        "code": 8104,
        "fclass": "drain",
        "width": 0,
        "name": null,
        "oneway": "NO",
        "speed_kmh": 6.0
      },
      "geometry": {
        "type": "MultiLineString",
        "coordinates": [
          [
            [
              4.9678563,
              52.348111
            ],
            [
              4.9678661,
              52.3481671
            ]
          ]
        ]
      }
    },
    {
      "type": "Feature",
      "properties": {
        "osm_id": "929579008",
        "code": 8104,
        "fclass": "drain",
        "width": 0,
        "name": null,
        "oneway": "NO",
        "speed_kmh": 6.0
      },
      "geometry": {
        "type": "MultiLineString",
        "coordinates": [
          [
            [
              4.9678569,
              52.3481074
            ],
            [
              4.9678563,
              52.348111
            ]
          ]
        ]
      }
    },
    {
      "type": "Feature",
      "properties": {
        "osm_id": "930147839",
        "code": 8104,
        "fclass": "drain",
        "width": 0,
        "name": null,
        "oneway": "NO",
        "speed_kmh": 6.0
      },
      "geometry": {
        "type": "MultiLineString",
        "coordinates": [
          [
            [
              4.9673479,
              52.3481306
            ],
            [
              4.9673502,
              52.3481757
            ]
          ]
        ]
      }
    },
    {
      "type": "Feature",
      "properties": {
        "osm_id": "930147840",
        "code": 8104,
        "fclass": "drain",
        "width": 0,
        "name": null,
        "oneway": "NO",
        "speed_kmh": 6.0
      },
      "geometry": {
        "type": "MultiLineString",
        "coordinates": [
          [
            [
              4.9673464,
              52.3481013
            ],
            [
              4.9673479,
              52.3481306
            ]
          ]
        ]
      }
    },
    {
      "type": "Feature",
      "properties": {
        "osm_id": "938412276",
        "code": 8103,
        "fclass": "canal",
        "width": 0,
        "name": "Zijkanaal I",
        "oneway": "NO",
        "speed_kmh": 6.0
      },
      "geometry": {
        "type": "MultiLineString",
        "coordinates": [
          [
            [
              4.8982198,
              52.399816
            ],
            [
              4.898063,
              52.3996881
            ],
            [
              4.8979316,
              52.3995937
            ]
          ]
        ]
      }
    },
    {
      "type": "Feature",
      "properties": {
        "osm_id": "938450095",
        "code": 8103,
        "fclass": "canal",
        "width": 0,
        "name": null,
        "oneway": "NO",
        "speed_kmh": 6.0
      },
      "geometry": {
        "type": "MultiLineString",
        "coordinates": [
          [
            [
              4.8600018,
              52.3972539
            ],
            [
              4.8607957,
              52.3972735
            ],
            [
              4.861418,
              52.3973979
            ],
            [
              4.8619974,
              52.3975812
            ],
            [
              4.8634136,
              52.3983341
            ]
          ]
        ]
      }
    },
    {
      "type": "Feature",
      "properties": {
        "osm_id": "939502058",
        "code": 8102,
        "fclass": "stream",
        "width": 0,
        "name": null,
        "oneway": "NO",
        "speed_kmh": 6.0
      },
      "geometry": {
        "type": "MultiLineString",
        "coordinates": [
          [
            [
              4.9676631,
              52.3510104
            ],
            [
              4.9673131,
              52.350943
            ]
          ]
        ]
      }
    },
    {
      "type": "Feature",
      "properties": {
        "osm_id": "939502059",
        "code": 8102,
        "fclass": "stream",
        "width": 0,
        "name": null,
        "oneway": "NO",
        "speed_kmh": 6.0
      },
      "geometry": {
        "type": "MultiLineString",
        "coordinates": [
          [
            [
              4.9677602,
              52.350784
            ],
            [
              4.9674023,
              52.3507371
            ]
          ]
        ]
      }
    },
    {
      "type": "Feature",
      "properties": {
        "osm_id": "939502060",
        "code": 8102,
        "fclass": "stream",
        "width": 0,
        "name": null,
        "oneway": "NO",
        "speed_kmh": 6.0
      },
      "geometry": {
        "type": "MultiLineString",
        "coordinates": [
          [
            [
              4.9682469,
              52.3518227
            ],
            [
              4.9681875,
              52.351815
            ],
            [
              4.9680206,
              52.3518245
            ],
            [
              4.9678788,
              52.3517993
            ],
            [
              4.9677394,
              52.3517697
            ],
            [
              4.9676027,
              52.3517357
            ],
            [
              4.9674777,
              52.3517001
            ],
            [
              4.9673556,
              52.3516608
            ],
            [
              4.9672443,
              52.3516499
            ],
            [
              4.9670743,
              52.3516271
            ]
          ]
        ]
      }
    },
    {
      "type": "Feature",
      "properties": {
        "osm_id": "939502061",
        "code": 8102,
        "fclass": "stream",
        "width": 0,
        "name": null,
        "oneway": "NO",
        "speed_kmh": 6.0
      },
      "geometry": {
        "type": "MultiLineString",
        "coordinates": [
          [
            [
              4.9692082,
              52.3495848
            ],
            [
              4.9692424,
              52.349624
            ],
            [
              4.9692677,
              52.3496656
            ],
            [
              4.9692837,
              52.349709
            ],
            [
              4.9692902,
              52.3497532
            ],
            [
              4.9692849,
              52.3498068
            ],
            [
              4.9692656,
              52.3498592
            ],
            [
              4.9691704,
              52.349971
            ],
            [
              4.9690826,
              52.3500908
            ],
            [
              4.9689129,
              52.3503357
            ],
            [
              4.9686488,
              52.3507459
            ],
            [
              4.9686422,
              52.3507788
            ],
            [
              4.9686453,
              52.3508039
            ],
            [
              4.9686554,
              52.3508283
            ],
            [
              4.9686607,
              52.3508536
            ],
            [
              4.9686601,
              52.350879
            ],
            [
              4.9686521,
              52.3509078
            ],
            [
              4.9686365,
              52.3509355
            ],
            [
              4.9686305,
              52.3509471
            ],
            [
              4.9685222,
              52.3511594
            ],
            [
              4.9684153,
              52.3513689
            ],
            [
              4.9681875,
              52.351815
            ],
            [
              4.967798,
              52.352937
            ],
            [
              4.9677889,
              52.3530416
            ],
            [
              4.9677521,
              52.3534664
            ],
            [
              4.9677514,
              52.3535079
            ],
            [
              4.9677611,
              52.3535489
            ],
            [
              4.967781,
              52.3535886
            ],
            [
              4.9678176,
              52.353633
            ],
            [
              4.9678669,
              52.3536726
            ],
            [
              4.9679272,
              52.3537061
            ],
            [
              4.9680806,
              52.353788
            ],
            [
              4.9682375,
              52.3538674
            ],
            [
              4.9683699,
              52.3539264
            ],
            [
              4.9685073,
              52.3539809
            ],
            [
              4.968794,
              52.3540771
            ],
            [
              4.9695514,
              52.3543156
            ],
            [
              4.970224,
              52.3544719
            ],
            [
              4.9702428,
              52.3544778
            ]
          ]
        ]
      }
    },
    {
      "type": "Feature",
      "properties": {
        "osm_id": "939502062",
        "code": 8102,
        "fclass": "stream",
        "width": 0,
        "name": null,
        "oneway": "NO",
        "speed_kmh": 6.0
      },
      "geometry": {
        "type": "MultiLineString",
        "coordinates": [
          [
            [
              4.9676333,
              52.3503795
            ],
            [
              4.9676712,
              52.3503941
            ],
            [
              4.9677093,
              52.3504095
            ],
            [
              4.9677782,
              52.3504216
            ],
            [
              4.9677971,
              52.3504249
            ],
            [
              4.9678131,
              52.3504319
            ],
            [
              4.9678262,
              52.3504449
            ],
            [
              4.9678291,
              52.3504602
            ],
            [
              4.9678262,
              52.3506042
            ]
          ]
        ]
      }
    },
    {
      "type": "Feature",
      "properties": {
        "osm_id": "939502063",
        "code": 8102,
        "fclass": "stream",
        "width": 0,
        "name": null,
        "oneway": "NO",
        "speed_kmh": 6.0
      },
      "geometry": {
        "type": "MultiLineString",
        "coordinates": [
          [
            [
              4.9674584,
              52.3505979
            ],
            [
              4.9675058,
              52.3506021
            ],
            [
              4.9677838,
              52.3505984
            ],
            [
              4.9678262,
              52.3506042
            ],
            [
              4.9678432,
              52.3506065
            ],
            [
              4.9679998,
              52.3506301
            ],
            [
              4.9681583,
              52.3506641
            ],
            [
              4.9686488,
              52.3507459
            ]
          ]
        ]
      }
    },
    {
      "type": "Feature",
      "properties": {
        "osm_id": "939502064",
        "code": 8102,
        "fclass": "stream",
        "width": 0,
        "name": null,
        "oneway": "NO",
        "speed_kmh": 6.0
      },
      "geometry": {
        "type": "MultiLineString",
        "coordinates": [
          [
            [
              4.9639364,
              52.3516862
            ],
            [
              4.9639062,
              52.3511101
            ]
          ]
        ]
      }
    },
    {
      "type": "Feature",
      "properties": {
        "osm_id": "939502065",
        "code": 8102,
        "fclass": "stream",
        "width": 0,
        "name": null,
        "oneway": "NO",
        "speed_kmh": 6.0
      },
      "geometry": {
        "type": "MultiLineString",
        "coordinates": [
          [
            [
              4.9641306,
              52.3508067
            ],
            [
              4.9637326,
              52.3509354
            ]
          ]
        ]
      }
    },
    {
      "type": "Feature",
      "properties": {
        "osm_id": "939502066",
        "code": 8102,
        "fclass": "stream",
        "width": 0,
        "name": null,
        "oneway": "NO",
        "speed_kmh": 6.0
      },
      "geometry": {
        "type": "MultiLineString",
        "coordinates": [
          [
            [
              4.9645275,
              52.3506783
            ],
            [
              4.9641306,
              52.3508067
            ]
          ]
        ]
      }
    },
    {
      "type": "Feature",
      "properties": {
        "osm_id": "939502067",
        "code": 8102,
        "fclass": "stream",
        "width": 0,
        "name": null,
        "oneway": "NO",
        "speed_kmh": 6.0
      },
      "geometry": {
        "type": "MultiLineString",
        "coordinates": [
          [
            [
              4.9648444,
              52.3505614
            ],
            [
              4.9645275,
              52.3506783
            ]
          ]
        ]
      }
    },
    {
      "type": "Feature",
      "properties": {
        "osm_id": "939502068",
        "code": 8102,
        "fclass": "stream",
        "width": 0,
        "name": null,
        "oneway": "NO",
        "speed_kmh": 6.0
      },
      "geometry": {
        "type": "MultiLineString",
        "coordinates": [
          [
            [
              4.9652762,
              52.3517255
            ],
            [
              4.9643812,
              52.3512259
            ]
          ]
        ]
      }
    },
    {
      "type": "Feature",
      "properties": {
        "osm_id": "939502069",
        "code": 8102,
        "fclass": "stream",
        "width": 0,
        "name": null,
        "oneway": "NO",
        "speed_kmh": 6.0
      },
      "geometry": {
        "type": "MultiLineString",
        "coordinates": [
          [
            [
              4.9643812,
              52.3512259
            ],
            [
              4.9639062,
              52.3511101
            ],
            [
              4.9637326,
              52.3509354
            ],
            [
              4.963312,
              52.350512
            ]
          ]
        ]
      }
    },
    {
      "type": "Feature",
      "properties": {
        "osm_id": "939502070",
        "code": 8102,
        "fclass": "stream",
        "width": 0,
        "name": null,
        "oneway": "NO",
        "speed_kmh": 6.0
      },
      "geometry": {
        "type": "MultiLineString",
        "coordinates": [
          [
            [
              4.965317,
              52.351738
            ],
            [
              4.9652762,
              52.3517255
            ]
          ]
        ]
      }
    },
    {
      "type": "Feature",
      "properties": {
        "osm_id": "939502071",
        "code": 8102,
        "fclass": "stream",
        "width": 0,
        "name": null,
        "oneway": "NO",
        "speed_kmh": 6.0
      },
      "geometry": {
        "type": "MultiLineString",
        "coordinates": [
          [
            [
              4.9661734,
              52.3507656
            ],
            [
              4.9657132,
              52.351239
            ]
          ]
        ]
      }
    },
    {
      "type": "Feature",
      "properties": {
        "osm_id": "939502072",
        "code": 8102,
        "fclass": "stream",
        "width": 0,
        "name": null,
        "oneway": "NO",
        "speed_kmh": 6.0
      },
      "geometry": {
        "type": "MultiLineString",
        "coordinates": [
          [
            [
              4.965564,
              52.3514522
            ],
            [
              4.965317,
              52.351738
            ]
          ]
        ]
      }
    },
    {
      "type": "Feature",
      "properties": {
        "osm_id": "939502073",
        "code": 8102,
        "fclass": "stream",
        "width": 0,
        "name": null,
        "oneway": "NO",
        "speed_kmh": 6.0
      },
      "geometry": {
        "type": "MultiLineString",
        "coordinates": [
          [
            [
              4.9657132,
              52.351239
            ],
            [
              4.965564,
              52.3514522
            ]
          ]
        ]
      }
    },
    {
      "type": "Feature",
      "properties": {
        "osm_id": "939502074",
        "code": 8102,
        "fclass": "stream",
        "width": 0,
        "name": null,
        "oneway": "NO",
        "speed_kmh": 6.0
      },
      "geometry": {
        "type": "MultiLineString",
        "coordinates": [
          [
            [
              4.96526,
              52.3518039
            ],
            [
              4.965317,
              52.351738
            ]
          ]
        ]
      }
    },
    {
      "type": "Feature",
      "properties": {
        "osm_id": "939502075",
        "code": 8104,
        "fclass": "drain",
        "width": 0,
        "name": null,
        "oneway": "NO",
        "speed_kmh": 6.0
      },
      "geometry": {
        "type": "MultiLineString",
        "coordinates": [
          [
            [
              4.9651039,
              52.3524445
            ],
            [
              4.9651116,
              52.3524167
            ],
            [
              4.9653503,
              52.3522318
            ],
            [
              4.9653706,
              52.3522081
            ]
          ]
        ]
      }
    },
    {
      "type": "Feature",
      "properties": {
        "osm_id": "939502076",
        "code": 8102,
        "fclass": "stream",
        "width": 0,
        "name": null,
        "oneway": "NO",
        "speed_kmh": 6.0
      },
      "geometry": {
        "type": "MultiLineString",
        "coordinates": [
          [
            [
              4.9653706,
              52.3522081
            ],
            [
              4.9653884,
              52.3521596
            ],
            [
              4.96526,
              52.3518039
            ]
          ]
        ]
      }
    },
    {
      "type": "Feature",
      "properties": {
        "osm_id": "939502077",
        "code": 8102,
        "fclass": "stream",
        "width": 0,
        "name": null,
        "oneway": "NO",
        "speed_kmh": 6.0
      },
      "geometry": {
        "type": "MultiLineString",
        "coordinates": [
          [
            [
              4.9664136,
              52.3505691
            ],
            [
              4.9661734,
              52.3507656
            ]
          ]
        ]
      }
    },
    {
      "type": "Feature",
      "properties": {
        "osm_id": "939502078",
        "code": 8102,
        "fclass": "stream",
        "width": 0,
        "name": null,
        "oneway": "NO",
        "speed_kmh": 6.0
      },
      "geometry": {
        "type": "MultiLineString",
        "coordinates": [
          [
            [
              4.9667227,
              52.3503351
            ],
            [
              4.9664136,
              52.3505691
            ]
          ]
        ]
      }
    },
    {
      "type": "Feature",
      "properties": {
        "osm_id": "939502079",
        "code": 8102,
        "fclass": "stream",
        "width": 0,
        "name": null,
        "oneway": "NO",
        "speed_kmh": 6.0
      },
      "geometry": {
        "type": "MultiLineString",
        "coordinates": [
          [
            [
              4.9674106,
              52.3507152
            ],
            [
              4.9674023,
              52.3507371
            ],
            [
              4.9673848,
              52.3507834
            ],
            [
              4.9673462,
              52.3508738
            ],
            [
              4.9673131,
              52.350943
            ],
            [
              4.967233,
              52.351072
            ],
            [
              4.9670387,
              52.351352
            ],
            [
              4.9669047,
              52.3515295
            ],
            [
              4.9668647,
              52.3515916
            ],
            [
              4.9668057,
              52.3516833
            ],
            [
              4.9666189,
              52.3519241
            ],
            [
              4.9664529,
              52.3520987
            ],
            [
              4.9662369,
              52.3523724
            ],
            [
              4.9661615,
              52.3524876
            ],
            [
              4.9661259,
              52.3525499
            ],
            [
              4.9661026,
              52.3526144
            ],
            [
              4.9660917,
              52.35268
            ],
            [
              4.9660936,
              52.3527476
            ],
            [
              4.9661088,
              52.3528146
            ],
            [
              4.9661369,
              52.3528799
            ],
            [
              4.9661643,
              52.3529427
            ],
            [
              4.9661963,
              52.3529914
            ],
            [
              4.9662367,
              52.3530377
            ],
            [
              4.966285,
              52.353081
            ],
            [
              4.9664256,
              52.3532464
            ],
            [
              4.9665303,
              52.3533737
            ],
            [
              4.9665944,
              52.3534768
            ],
            [
              4.9666331,
              52.3535384
            ],
            [
              4.9666383,
              52.3535481
            ],
            [
              4.9666482,
              52.3535563
            ],
            [
              4.9666591,
              52.3535613
            ],
            [
              4.9666717,
              52.3535644
            ],
            [
              4.9666925,
              52.3535759
            ],
            [
              4.9667019,
              52.3535917
            ],
            [
              4.9667184,
              52.3536266
            ],
            [
              4.9667194,
              52.3536502
            ],
            [
              4.9667161,
              52.353675
            ],
            [
              4.966689,
              52.3537594
            ],
            [
              4.966685,
              52.3537721
            ],
            [
              4.9666692,
              52.3538245
            ],
            [
              4.9666538,
              52.353876
            ],
            [
              4.966631,
              52.3539303
            ],
            [
              4.9666161,
              52.3539659
            ],
            [
              4.9665939,
              52.3540389
            ],
            [
              4.9665907,
              52.3540673
            ],
            [
              4.9665963,
              52.3540955
            ],
            [
              4.9666132,
              52.3541264
            ],
            [
              4.9666406,
              52.3541543
            ],
            [
              4.966665,
              52.3541696
            ],
            [
              4.9666934,
              52.354182
            ],
            [
              4.9668,
              52.3542252
            ],
            [
              4.9670028,
              52.3543035
            ],
            [
              4.967117,
              52.3543456
            ],
            [
              4.967233,
              52.3543859
            ],
            [
              4.967399,
              52.3544556
            ],
            [
              4.9675122,
              52.3545011
            ],
            [
              4.9679593,
              52.3546659
            ],
            [
              4.9682432,
              52.3547638
            ],
            [
              4.9685035,
              52.3548514
            ],
            [
              4.9686554,
              52.3548952
            ],
            [
              4.9686963,
              52.354911
            ],
            [
              4.9687563,
              52.3549343
            ],
            [
              4.9688308,
              52.3549683
            ],
            [
              4.9689657,
              52.3550352
            ],
            [
              4.9692166,
              52.3551458
            ],
            [
              4.9693609,
              52.3552276
            ],
            [
              4.9693958,
              52.3552541
            ],
            [
              4.9694488,
              52.3552781
            ],
            [
              4.9695057,
              52.3552984
            ],
            [
              4.9695361,
              52.3553086
            ],
            [
              4.9695689,
              52.3553157
            ],
            [
              4.9696,
              52.3553185
            ],
            [
              4.9696175,
              52.35532
            ],
            [
              4.9696835,
              52.3553183
            ],
            [
              4.9697288,
              52.3553114
            ],
            [
              4.9697693,
              52.3552921
            ],
            [
              4.9697906,
              52.3552766
            ],
            [
              4.9698075,
              52.3552593
            ],
            [
              4.9698354,
              52.3552244
            ],
            [
              4.969857,
              52.3551878
            ],
            [
              4.9699231,
              52.3550666
            ],
            [
              4.9699853,
              52.3549565
            ],
            [
              4.9700306,
              52.3548602
            ]
          ]
        ]
      }
    },
    {
      "type": "Feature",
      "properties": {
        "osm_id": "939502080",
        "code": 8102,
        "fclass": "stream",
        "width": 0,
        "name": null,
        "oneway": "NO",
        "speed_kmh": 6.0
      },
      "geometry": {
        "type": "MultiLineString",
        "coordinates": [
          [
            [
              4.9674412,
              52.3506481
            ],
            [
              4.9674106,
              52.3507152
            ]
          ]
        ]
      }
    },
    {
      "type": "Feature",
      "properties": {
        "osm_id": "939502085",
        "code": 8102,
        "fclass": "stream",
        "width": 0,
        "name": null,
        "oneway": "NO",
        "speed_kmh": 6.0
      },
      "geometry": {
        "type": "MultiLineString",
        "coordinates": [
          [
            [
              4.9675999,
              52.3489869
            ],
            [
              4.9680706,
              52.3489016
            ],
            [
              4.9681555,
              52.3488803
            ],
            [
              4.9684252,
              52.3487945
            ],
            [
              4.968777,
              52.3486683
            ],
            [
              4.9692949,
              52.3484822
            ],
            [
              4.9699287,
              52.3482552
            ],
            [
              4.9700278,
              52.3482154
            ],
            [
              4.9704098,
              52.3482606
            ]
          ]
        ]
      }
    },
    {
      "type": "Feature",
      "properties": {
        "osm_id": "939502087",
        "code": 8102,
        "fclass": "stream",
        "width": 0,
        "name": null,
        "oneway": "NO",
        "speed_kmh": 6.0
      },
      "geometry": {
        "type": "MultiLineString",
        "coordinates": [
          [
            [
              4.9704098,
              52.3482606
            ],
            [
              4.9705034,
              52.3482717
            ],
            [
              4.9708484,
              52.3486147
            ],
            [
              4.970872,
              52.3486568
            ],
            [
              4.9708748,
              52.3486919
            ],
            [
              4.9708702,
              52.3487209
            ],
            [
              4.9708616,
              52.3487495
            ],
            [
              4.9708399,
              52.3487933
            ],
            [
              4.9708088,
              52.3488348
            ],
            [
              4.9707638,
              52.3488772
            ],
            [
              4.9707097,
              52.3489155
            ],
            [
              4.9706672,
              52.3489392
            ],
            [
              4.9706211,
              52.3489604
            ],
            [
              4.970556,
              52.3489864
            ],
            [
              4.9704881,
              52.3490094
            ],
            [
              4.9699825,
              52.3492012
            ],
            [
              4.9699425,
              52.349222
            ],
            [
              4.9698561,
              52.3492669
            ],
            [
              4.9696231,
              52.3494173
            ],
            [
              4.9692082,
              52.3495848
            ],
            [
              4.9691109,
              52.3496014
            ],
            [
              4.9690157,
              52.3496223
            ],
            [
              4.9689232,
              52.3496472
            ],
            [
              4.9688154,
              52.3496827
            ],
            [
              4.9687129,
              52.3497238
            ],
            [
              4.9685846,
              52.3497763
            ],
            [
              4.968496,
              52.349812
            ],
            [
              4.9684045,
              52.3498448
            ],
            [
              4.9683423,
              52.3498609
            ],
            [
              4.9682847,
              52.3498823
            ],
            [
              4.9682456,
              52.3499012
            ],
            [
              4.9682102,
              52.3499226
            ],
            [
              4.96803,
              52.3500494
            ],
            [
              4.9678017,
              52.3502326
            ],
            [
              4.9676659,
              52.3503524
            ],
            [
              4.9676333,
              52.3503795
            ],
            [
              4.9676171,
              52.350393
            ],
            [
              4.9675725,
              52.3504354
            ],
            [
              4.9675276,
              52.3504852
            ],
            [
              4.9674886,
              52.3505368
            ],
            [
              4.9674584,
              52.3505979
            ],
            [
              4.9674412,
              52.3506481
            ]
          ]
        ]
      }
    },
    {
      "type": "Feature",
      "properties": {
        "osm_id": "939502089",
        "code": 8102,
        "fclass": "stream",
        "width": 0,
        "name": null,
        "oneway": "NO",
        "speed_kmh": 6.0
      },
      "geometry": {
        "type": "MultiLineString",
        "coordinates": [
          [
            [
              4.9675188,
              52.3490048
            ],
            [
              4.9675108,
              52.3489909
            ]
          ]
        ]
      }
    },
    {
      "type": "Feature",
      "properties": {
        "osm_id": "939502090",
        "code": 8102,
        "fclass": "stream",
        "width": 0,
        "name": null,
        "oneway": "NO",
        "speed_kmh": 6.0
      },
      "geometry": {
        "type": "MultiLineString",
        "coordinates": [
          [
            [
              4.9674895,
              52.3487767
            ],
            [
              4.9674886,
              52.3487389
            ]
          ]
        ]
      }
    },
    {
      "type": "Feature",
      "properties": {
        "osm_id": "939502091",
        "code": 8102,
        "fclass": "stream",
        "width": 0,
        "name": null,
        "oneway": "NO",
        "speed_kmh": 6.0
      },
      "geometry": {
        "type": "MultiLineString",
        "coordinates": [
          [
            [
              4.9675108,
              52.3489909
            ],
            [
              4.9674895,
              52.3487767
            ]
          ]
        ]
      }
    },
    {
      "type": "Feature",
      "properties": {
        "osm_id": "939502092",
        "code": 8102,
        "fclass": "stream",
        "width": 0,
        "name": null,
        "oneway": "NO",
        "speed_kmh": 6.0
      },
      "geometry": {
        "type": "MultiLineString",
        "coordinates": [
          [
            [
              4.9645495,
              52.3490169
            ],
            [
              4.964756,
              52.3490128
            ],
            [
              4.9652267,
              52.3490353
            ],
            [
              4.9656144,
              52.3490572
            ],
            [
              4.9659738,
              52.349071
            ],
            [
              4.9664708,
              52.3490768
            ],
            [
              4.9666765,
              52.349063
            ],
            [
              4.9669094,
              52.3490388
            ],
            [
              4.9670057,
              52.3490353
            ],
            [
              4.9672056,
              52.3490399
            ],
            [
              4.967291,
              52.3490474
            ],
            [
              4.9673273,
              52.3490468
            ],
            [
              4.9673716,
              52.3490414
            ],
            [
              4.9674112,
              52.3490321
            ],
            [
              4.9675188,
              52.3490048
            ],
            [
              4.9675999,
              52.3489869
            ]
          ]
        ]
      }
    },
    {
      "type": "Feature",
      "properties": {
        "osm_id": "939536815",
        "code": 8102,
        "fclass": "stream",
        "width": 0,
        "name": null,
        "oneway": "NO",
        "speed_kmh": 6.0
      },
      "geometry": {
        "type": "MultiLineString",
        "coordinates": [
          [
            [
              4.9674273,
              52.3533866
            ],
            [
              4.9671835,
              52.3533005
            ],
            [
              4.9670873,
              52.3532646
            ],
            [
              4.9669891,
              52.3532308
            ],
            [
              4.9668648,
              52.3531919
            ],
            [
              4.9667378,
              52.3531565
            ],
            [
              4.9664944,
              52.3530807
            ],
            [
              4.9663864,
              52.3530496
            ],
            [
              4.966317,
              52.3530358
            ]
          ]
        ]
      }
    },
    {
      "type": "Feature",
      "properties": {
        "osm_id": "939536816",
        "code": 8102,
        "fclass": "stream",
        "width": 0,
        "name": null,
        "oneway": "NO",
        "speed_kmh": 6.0
      },
      "geometry": {
        "type": "MultiLineString",
        "coordinates": [
          [
            [
              4.9676254,
              52.3530227
            ],
            [
              4.9677889,
              52.3530416
            ]
          ]
        ]
      }
    },
    {
      "type": "Feature",
      "properties": {
        "osm_id": "939536817",
        "code": 8102,
        "fclass": "stream",
        "width": 0,
        "name": null,
        "oneway": "NO",
        "speed_kmh": 6.0
      },
      "geometry": {
        "type": "MultiLineString",
        "coordinates": [
          [
            [
              4.9675482,
              52.353006
            ],
            [
              4.9676254,
              52.3530227
            ]
          ]
        ]
      }
    },
    {
      "type": "Feature",
      "properties": {
        "osm_id": "939536818",
        "code": 8102,
        "fclass": "stream",
        "width": 0,
        "name": null,
        "oneway": "NO",
        "speed_kmh": 6.0
      },
      "geometry": {
        "type": "MultiLineString",
        "coordinates": [
          [
            [
              4.9665363,
              52.3527086
            ],
            [
              4.9666345,
              52.3527362
            ],
            [
              4.9667057,
              52.3527633
            ],
            [
              4.9667453,
              52.3527741
            ],
            [
              4.9667864,
              52.3527826
            ],
            [
              4.9668382,
              52.3527993
            ],
            [
              4.9668848,
              52.3528099
            ],
            [
              4.966933,
              52.3528171
            ],
            [
              4.9669721,
              52.3528276
            ],
            [
              4.967008,
              52.3528416
            ],
            [
              4.967107,
              52.3528719
            ],
            [
              4.9671797,
              52.3528952
            ],
            [
              4.9675482,
              52.353006
            ]
          ]
        ]
      }
    },
    {
      "type": "Feature",
      "properties": {
        "osm_id": "939536819",
        "code": 8102,
        "fclass": "stream",
        "width": 0,
        "name": null,
        "oneway": "NO",
        "speed_kmh": 6.0
      },
      "geometry": {
        "type": "MultiLineString",
        "coordinates": [
          [
            [
              4.966684,
              52.3524873
            ],
            [
              4.9665363,
              52.3527086
            ],
            [
              4.966502,
              52.3527601
            ],
            [
              4.9663666,
              52.3529658
            ],
            [
              4.966317,
              52.3530358
            ],
            [
              4.966285,
              52.353081
            ]
          ]
        ]
      }
    },
    {
      "type": "Feature",
      "properties": {
        "osm_id": "939536820",
        "code": 8102,
        "fclass": "stream",
        "width": 0,
        "name": null,
        "oneway": "NO",
        "speed_kmh": 6.0
      },
      "geometry": {
        "type": "MultiLineString",
        "coordinates": [
          [
            [
              4.9677428,
              52.3525206
            ],
            [
              4.9676565,
              52.3525008
            ],
            [
              4.9673891,
              52.3524239
            ],
            [
              4.9669802,
              52.3523076
            ],
            [
              4.966826,
              52.3522679
            ]
          ]
        ]
      }
    },
    {
      "type": "Feature",
      "properties": {
        "osm_id": "939536825",
        "code": 8102,
        "fclass": "stream",
        "width": 0,
        "name": null,
        "oneway": "NO",
        "speed_kmh": 6.0
      },
      "geometry": {
        "type": "MultiLineString",
        "coordinates": [
          [
            [
              4.9677515,
              52.3511531
            ],
            [
              4.9678112,
              52.3510565
            ],
            [
              4.9678333,
              52.35103
            ]
          ]
        ]
      }
    },
    {
      "type": "Feature",
      "properties": {
        "osm_id": "939536826",
        "code": 8102,
        "fclass": "stream",
        "width": 0,
        "name": null,
        "oneway": "NO",
        "speed_kmh": 6.0
      },
      "geometry": {
        "type": "MultiLineString",
        "coordinates": [
          [
            [
              4.9680722,
              52.3513121
            ],
            [
              4.9680704,
              52.3513277
            ],
            [
              4.9680619,
              52.3513424
            ],
            [
              4.9680475,
              52.3513552
            ],
            [
              4.9680239,
              52.3513667
            ],
            [
              4.9679975,
              52.351371
            ],
            [
              4.9679522,
              52.3513685
            ],
            [
              4.967873,
              52.351361
            ],
            [
              4.9678234,
              52.3513546
            ],
            [
              4.9677777,
              52.3513546
            ],
            [
              4.9677117,
              52.3513624
            ],
            [
              4.9676442,
              52.3513693
            ],
            [
              4.9676088,
              52.3513682
            ],
            [
              4.9675551,
              52.3513582
            ]
          ]
        ]
      }
    },
    {
      "type": "Feature",
      "properties": {
        "osm_id": "939536827",
        "code": 8102,
        "fclass": "stream",
        "width": 0,
        "name": null,
        "oneway": "NO",
        "speed_kmh": 6.0
      },
      "geometry": {
        "type": "MultiLineString",
        "coordinates": [
          [
            [
              4.9667173,
              52.3524291
            ],
            [
              4.9667708,
              52.3523496
            ],
            [
              4.966826,
              52.3522679
            ],
            [
              4.9668637,
              52.3522119
            ],
            [
              4.9669184,
              52.352122
            ],
            [
              4.9669825,
              52.3520411
            ],
            [
              4.9670528,
              52.3519446
            ],
            [
              4.9670924,
              52.3518732
            ],
            [
              4.9671089,
              52.3518472
            ],
            [
              4.9671344,
              52.3518173
            ],
            [
              4.9671542,
              52.3517919
            ],
            [
              4.9671853,
              52.351747
            ],
            [
              4.9672443,
              52.3516499
            ]
          ]
        ]
      }
    },
    {
      "type": "Feature",
      "properties": {
        "osm_id": "939536828",
        "code": 8102,
        "fclass": "stream",
        "width": 0,
        "name": null,
        "oneway": "NO",
        "speed_kmh": 6.0
      },
      "geometry": {
        "type": "MultiLineString",
        "coordinates": [
          [
            [
              4.9669766,
              52.3516172
            ],
            [
              4.9668647,
              52.3515916
            ]
          ]
        ]
      }
    },
    {
      "type": "Feature",
      "properties": {
        "osm_id": "939536829",
        "code": 8102,
        "fclass": "stream",
        "width": 0,
        "name": null,
        "oneway": "NO",
        "speed_kmh": 6.0
      },
      "geometry": {
        "type": "MultiLineString",
        "coordinates": [
          [
            [
              4.9670743,
              52.3516271
            ],
            [
              4.9669766,
              52.3516172
            ]
          ]
        ]
      }
    },
    {
      "type": "Feature",
      "properties": {
        "osm_id": "939536830",
        "code": 8102,
        "fclass": "stream",
        "width": 0,
        "name": null,
        "oneway": "NO",
        "speed_kmh": 6.0
      },
      "geometry": {
        "type": "MultiLineString",
        "coordinates": [
          [
            [
              4.9684153,
              52.3513689
            ],
            [
              4.9683196,
              52.351353
            ],
            [
              4.968188,
              52.3513244
            ],
            [
              4.9680857,
              52.3513146
            ],
            [
              4.9680722,
              52.3513121
            ],
            [
              4.968038,
              52.3513059
            ],
            [
              4.9679927,
              52.3512915
            ],
            [
              4.9677852,
              52.3512538
            ],
            [
              4.9677565,
              52.3512411
            ],
            [
              4.9677296,
              52.3512328
            ],
            [
              4.9677022,
              52.3512308
            ],
            [
              4.967681,
              52.3512344
            ],
            [
              4.9676631,
              52.3512423
            ],
            [
              4.9676268,
              52.3512777
            ],
            [
              4.9675551,
              52.3513582
            ],
            [
              4.9675051,
              52.3514143
            ],
            [
              4.9674922,
              52.3514176
            ]
          ]
        ]
      }
    },
    {
      "type": "Feature",
      "properties": {
        "osm_id": "939536835",
        "code": 8102,
        "fclass": "stream",
        "width": 0,
        "name": null,
        "oneway": "NO",
        "speed_kmh": 6.0
      },
      "geometry": {
        "type": "MultiLineString",
        "coordinates": [
          [
            [
              4.9686305,
              52.3509471
            ],
            [
              4.968548,
              52.3509333
            ],
            [
              4.968295,
              52.3508897
            ],
            [
              4.9679659,
              52.3508341
            ],
            [
              4.9679428,
              52.3508292
            ],
            [
              4.9679187,
              52.3508318
            ],
            [
              4.9679005,
              52.3508405
            ],
            [
              4.9678909,
              52.3508534
            ],
            [
              4.9678244,
              52.3510069
            ],
            [
              4.9678259,
              52.3510189
            ],
            [
              4.9678333,
              52.35103
            ],
            [
              4.9678483,
              52.3510403
            ],
            [
              4.9678682,
              52.3510467
            ],
            [
              4.968187,
              52.3510951
            ],
            [
              4.9681969,
              52.351097
            ],
            [
              4.9685222,
              52.3511594
            ]
          ]
        ]
      }
    },
    {
      "type": "Feature",
      "properties": {
        "osm_id": "939536836",
        "code": 8102,
        "fclass": "stream",
        "width": 0,
        "name": null,
        "oneway": "NO",
        "speed_kmh": 6.0
      },
      "geometry": {
        "type": "MultiLineString",
        "coordinates": [
          [
            [
              4.9666692,
              52.3538245
            ],
            [
              4.966768,
              52.3538412
            ],
            [
              4.9668221,
              52.3538478
            ],
            [
              4.966867,
              52.3538599
            ],
            [
              4.9671137,
              52.3539515
            ],
            [
              4.9673334,
              52.3540287
            ],
            [
              4.9675098,
              52.3540883
            ],
            [
              4.9677263,
              52.354154
            ],
            [
              4.9680045,
              52.3542373
            ],
            [
              4.9680201,
              52.3542405
            ],
            [
              4.9680328,
              52.3542469
            ],
            [
              4.9680408,
              52.3542557
            ],
            [
              4.968043,
              52.3542683
            ],
            [
              4.9680357,
              52.3542802
            ],
            [
              4.9679932,
              52.3543237
            ],
            [
              4.9679805,
              52.3543317
            ],
            [
              4.967964,
              52.3543366
            ],
            [
              4.9679398,
              52.3543373
            ],
            [
              4.9679178,
              52.3543312
            ],
            [
              4.9676631,
              52.3542528
            ],
            [
              4.9673693,
              52.3541578
            ],
            [
              4.9669929,
              52.3540394
            ],
            [
              4.966758,
              52.3539624
            ],
            [
              4.966631,
              52.3539303
            ]
          ]
        ]
      }
    },
    {
      "type": "Feature",
      "properties": {
        "osm_id": "954746499",
        "code": 8103,
        "fclass": "canal",
        "width": 20,
        "name": "Koningsbergengracht",
        "oneway": "NO",
        "speed_kmh": 6.0
      },
      "geometry": {
        "type": "MultiLineString",
        "coordinates": [
          [
            [
              4.8800061,
              52.3920503
            ],
            [
              4.883363,
              52.3937817
            ],
            [
              4.8834819,
              52.393843
            ]
          ]
        ]
      }
    },
    {
      "type": "Feature",
      "properties": {
        "osm_id": "954746500",
        "code": 8103,
        "fclass": "canal",
        "width": 0,
        "name": "Houthavengracht",
        "oneway": "NO",
        "speed_kmh": 6.0
      },
      "geometry": {
        "type": "MultiLineString",
        "coordinates": [
          [
            [
              4.8766246,
              52.3936727
            ],
            [
              4.8791541,
              52.3949525
            ],
            [
              4.8807071,
              52.3957366
            ]
          ]
        ]
      }
    },
    {
      "type": "Feature",
      "properties": {
        "osm_id": "961266858",
        "code": 8104,
        "fclass": "drain",
        "width": 0,
        "name": null,
        "oneway": "NO",
        "speed_kmh": 6.0
      },
      "geometry": {
        "type": "MultiLineString",
        "coordinates": [
          [
            [
              4.8613025,
              52.3876475
            ],
            [
              4.8618548,
              52.3861696
            ]
          ]
        ]
      }
    },
    {
      "type": "Feature",
      "properties": {
        "osm_id": "961266859",
        "code": 8104,
        "fclass": "drain",
        "width": 0,
        "name": null,
        "oneway": "NO",
        "speed_kmh": 6.0
      },
      "geometry": {
        "type": "MultiLineString",
        "coordinates": [
          [
            [
              4.8610143,
              52.3876097
            ],
            [
              4.8613025,
              52.3876475
            ],
            [
              4.86158,
              52.3876828
            ]
          ]
        ]
      }
    },
    {
      "type": "Feature",
      "properties": {
        "osm_id": "961266860",
        "code": 8104,
        "fclass": "drain",
        "width": 0,
        "name": null,
        "oneway": "NO",
        "speed_kmh": 6.0
      },
      "geometry": {
        "type": "MultiLineString",
        "coordinates": [
          [
            [
              4.8643057,
              52.3886654
            ],
            [
              4.8644596,
              52.3882722
            ]
          ]
        ]
      }
    },
    {
      "type": "Feature",
      "properties": {
        "osm_id": "961266861",
        "code": 8104,
        "fclass": "drain",
        "width": 0,
        "name": null,
        "oneway": "NO",
        "speed_kmh": 6.0
      },
      "geometry": {
        "type": "MultiLineString",
        "coordinates": [
          [
            [
              4.8638969,
              52.3880373
            ],
            [
              4.863714,
              52.3885691
            ]
          ]
        ]
      }
    },
    {
      "type": "Feature",
      "properties": {
        "osm_id": "961266862",
        "code": 8104,
        "fclass": "drain",
        "width": 0,
        "name": null,
        "oneway": "NO",
        "speed_kmh": 6.0
      },
      "geometry": {
        "type": "MultiLineString",
        "coordinates": [
          [
            [
              4.863211,
              52.3880156
            ],
            [
              4.8629764,
              52.3885609
            ]
          ]
        ]
      }
    },
    {
      "type": "Feature",
      "properties": {
        "osm_id": "961266863",
        "code": 8104,
        "fclass": "drain",
        "width": 0,
        "name": null,
        "oneway": "NO",
        "speed_kmh": 6.0
      },
      "geometry": {
        "type": "MultiLineString",
        "coordinates": [
          [
            [
              4.8626367,
              52.3875329
            ],
            [
              4.863036,
              52.3864011
            ],
            [
              4.8627701,
              52.3863524
            ]
          ]
        ]
      }
    },
    {
      "type": "Feature",
      "properties": {
        "osm_id": "961266864",
        "code": 8104,
        "fclass": "drain",
        "width": 0,
        "name": null,
        "oneway": "NO",
        "speed_kmh": 6.0
      },
      "geometry": {
        "type": "MultiLineString",
        "coordinates": [
          [
            [
              4.8619715,
              52.3874456
            ],
            [
              4.8624228,
              52.3862871
            ],
            [
              4.8624284,
              52.3862346
            ],
            [
              4.8625124,
              52.3860162
            ]
          ]
        ]
      }
    },
    {
      "type": "Feature",
      "properties": {
        "osm_id": "961266869",
        "code": 8104,
        "fclass": "drain",
        "width": 0,
        "name": null,
        "oneway": "NO",
        "speed_kmh": 6.0
      },
      "geometry": {
        "type": "MultiLineString",
        "coordinates": [
          [
            [
              4.8591951,
              52.3886223
            ],
            [
              4.8602653,
              52.3872325
            ]
          ]
        ]
      }
    },
    {
      "type": "Feature",
      "properties": {
        "osm_id": "961266870",
        "code": 8104,
        "fclass": "drain",
        "width": 0,
        "name": null,
        "oneway": "NO",
        "speed_kmh": 6.0
      },
      "geometry": {
        "type": "MultiLineString",
        "coordinates": [
          [
            [
              4.8589454,
              52.3882649
            ],
            [
              4.8590925,
              52.3881877
            ],
            [
              4.8598942,
              52.3873187
            ]
          ]
        ]
      }
    },
    {
      "type": "Feature",
      "properties": {
        "osm_id": "961266871",
        "code": 8104,
        "fclass": "drain",
        "width": 0,
        "name": null,
        "oneway": "NO",
        "speed_kmh": 6.0
      },
      "geometry": {
        "type": "MultiLineString",
        "coordinates": [
          [
            [
              4.860493,
              52.3865272
            ],
            [
              4.8602395,
              52.3867448
            ],
            [
              4.8602501,
              52.3867919
            ],
            [
              4.860318,
              52.3868493
            ],
            [
              4.8604229,
              52.3868969
            ],
            [
              4.8604978,
              52.3869231
            ],
            [
              4.8607634,
              52.3869856
            ],
            [
              4.8608221,
              52.3869837
            ]
          ]
        ]
      }
    },
    {
      "type": "Feature",
      "properties": {
        "osm_id": "961266872",
        "code": 8104,
        "fclass": "drain",
        "width": 0,
        "name": null,
        "oneway": "NO",
        "speed_kmh": 6.0
      },
      "geometry": {
        "type": "MultiLineString",
        "coordinates": [
          [
            [
              4.8602512,
              52.3886231
            ],
            [
              4.8606321,
              52.3875485
            ],
            [
              4.8608221,
              52.3869837
            ],
            [
              4.8610864,
              52.3863238
            ]
          ]
        ]
      }
    },
    {
      "type": "Feature",
      "properties": {
        "osm_id": "961266873",
        "code": 8104,
        "fclass": "drain",
        "width": 0,
        "name": null,
        "oneway": "NO",
        "speed_kmh": 6.0
      },
      "geometry": {
        "type": "MultiLineString",
        "coordinates": [
          [
            [
              4.8581112,
              52.3876718
            ],
            [
              4.85944,
              52.3868929
            ]
          ]
        ]
      }
    },
    {
      "type": "Feature",
      "properties": {
        "osm_id": "961266876",
        "code": 8104,
        "fclass": "drain",
        "width": 0,
        "name": null,
        "oneway": "NO",
        "speed_kmh": 6.0
      },
      "geometry": {
        "type": "MultiLineString",
        "coordinates": [
          [
            [
              4.8576363,
              52.387522
            ],
            [
              4.85851,
              52.38699
            ],
            [
              4.8590441,
              52.3866647
            ]
          ]
        ]
      }
    },
    {
      "type": "Feature",
      "properties": {
        "osm_id": "961266877",
        "code": 8104,
        "fclass": "drain",
        "width": 0,
        "name": null,
        "oneway": "NO",
        "speed_kmh": 6.0
      },
      "geometry": {
        "type": "MultiLineString",
        "coordinates": [
          [
            [
              4.8589601,
              52.3860978
            ],
            [
              4.8604474,
              52.386304
            ],
            [
              4.860715,
              52.3863368
            ]
          ]
        ]
      }
    },
    {
      "type": "Feature",
      "properties": {
        "osm_id": "961266878",
        "code": 8104,
        "fclass": "drain",
        "width": 0,
        "name": null,
        "oneway": "NO",
        "speed_kmh": 6.0
      },
      "geometry": {
        "type": "MultiLineString",
        "coordinates": [
          [
            [
              4.8590395,
              52.3858729
            ],
            [
              4.8589601,
              52.3860978
            ],
            [
              4.8589343,
              52.3861725
            ],
            [
              4.8587639,
              52.3863591
            ],
            [
              4.8571843,
              52.3872895
            ]
          ]
        ]
      }
    },
    {
      "type": "Feature",
      "properties": {
        "osm_id": "961266879",
        "code": 8104,
        "fclass": "drain",
        "width": 0,
        "name": null,
        "oneway": "NO",
        "speed_kmh": 6.0
      },
      "geometry": {
        "type": "MultiLineString",
        "coordinates": [
          [
            [
              4.8569867,
              52.3869189
            ],
            [
              4.8577957,
              52.3864148
            ],
            [
              4.8585574,
              52.3859556
            ],
            [
              4.8586446,
              52.3858607
            ]
          ]
        ]
      }
    },
    {
      "type": "Feature",
      "properties": {
        "osm_id": "961266880",
        "code": 8104,
        "fclass": "drain",
        "width": 0,
        "name": null,
        "oneway": "NO",
        "speed_kmh": 6.0
      },
      "geometry": {
        "type": "MultiLineString",
        "coordinates": [
          [
            [
              4.8563582,
              52.3868603
            ],
            [
              4.8567474,
              52.387068
            ],
            [
              4.8570151,
              52.3872247
            ],
            [
              4.8571843,
              52.3872895
            ],
            [
              4.8576363,
              52.387522
            ],
            [
              4.8577366,
              52.3875741
            ]
          ]
        ]
      }
    },
    {
      "type": "Feature",
      "properties": {
        "osm_id": "961266881",
        "code": 8104,
        "fclass": "drain",
        "width": 0,
        "name": null,
        "oneway": "NO",
        "speed_kmh": 6.0
      },
      "geometry": {
        "type": "MultiLineString",
        "coordinates": [
          [
            [
              4.855096,
              52.3871399
            ],
            [
              4.8552133,
              52.3870815
            ],
            [
              4.8570367,
              52.3859577
            ],
            [
              4.8571104,
              52.3858772
            ]
          ]
        ]
      }
    },
    {
      "type": "Feature",
      "properties": {
        "osm_id": "961266882",
        "code": 8104,
        "fclass": "drain",
        "width": 0,
        "name": null,
        "oneway": "NO",
        "speed_kmh": 6.0
      },
      "geometry": {
        "type": "MultiLineString",
        "coordinates": [
          [
            [
              4.8549689,
              52.3869924
            ],
            [
              4.8551571,
              52.3870573
            ],
            [
              4.8552133,
              52.3870815
            ]
          ]
        ]
      }
    },
    {
      "type": "Feature",
      "properties": {
        "osm_id": "961266884",
        "code": 8104,
        "fclass": "drain",
        "width": 0,
        "name": null,
        "oneway": "NO",
        "speed_kmh": 6.0
      },
      "geometry": {
        "type": "MultiLineString",
        "coordinates": [
          [
            [
              4.8546061,
              52.3867106
            ],
            [
              4.8555949,
              52.3860904
            ],
            [
              4.8555829,
              52.3859504
            ]
          ]
        ]
      }
    },
    {
      "type": "Feature",
      "properties": {
        "osm_id": "961266885",
        "code": 8104,
        "fclass": "drain",
        "width": 0,
        "name": null,
        "oneway": "NO",
        "speed_kmh": 6.0
      },
      "geometry": {
        "type": "MultiLineString",
        "coordinates": [
          [
            [
              4.8519284,
              52.3885789
            ],
            [
              4.8519475,
              52.3885548
            ],
            [
              4.8547075,
              52.3869116
            ]
          ]
        ]
      }
    },
    {
      "type": "Feature",
      "properties": {
        "osm_id": "961266886",
        "code": 8104,
        "fclass": "drain",
        "width": 0,
        "name": null,
        "oneway": "NO",
        "speed_kmh": 6.0
      },
      "geometry": {
        "type": "MultiLineString",
        "coordinates": [
          [
            [
              4.8542067,
              52.386658
            ],
            [
              4.8541573,
              52.3866505
            ],
            [
              4.8539051,
              52.3865097
            ]
          ]
        ]
      }
    },
    {
      "type": "Feature",
      "properties": {
        "osm_id": "961266887",
        "code": 8104,
        "fclass": "drain",
        "width": 0,
        "name": null,
        "oneway": "NO",
        "speed_kmh": 6.0
      },
      "geometry": {
        "type": "MultiLineString",
        "coordinates": [
          [
            [
              4.8504854,
              52.3885292
            ],
            [
              4.8522506,
              52.3875023
            ],
            [
              4.8524013,
              52.3874115
            ],
            [
              4.8539051,
              52.3865097
            ],
            [
              4.8547375,
              52.3860093
            ]
          ]
        ]
      }
    },
    {
      "type": "Feature",
      "properties": {
        "osm_id": "961266889",
        "code": 8104,
        "fclass": "drain",
        "width": 0,
        "name": null,
        "oneway": "NO",
        "speed_kmh": 6.0
      },
      "geometry": {
        "type": "MultiLineString",
        "coordinates": [
          [
            [
              4.8500025,
              52.3874739
            ],
            [
              4.850582,
              52.3878293
            ]
          ]
        ]
      }
    },
    {
      "type": "Feature",
      "properties": {
        "osm_id": "961266890",
        "code": 8104,
        "fclass": "drain",
        "width": 0,
        "name": null,
        "oneway": "NO",
        "speed_kmh": 6.0
      },
      "geometry": {
        "type": "MultiLineString",
        "coordinates": [
          [
            [
              4.8488814,
              52.3874314
            ],
            [
              4.8494625,
              52.387799
            ],
            [
              4.8500857,
              52.3881876
            ]
          ]
        ]
      }
    },
    {
      "type": "Feature",
      "properties": {
        "osm_id": "961266893",
        "code": 8104,
        "fclass": "drain",
        "width": 0,
        "name": null,
        "oneway": "NO",
        "speed_kmh": 6.0
      },
      "geometry": {
        "type": "MultiLineString",
        "coordinates": [
          [
            [
              4.8493363,
              52.3867084
            ],
            [
              4.8497853,
              52.3869705
            ],
            [
              4.8503169,
              52.3872779
            ]
          ]
        ]
      }
    },
    {
      "type": "Feature",
      "properties": {
        "osm_id": "961266894",
        "code": 8104,
        "fclass": "drain",
        "width": 0,
        "name": null,
        "oneway": "NO",
        "speed_kmh": 6.0
      },
      "geometry": {
        "type": "MultiLineString",
        "coordinates": [
          [
            [
              4.848603,
              52.3871343
            ],
            [
              4.8477793,
              52.3865971
            ]
          ]
        ]
      }
    },
    {
      "type": "Feature",
      "properties": {
        "osm_id": "961266895",
        "code": 8104,
        "fclass": "drain",
        "width": 0,
        "name": null,
        "oneway": "NO",
        "speed_kmh": 6.0
      },
      "geometry": {
        "type": "MultiLineString",
        "coordinates": [
          [
            [
              4.8497507,
              52.3864471
            ],
            [
              4.8486836,
              52.3865253
            ],
            [
              4.8480519,
              52.3865531
            ],
            [
              4.8478769,
              52.3865691
            ],
            [
              4.8477793,
              52.3865971
            ],
            [
              4.8476355,
              52.386687
            ],
            [
              4.8475912,
              52.3867482
            ],
            [
              4.8475542,
              52.3871319
            ],
            [
              4.8475322,
              52.3872145
            ],
            [
              4.84749,
              52.3879344
            ],
            [
              4.8474655,
              52.3880838
            ],
            [
              4.8474756,
              52.3881957
            ],
            [
              4.8474922,
              52.388254
            ],
            [
              4.8475586,
              52.3883636
            ],
            [
              4.8476247,
              52.3883902
            ],
            [
              4.8479099,
              52.388414
            ],
            [
              4.8482873,
              52.3884328
            ],
            [
              4.8504854,
              52.3885292
            ],
            [
              4.850942,
              52.3885429
            ],
            [
              4.8518787,
              52.3886014
            ],
            [
              4.8519284,
              52.3885789
            ],
            [
              4.8519793,
              52.388583
            ],
            [
              4.8520095,
              52.3885928
            ],
            [
              4.852263,
              52.3886047
            ],
            [
              4.8526774,
              52.3886033
            ]
          ]
        ]
      }
    },
    {
      "type": "Feature",
      "properties": {
        "osm_id": "961266896",
        "code": 8104,
        "fclass": "drain",
        "width": 0,
        "name": null,
        "oneway": "NO",
        "speed_kmh": 6.0
      },
      "geometry": {
        "type": "MultiLineString",
        "coordinates": [
          [
            [
              4.8500067,
              52.3864217
            ],
            [
              4.8500371,
              52.3865084
            ],
            [
              4.850082,
              52.3865903
            ],
            [
              4.8502372,
              52.386689
            ],
            [
              4.8507755,
              52.38702
            ]
          ]
        ]
      }
    },
    {
      "type": "Feature",
      "properties": {
        "osm_id": "961266897",
        "code": 8104,
        "fclass": "drain",
        "width": 0,
        "name": null,
        "oneway": "NO",
        "speed_kmh": 6.0
      },
      "geometry": {
        "type": "MultiLineString",
        "coordinates": [
          [
            [
              4.8502372,
              52.386689
            ],
            [
              4.8497853,
              52.3869705
            ],
            [
              4.8492878,
              52.3872767
            ],
            [
              4.8491335,
              52.3872939
            ],
            [
              4.8488814,
              52.3874314
            ],
            [
              4.8481709,
              52.3878353
            ],
            [
              4.8474922,
              52.388254
            ]
          ]
        ]
      }
    },
    {
      "type": "Feature",
      "properties": {
        "osm_id": "961266898",
        "code": 8104,
        "fclass": "drain",
        "width": 0,
        "name": null,
        "oneway": "NO",
        "speed_kmh": 6.0
      },
      "geometry": {
        "type": "MultiLineString",
        "coordinates": [
          [
            [
              4.8497774,
              52.3883755
            ],
            [
              4.8500857,
              52.3881876
            ],
            [
              4.850582,
              52.3878293
            ],
            [
              4.8511756,
              52.3874683
            ],
            [
              4.8512654,
              52.3874134
            ],
            [
              4.8517328,
              52.3871682
            ],
            [
              4.8518437,
              52.3871019
            ],
            [
              4.8525198,
              52.3867095
            ],
            [
              4.8533046,
              52.3862239
            ],
            [
              4.8534959,
              52.3861026
            ]
          ]
        ]
      }
    },
    {
      "type": "Feature",
      "properties": {
        "osm_id": "968485145",
        "code": 8103,
        "fclass": "canal",
        "width": 20,
        "name": "Kolberggracht",
        "oneway": "NO",
        "speed_kmh": 6.0
      },
      "geometry": {
        "type": "MultiLineString",
        "coordinates": [
          [
            [
              4.8794081,
              52.3923466
            ],
            [
              4.879392,
              52.3924743
            ],
            [
              4.8807492,
              52.393201
            ],
            [
              4.881527,
              52.393607
            ],
            [
              4.8828641,
              52.3942701
            ]
          ]
        ]
      }
    },
    {
      "type": "Feature",
      "properties": {
        "osm_id": "975076236",
        "code": 8103,
        "fclass": "canal",
        "width": 0,
        "name": "Distelhaven",
        "oneway": "NO",
        "speed_kmh": 6.0
      },
      "geometry": {
        "type": "MultiLineString",
        "coordinates": [
          [
            [
              4.9099461,
              52.3927555
            ],
            [
              4.9107282,
              52.3928998
            ],
            [
              4.9114521,
              52.3935866
            ]
          ]
        ]
      }
    },
    {
      "type": "Feature",
      "properties": {
        "osm_id": "979367748",
        "code": 8103,
        "fclass": "canal",
        "width": 0,
        "name": "Molenwetering",
        "oneway": "NO",
        "speed_kmh": 6.0
      },
      "geometry": {
        "type": "MultiLineString",
        "coordinates": [
          [
            [
              4.9280681,
              52.3473265
            ],
            [
              4.9286448,
              52.3476578
            ]
          ]
        ]
      }
    },
    {
      "type": "Feature",
      "properties": {
        "osm_id": "996315471",
        "code": 8102,
        "fclass": "stream",
        "width": 0,
        "name": null,
        "oneway": "NO",
        "speed_kmh": 6.0
      },
      "geometry": {
        "type": "MultiLineString",
        "coordinates": [
          [
            [
              4.9602709,
              52.3468075
            ],
            [
              4.9603364,
              52.3468865
            ],
            [
              4.9609633,
              52.3474992
            ],
            [
              4.961184,
              52.3476945
            ],
            [
              4.9614142,
              52.347959
            ],
            [
              4.9614947,
              52.3479869
            ]
          ]
        ]
      }
    },
    {
      "type": "Feature",
      "properties": {
        "osm_id": "996315472",
        "code": 8102,
        "fclass": "stream",
        "width": 0,
        "name": null,
        "oneway": "NO",
        "speed_kmh": 6.0
      },
      "geometry": {
        "type": "MultiLineString",
        "coordinates": [
          [
            [
              4.9601935,
              52.3467273
            ],
            [
              4.9602709,
              52.3468075
            ]
          ]
        ]
      }
    },
    {
      "type": "Feature",
      "properties": {
        "osm_id": "996315488",
        "code": 8102,
        "fclass": "stream",
        "width": 0,
        "name": null,
        "oneway": "NO",
        "speed_kmh": 6.0
      },
      "geometry": {
        "type": "MultiLineString",
        "coordinates": [
          [
            [
              4.9570998,
              52.3436278
            ],
            [
              4.9570372,
              52.343651
            ],
            [
              4.9569621,
              52.3436788
            ]
          ]
        ]
      }
    },
    {
      "type": "Feature",
      "properties": {
        "osm_id": "996315493",
        "code": 8102,
        "fclass": "stream",
        "width": 0,
        "name": "Ringvaart Watergraafsmeer",
        "oneway": "NO",
        "speed_kmh": 6.0
      },
      "geometry": {
        "type": "MultiLineString",
        "coordinates": [
          [
            [
              4.953949,
              52.3407898
            ],
            [
              4.9569621,
              52.3436788
            ],
            [
              4.9576214,
              52.3442845
            ],
            [
              4.9581685,
              52.3447925
            ],
            [
              4.9586505,
              52.3452673
            ],
            [
              4.959506,
              52.3460927
            ],
            [
              4.9599022,
              52.3464546
            ],
            [
              4.9601935,
              52.3467273
            ]
          ]
        ]
      }
    },
    {
      "type": "Feature",
      "properties": {
        "osm_id": "996315494",
        "code": 8102,
        "fclass": "stream",
        "width": 0,
        "name": null,
        "oneway": "NO",
        "speed_kmh": 6.0
      },
      "geometry": {
        "type": "MultiLineString",
        "coordinates": [
          [
            [
              4.957994,
              52.3434508
            ],
            [
              4.9572706,
              52.3435763
            ]
          ]
        ]
      }
    },
    {
      "type": "Feature",
      "properties": {
        "osm_id": "996315495",
        "code": 8102,
        "fclass": "stream",
        "width": 0,
        "name": null,
        "oneway": "NO",
        "speed_kmh": 6.0
      },
      "geometry": {
        "type": "MultiLineString",
        "coordinates": [
          [
            [
              4.9586246,
              52.3433501
            ],
            [
              4.957994,
              52.3434508
            ]
          ]
        ]
      }
    },
    {
      "type": "Feature",
      "properties": {
        "osm_id": "996315496",
        "code": 8102,
        "fclass": "stream",
        "width": 0,
        "name": null,
        "oneway": "NO",
        "speed_kmh": 6.0
      },
      "geometry": {
        "type": "MultiLineString",
        "coordinates": [
          [
            [
              4.9587222,
              52.3433568
            ],
            [
              4.9586246,
              52.3433501
            ]
          ]
        ]
      }
    },
    {
      "type": "Feature",
      "properties": {
        "osm_id": "996323532",
        "code": 8102,
        "fclass": "stream",
        "width": 0,
        "name": null,
        "oneway": "NO",
        "speed_kmh": 6.0
      },
      "geometry": {
        "type": "MultiLineString",
        "coordinates": [
          [
            [
              4.9614142,
              52.347959
            ],
            [
              4.9613911,
              52.3480076
            ]
          ]
        ]
      }
    },
    {
      "type": "Feature",
      "properties": {
        "osm_id": "1001158933",
        "code": 8102,
        "fclass": "stream",
        "width": 0,
        "name": null,
        "oneway": "NO",
        "speed_kmh": 6.0
      },
      "geometry": {
        "type": "MultiLineString",
        "coordinates": [
          [
            [
              4.9580811,
              52.347228
            ],
            [
              4.9581062,
              52.3472168
            ]
          ]
        ]
      }
    },
    {
      "type": "Feature",
      "properties": {
        "osm_id": "1001158934",
        "code": 8102,
        "fclass": "stream",
        "width": 0,
        "name": null,
        "oneway": "NO",
        "speed_kmh": 6.0
      },
      "geometry": {
        "type": "MultiLineString",
        "coordinates": [
          [
            [
              4.9581062,
              52.3472168
            ],
            [
              4.9592603,
              52.3467016
            ]
          ]
        ]
      }
    },
    {
      "type": "Feature",
      "properties": {
        "osm_id": "1001158935",
        "code": 8102,
        "fclass": "stream",
        "width": 0,
        "name": null,
        "oneway": "NO",
        "speed_kmh": 6.0
      },
      "geometry": {
        "type": "MultiLineString",
        "coordinates": [
          [
            [
              4.9592603,
              52.3467016
            ],
            [
              4.9593221,
              52.3466741
            ]
          ]
        ]
      }
    },
    {
      "type": "Feature",
      "properties": {
        "osm_id": "1001158936",
        "code": 8102,
        "fclass": "stream",
        "width": 0,
        "name": null,
        "oneway": "NO",
        "speed_kmh": 6.0
      },
      "geometry": {
        "type": "MultiLineString",
        "coordinates": [
          [
            [
              4.9552723,
              52.3443275
            ],
            [
              4.9552396,
              52.3443391
            ]
          ]
        ]
      }
    },
    {
      "type": "Feature",
      "properties": {
        "osm_id": "1001158937",
        "code": 8102,
        "fclass": "stream",
        "width": 0,
        "name": null,
        "oneway": "NO",
        "speed_kmh": 6.0
      },
      "geometry": {
        "type": "MultiLineString",
        "coordinates": [
          [
            [
              4.9564143,
              52.3439209
            ],
            [
              4.9552723,
              52.3443275
            ]
          ]
        ]
      }
    },
    {
      "type": "Feature",
      "properties": {
        "osm_id": "1001158938",
        "code": 8102,
        "fclass": "stream",
        "width": 0,
        "name": null,
        "oneway": "NO",
        "speed_kmh": 6.0
      },
      "geometry": {
        "type": "MultiLineString",
        "coordinates": [
          [
            [
              4.9597437,
              52.3470682
            ],
            [
              4.9595702,
              52.3468942
            ],
            [
              4.9593221,
              52.3466741
            ],
            [
              4.9591891,
              52.346556
            ],
            [
              4.9587882,
              52.3462183
            ],
            [
              4.9581902,
              52.3456415
            ],
            [
              4.9578403,
              52.3453016
            ],
            [
              4.9575111,
              52.3449743
            ],
            [
              4.9572064,
              52.3446792
            ],
            [
              4.9569121,
              52.3443813
            ],
            [
              4.9564622,
              52.3439209
            ],
            [
              4.9564143,
              52.3439209
            ]
          ]
        ]
      }
    },
    {
      "type": "Feature",
      "properties": {
        "osm_id": "1001205766",
        "code": 8104,
        "fclass": "drain",
        "width": 0,
        "name": "Molenwatering",
        "oneway": "NO",
        "speed_kmh": 6.0
      },
      "geometry": {
        "type": "MultiLineString",
        "coordinates": [
          [
            [
              4.9562943,
              52.3509035
            ],
            [
              4.9552196,
              52.3499523
            ]
          ]
        ]
      }
    },
    {
      "type": "Feature",
      "properties": {
        "osm_id": "1001205767",
        "code": 8104,
        "fclass": "drain",
        "width": 0,
        "name": "Molenwatering",
        "oneway": "NO",
        "speed_kmh": 6.0
      },
      "geometry": {
        "type": "MultiLineString",
        "coordinates": [
          [
            [
              4.9564962,
              52.3510654
            ],
            [
              4.9562943,
              52.3509035
            ]
          ]
        ]
      }
    },
    {
      "type": "Feature",
      "properties": {
        "osm_id": "1009129354",
        "code": 8103,
        "fclass": "canal",
        "width": 0,
        "name": "Zwanenburgwal",
        "oneway": "NO",
        "speed_kmh": 6.0
      },
      "geometry": {
        "type": "MultiLineString",
        "coordinates": [
          [
            [
              4.8990486,
              52.3681523
            ],
            [
              4.9001188,
              52.3690523
            ],
            [
              4.9003768,
              52.3691823
            ],
            [
              4.9005989,
              52.3692689
            ],
            [
              4.9009475,
              52.3695216
            ]
          ]
        ]
      }
    },
    {
      "type": "Feature",
      "properties": {
        "osm_id": "1009129355",
        "code": 8103,
        "fclass": "canal",
        "width": 0,
        "name": "Sint Antoniesluis",
        "oneway": "NO",
        "speed_kmh": 6.0
      },
      "geometry": {
        "type": "MultiLineString",
        "coordinates": [
          [
            [
              4.9013671,
              52.3697969
            ],
            [
              4.9016053,
              52.3699487
            ]
          ]
        ]
      }
    },
    {
      "type": "Feature",
      "properties": {
        "osm_id": "1012524424",
        "code": 8102,
        "fclass": "stream",
        "width": 0,
        "name": null,
        "oneway": "NO",
        "speed_kmh": 6.0
      },
      "geometry": {
        "type": "MultiLineString",
        "coordinates": [
          [
            [
              4.9673835,
              52.3514538
            ],
            [
              4.9673636,
              52.3514713
            ],
            [
              4.9673507,
              52.3514904
            ],
            [
              4.9673447,
              52.3515108
            ],
            [
              4.9673004,
              52.3515877
            ],
            [
              4.9672443,
              52.3516499
            ]
          ]
        ]
      }
    },
    {
      "type": "Feature",
      "properties": {
        "osm_id": "1012524426",
        "code": 8102,
        "fclass": "stream",
        "width": 0,
        "name": null,
        "oneway": "NO",
        "speed_kmh": 6.0
      },
      "geometry": {
        "type": "MultiLineString",
        "coordinates": [
          [
            [
              4.9674922,
              52.3514176
            ],
            [
              4.9673835,
              52.3514538
            ]
          ]
        ]
      }
    },
    {
      "type": "Feature",
      "properties": {
        "osm_id": "1013423807",
        "code": 8103,
        "fclass": "canal",
        "width": 0,
        "name": null,
        "oneway": "NO",
        "speed_kmh": 6.0
      },
      "geometry": {
        "type": "MultiLineString",
        "coordinates": [
          [
            [
              4.8557384,
              52.3950754
            ],
            [
              4.8555567,
              52.3951115
            ],
            [
              4.8555404,
              52.3952903
            ],
            [
              4.8555321,
              52.3955635
            ],
            [
              4.8555302,
              52.395737
            ],
            [
              4.8556652,
              52.3957778
            ],
            [
              4.8559256,
              52.3957995
            ],
            [
              4.8560686,
              52.3957993
            ],
            [
              4.8565316,
              52.3958336
            ],
            [
              4.8569228,
              52.3958414
            ],
            [
              4.8573398,
              52.3958264
            ],
            [
              4.8576996,
              52.3958195
            ],
            [
              4.8582069,
              52.3957877
            ],
            [
              4.8583709,
              52.3957384
            ],
            [
              4.8585846,
              52.3958492
            ],
            [
              4.8587522,
              52.3959235
            ],
            [
              4.858781,
              52.3959418
            ],
            [
              4.8588258,
              52.3959948
            ]
          ]
        ]
      }
    },
    {
      "type": "Feature",
      "properties": {
        "osm_id": "1014116417",
        "code": 8103,
        "fclass": "canal",
        "width": 0,
        "name": "Ringvaart",
        "oneway": "NO",
        "speed_kmh": 6.0
      },
      "geometry": {
        "type": "MultiLineString",
        "coordinates": [
          [
            [
              4.9149114,
              52.3493116
            ],
            [
              4.9151309,
              52.3494081
            ]
          ]
        ]
      }
    },
    {
      "type": "Feature",
      "properties": {
        "osm_id": "1014116418",
        "code": 8103,
        "fclass": "canal",
        "width": 0,
        "name": "Ringvaart",
        "oneway": "NO",
        "speed_kmh": 6.0
      },
      "geometry": {
        "type": "MultiLineString",
        "coordinates": [
          [
            [
              4.9151309,
              52.3494081
            ],
            [
              4.9154097,
              52.3495313
            ],
            [
              4.9159033,
              52.3497564
            ]
          ]
        ]
      }
    },
    {
      "type": "Feature",
      "properties": {
        "osm_id": "1014938176",
        "code": 8103,
        "fclass": "canal",
        "width": 0,
        "name": "Westertoegang",
        "oneway": "NO",
        "speed_kmh": 6.0
      },
      "geometry": {
        "type": "MultiLineString",
        "coordinates": [
          [
            [
              4.8952173,
              52.3796482
            ],
            [
              4.8954305,
              52.3798326
            ]
          ]
        ]
      }
    },
    {
      "type": "Feature",
      "properties": {
        "osm_id": "1053319893",
        "code": 8104,
        "fclass": "drain",
        "width": 0,
        "name": null,
        "oneway": "NO",
        "speed_kmh": 6.0
      },
      "geometry": {
        "type": "MultiLineString",
        "coordinates": [
          [
            [
              4.8921383,
              52.4096595
            ],
            [
              4.8924861,
              52.4099391
            ]
          ]
        ]
      }
    },
    {
      "type": "Feature",
      "properties": {
        "osm_id": "1069648826",
        "code": 8103,
        "fclass": "canal",
        "width": 0,
        "name": "Open Havenfront",
        "oneway": "NO",
        "speed_kmh": 6.0
      },
      "geometry": {
        "type": "MultiLineString",
        "coordinates": [
          [
            [
              4.8959492,
              52.3795978
            ],
            [
              4.8975814,
              52.3787988
            ]
          ]
        ]
      }
    },
    {
      "type": "Feature",
      "properties": {
        "osm_id": "1080032996",
        "code": 8104,
        "fclass": "drain",
        "width": 0,
        "name": null,
        "oneway": "NO",
        "speed_kmh": 6.0
      },
      "geometry": {
        "type": "MultiLineString",
        "coordinates": [
          [
            [
              4.9544573,
              52.3435949
            ],
            [
              4.9544509,
              52.3436327
            ],
            [
              4.9544306,
              52.3436686
            ],
            [
              4.9543975,
              52.3437008
            ],
            [
              4.9543544,
              52.343727
            ],
            [
              4.954303,
              52.3437467
            ],
            [
              4.9542456,
              52.343759
            ],
            [
              4.9541351,
              52.3437888
            ],
            [
              4.9540208,
              52.3438128
            ],
            [
              4.9539037,
              52.3438308
            ],
            [
              4.9537844,
              52.3438425
            ],
            [
              4.9536475,
              52.3438483
            ],
            [
              4.9535103,
              52.343846
            ],
            [
              4.9533741,
              52.3438356
            ],
            [
              4.9532322,
              52.3438249
            ],
            [
              4.9530925,
              52.3438062
            ],
            [
              4.9529562,
              52.3437797
            ],
            [
              4.9528854,
              52.3437625
            ]
          ]
        ]
      }
    },
    {
      "type": "Feature",
      "properties": {
        "osm_id": "1080032997",
        "code": 8104,
        "fclass": "drain",
        "width": 0,
        "name": null,
        "oneway": "NO",
        "speed_kmh": 6.0
      },
      "geometry": {
        "type": "MultiLineString",
        "coordinates": [
          [
            [
              4.9559764,
              52.3451028
            ],
            [
              4.9558666,
              52.3449794
            ]
          ]
        ]
      }
    },
    {
      "type": "Feature",
      "properties": {
        "osm_id": "1080032998",
        "code": 8104,
        "fclass": "drain",
        "width": 0,
        "name": null,
        "oneway": "NO",
        "speed_kmh": 6.0
      },
      "geometry": {
        "type": "MultiLineString",
        "coordinates": [
          [
            [
              4.9587431,
              52.3479027
            ],
            [
              4.9586392,
              52.3477971
            ],
            [
              4.9583477,
              52.3474992
            ],
            [
              4.9580811,
              52.347228
            ],
            [
              4.9579289,
              52.3470746
            ],
            [
              4.9577799,
              52.3468752
            ],
            [
              4.9573451,
              52.3464309
            ],
            [
              4.9571602,
              52.346246
            ],
            [
              4.956798,
              52.3458858
            ],
            [
              4.9564669,
              52.3455476
            ],
            [
              4.9563835,
              52.3454596
            ],
            [
              4.9562934,
              52.3453742
            ],
            [
              4.9561642,
              52.3452653
            ],
            [
              4.9559764,
              52.3451028
            ]
          ]
        ]
      }
    },
    {
      "type": "Feature",
      "properties": {
        "osm_id": "1080032999",
        "code": 8104,
        "fclass": "drain",
        "width": 0,
        "name": null,
        "oneway": "NO",
        "speed_kmh": 6.0
      },
      "geometry": {
        "type": "MultiLineString",
        "coordinates": [
          [
            [
              4.95907,
              52.3481911
            ],
            [
              4.9590388,
              52.348203
            ],
            [
              4.9568876,
              52.3491125
            ],
            [
              4.9568499,
              52.3491203
            ],
            [
              4.9552044,
              52.3498108
            ],
            [
              4.9550864,
              52.3498763
            ]
          ]
        ]
      }
    },
    {
      "type": "Feature",
      "properties": {
        "osm_id": "1080033000",
        "code": 8104,
        "fclass": "drain",
        "width": 0,
        "name": null,
        "oneway": "NO",
        "speed_kmh": 6.0
      },
      "geometry": {
        "type": "MultiLineString",
        "coordinates": [
          [
            [
              4.9485138,
              52.3524442
            ],
            [
              4.9486928,
              52.3525695
            ],
            [
              4.9489778,
              52.3524475
            ]
          ]
        ]
      }
    },
    {
      "type": "Feature",
      "properties": {
        "osm_id": "1080033001",
        "code": 8104,
        "fclass": "drain",
        "width": 0,
        "name": null,
        "oneway": "NO",
        "speed_kmh": 6.0
      },
      "geometry": {
        "type": "MultiLineString",
        "coordinates": [
          [
            [
              4.9479184,
              52.3521339
            ],
            [
              4.9485138,
              52.3524442
            ]
          ]
        ]
      }
    },
    {
      "type": "Feature",
      "properties": {
        "osm_id": "1080033002",
        "code": 8104,
        "fclass": "drain",
        "width": 0,
        "name": null,
        "oneway": "NO",
        "speed_kmh": 6.0
      },
      "geometry": {
        "type": "MultiLineString",
        "coordinates": [
          [
            [
              4.9474419,
              52.3518626
            ],
            [
              4.9479184,
              52.3521339
            ]
          ]
        ]
      }
    },
    {
      "type": "Feature",
      "properties": {
        "osm_id": "1080033003",
        "code": 8104,
        "fclass": "drain",
        "width": 0,
        "name": null,
        "oneway": "NO",
        "speed_kmh": 6.0
      },
      "geometry": {
        "type": "MultiLineString",
        "coordinates": [
          [
            [
              4.9472985,
              52.3517764
            ],
            [
              4.9474419,
              52.3518626
            ]
          ]
        ]
      }
    },
    {
      "type": "Feature",
      "properties": {
        "osm_id": "1080033004",
        "code": 8104,
        "fclass": "drain",
        "width": 0,
        "name": null,
        "oneway": "NO",
        "speed_kmh": 6.0
      },
      "geometry": {
        "type": "MultiLineString",
        "coordinates": [
          [
            [
              4.9472768,
              52.351716
            ],
            [
              4.9472985,
              52.3517764
            ]
          ]
        ]
      }
    },
    {
      "type": "Feature",
      "properties": {
        "osm_id": "1080033006",
        "code": 8104,
        "fclass": "drain",
        "width": 0,
        "name": null,
        "oneway": "NO",
        "speed_kmh": 6.0
      },
      "geometry": {
        "type": "MultiLineString",
        "coordinates": [
          [
            [
              4.9590388,
              52.348203
            ],
            [
              4.9590295,
              52.3481938
            ]
          ]
        ]
      }
    },
    {
      "type": "Feature",
      "properties": {
        "osm_id": "1080033007",
        "code": 8104,
        "fclass": "drain",
        "width": 0,
        "name": null,
        "oneway": "NO",
        "speed_kmh": 6.0
      },
      "geometry": {
        "type": "MultiLineString",
        "coordinates": [
          [
            [
              4.9489778,
              52.3524475
            ],
            [
              4.949563,
              52.3521969
            ],
            [
              4.9515697,
              52.3513523
            ],
            [
              4.9522856,
              52.351064
            ],
            [
              4.9542734,
              52.3502211
            ],
            [
              4.9543032,
              52.3502113
            ],
            [
              4.9550195,
              52.3499085
            ],
            [
              4.9550864,
              52.3498763
            ]
          ]
        ]
      }
    },
    {
      "type": "Feature",
      "properties": {
        "osm_id": "1080033008",
        "code": 8104,
        "fclass": "drain",
        "width": 0,
        "name": null,
        "oneway": "NO",
        "speed_kmh": 6.0
      },
      "geometry": {
        "type": "MultiLineString",
        "coordinates": [
          [
            [
              4.9602993,
              52.349358
            ],
            [
              4.9603342,
              52.3493061
            ]
          ]
        ]
      }
    },
    {
      "type": "Feature",
      "properties": {
        "osm_id": "1080033009",
        "code": 8104,
        "fclass": "drain",
        "width": 0,
        "name": null,
        "oneway": "NO",
        "speed_kmh": 6.0
      },
      "geometry": {
        "type": "MultiLineString",
        "coordinates": [
          [
            [
              4.9590295,
              52.3481938
            ],
            [
              4.9587431,
              52.3479027
            ]
          ]
        ]
      }
    },
    {
      "type": "Feature",
      "properties": {
        "osm_id": "1080033010",
        "code": 8104,
        "fclass": "drain",
        "width": 0,
        "name": null,
        "oneway": "NO",
        "speed_kmh": 6.0
      },
      "geometry": {
        "type": "MultiLineString",
        "coordinates": [
          [
            [
              4.9603342,
              52.3493061
            ],
            [
              4.9603644,
              52.3492612
            ],
            [
              4.9602304,
              52.3490641
            ],
            [
              4.9593911,
              52.3481843
            ],
            [
              4.9591475,
              52.3481048
            ],
            [
              4.95907,
              52.3481911
            ]
          ]
        ]
      }
    },
    {
      "type": "Feature",
      "properties": {
        "osm_id": "1080033011",
        "code": 8104,
        "fclass": "drain",
        "width": 0,
        "name": null,
        "oneway": "NO",
        "speed_kmh": 6.0
      },
      "geometry": {
        "type": "MultiLineString",
        "coordinates": [
          [
            [
              4.9526865,
              52.3439033
            ],
            [
              4.9526412,
              52.3439477
            ]
          ]
        ]
      }
    },
    {
      "type": "Feature",
      "properties": {
        "osm_id": "1080033012",
        "code": 8104,
        "fclass": "drain",
        "width": 0,
        "name": null,
        "oneway": "NO",
        "speed_kmh": 6.0
      },
      "geometry": {
        "type": "MultiLineString",
        "coordinates": [
          [
            [
              4.9528476,
              52.3437893
            ],
            [
              4.9526865,
              52.3439033
            ]
          ]
        ]
      }
    },
    {
      "type": "Feature",
      "properties": {
        "osm_id": "1080033013",
        "code": 8104,
        "fclass": "drain",
        "width": 0,
        "name": null,
        "oneway": "NO",
        "speed_kmh": 6.0
      },
      "geometry": {
        "type": "MultiLineString",
        "coordinates": [
          [
            [
              4.9558666,
              52.3449794
            ],
            [
              4.9552396,
              52.3443391
            ],
            [
              4.9550606,
              52.3441652
            ],
            [
              4.9547003,
              52.3438091
            ],
            [
              4.954624,
              52.3437313
            ],
            [
              4.954539,
              52.343657
            ],
            [
              4.9544573,
              52.3435949
            ],
            [
              4.9543695,
              52.3435361
            ],
            [
              4.9542758,
              52.3434807
            ],
            [
              4.9541898,
              52.343429
            ],
            [
              4.9540977,
              52.3433813
            ],
            [
              4.9540002,
              52.3433379
            ],
            [
              4.9538976,
              52.3432991
            ],
            [
              4.9538164,
              52.3432727
            ],
            [
              4.9537206,
              52.3432388
            ],
            [
              4.9535238,
              52.3431727
            ],
            [
              4.9534685,
              52.3431587
            ],
            [
              4.9534099,
              52.3431511
            ],
            [
              4.9533501,
              52.3431501
            ],
            [
              4.953291,
              52.3431557
            ],
            [
              4.9532345,
              52.3431678
            ],
            [
              4.9531885,
              52.3431833
            ],
            [
              4.9531472,
              52.3432032
            ],
            [
              4.9531116,
              52.3432268
            ],
            [
              4.9530826,
              52.3432536
            ],
            [
              4.9528775,
              52.3436893
            ],
            [
              4.9528677,
              52.3437044
            ],
            [
              4.952864,
              52.3437206
            ],
            [
              4.9528666,
              52.3437368
            ],
            [
              4.9528739,
              52.3437502
            ],
            [
              4.9528854,
              52.3437625
            ],
            [
              4.9528476,
              52.3437893
            ]
          ]
        ]
      }
    },
    {
      "type": "Feature",
      "properties": {
        "osm_id": "1080033014",
        "code": 8104,
        "fclass": "drain",
        "width": 0,
        "name": null,
        "oneway": "NO",
        "speed_kmh": 6.0
      },
      "geometry": {
        "type": "MultiLineString",
        "coordinates": [
          [
            [
              4.9520042,
              52.3444252
            ],
            [
              4.9520904,
              52.3444738
            ]
          ]
        ]
      }
    },
    {
      "type": "Feature",
      "properties": {
        "osm_id": "1080033015",
        "code": 8104,
        "fclass": "drain",
        "width": 0,
        "name": null,
        "oneway": "NO",
        "speed_kmh": 6.0
      },
      "geometry": {
        "type": "MultiLineString",
        "coordinates": [
          [
            [
              4.9518604,
              52.3443443
            ],
            [
              4.9520042,
              52.3444252
            ]
          ]
        ]
      }
    },
    {
      "type": "Feature",
      "properties": {
        "osm_id": "1080033016",
        "code": 8104,
        "fclass": "drain",
        "width": 0,
        "name": null,
        "oneway": "NO",
        "speed_kmh": 6.0
      },
      "geometry": {
        "type": "MultiLineString",
        "coordinates": [
          [
            [
              4.9521547,
              52.343696
            ],
            [
              4.9521837,
              52.343729
            ],
            [
              4.952403,
              52.3438457
            ],
            [
              4.9526412,
              52.3439477
            ],
            [
              4.9528099,
              52.3440211
            ]
          ]
        ]
      }
    },
    {
      "type": "Feature",
      "properties": {
        "osm_id": "1080033017",
        "code": 8104,
        "fclass": "drain",
        "width": 0,
        "name": null,
        "oneway": "NO",
        "speed_kmh": 6.0
      },
      "geometry": {
        "type": "MultiLineString",
        "coordinates": [
          [
            [
              4.9519942,
              52.3435938
            ],
            [
              4.9521547,
              52.343696
            ]
          ]
        ]
      }
    },
    {
      "type": "Feature",
      "properties": {
        "osm_id": "1080033018",
        "code": 8104,
        "fclass": "drain",
        "width": 0,
        "name": null,
        "oneway": "NO",
        "speed_kmh": 6.0
      },
      "geometry": {
        "type": "MultiLineString",
        "coordinates": [
          [
            [
              4.9510917,
              52.3439026
            ],
            [
              4.9517806,
              52.343477
            ]
          ]
        ]
      }
    },
    {
      "type": "Feature",
      "properties": {
        "osm_id": "1080033019",
        "code": 8104,
        "fclass": "drain",
        "width": 0,
        "name": null,
        "oneway": "NO",
        "speed_kmh": 6.0
      },
      "geometry": {
        "type": "MultiLineString",
        "coordinates": [
          [
            [
              4.950901,
              52.3440257
            ],
            [
              4.9510917,
              52.3439026
            ]
          ]
        ]
      }
    },
    {
      "type": "Feature",
      "properties": {
        "osm_id": "1080033020",
        "code": 8104,
        "fclass": "drain",
        "width": 0,
        "name": null,
        "oneway": "NO",
        "speed_kmh": 6.0
      },
      "geometry": {
        "type": "MultiLineString",
        "coordinates": [
          [
            [
              4.9502841,
              52.344424
            ],
            [
              4.950901,
              52.3440257
            ]
          ]
        ]
      }
    },
    {
      "type": "Feature",
      "properties": {
        "osm_id": "1080033021",
        "code": 8104,
        "fclass": "drain",
        "width": 0,
        "name": null,
        "oneway": "NO",
        "speed_kmh": 6.0
      },
      "geometry": {
        "type": "MultiLineString",
        "coordinates": [
          [
            [
              4.9518398,
              52.3414382
            ],
            [
              4.9518262,
              52.3414165
            ]
          ]
        ]
      }
    },
    {
      "type": "Feature",
      "properties": {
        "osm_id": "1080033022",
        "code": 8104,
        "fclass": "drain",
        "width": 0,
        "name": null,
        "oneway": "NO",
        "speed_kmh": 6.0
      },
      "geometry": {
        "type": "MultiLineString",
        "coordinates": [
          [
            [
              4.9519719,
              52.341645
            ],
            [
              4.9518398,
              52.3414382
            ]
          ]
        ]
      }
    },
    {
      "type": "Feature",
      "properties": {
        "osm_id": "1080033023",
        "code": 8104,
        "fclass": "drain",
        "width": 0,
        "name": null,
        "oneway": "NO",
        "speed_kmh": 6.0
      },
      "geometry": {
        "type": "MultiLineString",
        "coordinates": [
          [
            [
              4.952162,
              52.3417726
            ],
            [
              4.9519719,
              52.341645
            ]
          ]
        ]
      }
    },
    {
      "type": "Feature",
      "properties": {
        "osm_id": "1080033024",
        "code": 8104,
        "fclass": "drain",
        "width": 0,
        "name": null,
        "oneway": "NO",
        "speed_kmh": 6.0
      },
      "geometry": {
        "type": "MultiLineString",
        "coordinates": [
          [
            [
              4.9510126,
              52.3416754
            ],
            [
              4.9509845,
              52.3416822
            ]
          ]
        ]
      }
    },
    {
      "type": "Feature",
      "properties": {
        "osm_id": "1080033025",
        "code": 8104,
        "fclass": "drain",
        "width": 0,
        "name": null,
        "oneway": "NO",
        "speed_kmh": 6.0
      },
      "geometry": {
        "type": "MultiLineString",
        "coordinates": [
          [
            [
              4.9516201,
              52.3413845
            ],
            [
              4.9515391,
              52.3414469
            ],
            [
              4.9514488,
              52.3415043
            ],
            [
              4.9513502,
              52.3415563
            ],
            [
              4.9512439,
              52.3416024
            ],
            [
              4.9511311,
              52.3416423
            ],
            [
              4.9510126,
              52.3416754
            ]
          ]
        ]
      }
    },
    {
      "type": "Feature",
      "properties": {
        "osm_id": "1080033026",
        "code": 8104,
        "fclass": "drain",
        "width": 0,
        "name": null,
        "oneway": "NO",
        "speed_kmh": 6.0
      },
      "geometry": {
        "type": "MultiLineString",
        "coordinates": [
          [
            [
              4.9518328,
              52.3410696
            ],
            [
              4.9517785,
              52.3410742
            ],
            [
              4.9517266,
              52.3410848
            ],
            [
              4.9516787,
              52.3411011
            ],
            [
              4.9516366,
              52.3411226
            ],
            [
              4.9515958,
              52.341154
            ],
            [
              4.9515674,
              52.3411901
            ],
            [
              4.9515527,
              52.3412292
            ],
            [
              4.9515536,
              52.3412966
            ],
            [
              4.9515838,
              52.3413571
            ],
            [
              4.9516201,
              52.3413845
            ]
          ]
        ]
      }
    },
    {
      "type": "Feature",
      "properties": {
        "osm_id": "1080033027",
        "code": 8104,
        "fclass": "drain",
        "width": 0,
        "name": null,
        "oneway": "NO",
        "speed_kmh": 6.0
      },
      "geometry": {
        "type": "MultiLineString",
        "coordinates": [
          [
            [
              4.9520818,
              52.3412793
            ],
            [
              4.9518262,
              52.3414165
            ],
            [
              4.9517284,
              52.3414689
            ],
            [
              4.9516201,
              52.3413845
            ]
          ]
        ]
      }
    },
    {
      "type": "Feature",
      "properties": {
        "osm_id": "1080033028",
        "code": 8104,
        "fclass": "drain",
        "width": 0,
        "name": null,
        "oneway": "NO",
        "speed_kmh": 6.0
      },
      "geometry": {
        "type": "MultiLineString",
        "coordinates": [
          [
            [
              4.9500377,
              52.3420217
            ],
            [
              4.9500194,
              52.3420325
            ]
          ]
        ]
      }
    },
    {
      "type": "Feature",
      "properties": {
        "osm_id": "1080033029",
        "code": 8104,
        "fclass": "drain",
        "width": 0,
        "name": null,
        "oneway": "NO",
        "speed_kmh": 6.0
      },
      "geometry": {
        "type": "MultiLineString",
        "coordinates": [
          [
            [
              4.9503647,
              52.3418311
            ],
            [
              4.9500377,
              52.3420217
            ]
          ]
        ]
      }
    },
    {
      "type": "Feature",
      "properties": {
        "osm_id": "1080033030",
        "code": 8104,
        "fclass": "drain",
        "width": 0,
        "name": null,
        "oneway": "NO",
        "speed_kmh": 6.0
      },
      "geometry": {
        "type": "MultiLineString",
        "coordinates": [
          [
            [
              4.9510931,
              52.341806
            ],
            [
              4.9510632,
              52.3417749
            ],
            [
              4.9509845,
              52.3416822
            ],
            [
              4.9509688,
              52.3416637
            ],
            [
              4.9509283,
              52.3416061
            ],
            [
              4.9509179,
              52.3415924
            ],
            [
              4.950901,
              52.3415815
            ],
            [
              4.9508792,
              52.3415744
            ],
            [
              4.9508482,
              52.3415721
            ],
            [
              4.9508182,
              52.3415776
            ],
            [
              4.9507943,
              52.34159
            ],
            [
              4.9503859,
              52.3418187
            ],
            [
              4.9503647,
              52.3418311
            ]
          ]
        ]
      }
    },
    {
      "type": "Feature",
      "properties": {
        "osm_id": "1080033031",
        "code": 8104,
        "fclass": "drain",
        "width": 0,
        "name": null,
        "oneway": "NO",
        "speed_kmh": 6.0
      },
      "geometry": {
        "type": "MultiLineString",
        "coordinates": [
          [
            [
              4.9469613,
              52.3447748
            ],
            [
              4.9507181,
              52.3424492
            ]
          ]
        ]
      }
    },
    {
      "type": "Feature",
      "properties": {
        "osm_id": "1080033032",
        "code": 8104,
        "fclass": "drain",
        "width": 0,
        "name": "Ringwater",
        "oneway": "NO",
        "speed_kmh": 6.0
      },
      "geometry": {
        "type": "MultiLineString",
        "coordinates": [
          [
            [
              4.9478302,
              52.3453141
            ],
            [
              4.9478421,
              52.3453053
            ],
            [
              4.9474806,
              52.3450983
            ],
            [
              4.9469613,
              52.3447748
            ],
            [
              4.9462088,
              52.3443174
            ],
            [
              4.946201,
              52.3443105
            ],
            [
              4.9461984,
              52.3443024
            ],
            [
              4.9462018,
              52.3442939
            ],
            [
              4.9462107,
              52.3442871
            ],
            [
              4.9470412,
              52.3437679
            ],
            [
              4.9472978,
              52.3436357
            ],
            [
              4.949911,
              52.342004
            ],
            [
              4.9499236,
              52.3419989
            ],
            [
              4.9499384,
              52.3419968
            ],
            [
              4.9499508,
              52.3419975
            ],
            [
              4.9499624,
              52.3420003
            ],
            [
              4.9500194,
              52.3420325
            ],
            [
              4.9502079,
              52.342139
            ],
            [
              4.9502574,
              52.3421651
            ]
          ]
        ]
      }
    },
    {
      "type": "Feature",
      "properties": {
        "osm_id": "1080033033",
        "code": 8104,
        "fclass": "drain",
        "width": 0,
        "name": null,
        "oneway": "NO",
        "speed_kmh": 6.0
      },
      "geometry": {
        "type": "MultiLineString",
        "coordinates": [
          [
            [
              4.9531266,
              52.344203
            ],
            [
              4.9528099,
              52.3440211
            ],
            [
              4.9520904,
              52.3444738
            ],
            [
              4.9491434,
              52.3463279
            ]
          ]
        ]
      }
    },
    {
      "type": "Feature",
      "properties": {
        "osm_id": "1080033034",
        "code": 8104,
        "fclass": "drain",
        "width": 0,
        "name": null,
        "oneway": "NO",
        "speed_kmh": 6.0
      },
      "geometry": {
        "type": "MultiLineString",
        "coordinates": [
          [
            [
              4.9533037,
              52.3443085
            ],
            [
              4.9531266,
              52.344203
            ]
          ]
        ]
      }
    },
    {
      "type": "Feature",
      "properties": {
        "osm_id": "1080033035",
        "code": 8104,
        "fclass": "drain",
        "width": 0,
        "name": null,
        "oneway": "NO",
        "speed_kmh": 6.0
      },
      "geometry": {
        "type": "MultiLineString",
        "coordinates": [
          [
            [
              4.9499827,
              52.3468276
            ],
            [
              4.9536467,
              52.3445213
            ],
            [
              4.9533712,
              52.344349
            ],
            [
              4.9533037,
              52.3443085
            ]
          ]
        ]
      }
    },
    {
      "type": "Feature",
      "properties": {
        "osm_id": "1080274281",
        "code": 8104,
        "fclass": "drain",
        "width": 0,
        "name": "Ringwater",
        "oneway": "NO",
        "speed_kmh": 6.0
      },
      "geometry": {
        "type": "MultiLineString",
        "coordinates": [
          [
            [
              4.9476835,
              52.3454043
            ],
            [
              4.9478302,
              52.3453141
            ]
          ]
        ]
      }
    },
    {
      "type": "Feature",
      "properties": {
        "osm_id": "1080274282",
        "code": 8104,
        "fclass": "drain",
        "width": 0,
        "name": "Ringwater",
        "oneway": "NO",
        "speed_kmh": 6.0
      },
      "geometry": {
        "type": "MultiLineString",
        "coordinates": [
          [
            [
              4.9476513,
              52.3454241
            ],
            [
              4.9476835,
              52.3454043
            ]
          ]
        ]
      }
    },
    {
      "type": "Feature",
      "properties": {
        "osm_id": "1081609366",
        "code": 8104,
        "fclass": "drain",
        "width": 0,
        "name": null,
        "oneway": "NO",
        "speed_kmh": 6.0
      },
      "geometry": {
        "type": "MultiLineString",
        "coordinates": [
          [
            [
              4.946208,
              52.349377
            ],
            [
              4.9463429,
              52.3492922
            ]
          ]
        ]
      }
    },
    {
      "type": "Feature",
      "properties": {
        "osm_id": "1081609367",
        "code": 8104,
        "fclass": "drain",
        "width": 0,
        "name": "Molenwetering",
        "oneway": "NO",
        "speed_kmh": 6.0
      },
      "geometry": {
        "type": "MultiLineString",
        "coordinates": [
          [
            [
              4.9471875,
              52.351521
            ],
            [
              4.9471026,
              52.351636
            ]
          ]
        ]
      }
    },
    {
      "type": "Feature",
      "properties": {
        "osm_id": "1081609368",
        "code": 8104,
        "fclass": "drain",
        "width": 0,
        "name": "Molenwetering",
        "oneway": "NO",
        "speed_kmh": 6.0
      },
      "geometry": {
        "type": "MultiLineString",
        "coordinates": [
          [
            [
              4.9472042,
              52.3514983
            ],
            [
              4.9471875,
              52.351521
            ]
          ]
        ]
      }
    },
    {
      "type": "Feature",
      "properties": {
        "osm_id": "1081609373",
        "code": 8104,
        "fclass": "drain",
        "width": 0,
        "name": null,
        "oneway": "NO",
        "speed_kmh": 6.0
      },
      "geometry": {
        "type": "MultiLineString",
        "coordinates": [
          [
            [
              4.9463429,
              52.3492922
            ],
            [
              4.9488769,
              52.3476993
            ],
            [
              4.9489069,
              52.3476796
            ],
            [
              4.9489583,
              52.3476709
            ],
            [
              4.9489992,
              52.3476736
            ],
            [
              4.9490371,
              52.3476833
            ],
            [
              4.9490682,
              52.3476989
            ],
            [
              4.9490909,
              52.3477193
            ],
            [
              4.9491192,
              52.3477317
            ],
            [
              4.9491434,
              52.3477378
            ],
            [
              4.9491489,
              52.3477391
            ],
            [
              4.9491805,
              52.3477429
            ],
            [
              4.9492121,
              52.347743
            ],
            [
              4.9492432,
              52.3477395
            ],
            [
              4.9492932,
              52.3477167
            ],
            [
              4.949446,
              52.347617
            ],
            [
              4.9496424,
              52.3474904
            ],
            [
              4.9498983,
              52.3473325
            ],
            [
              4.9499784,
              52.3472745
            ],
            [
              4.9500291,
              52.3472421
            ],
            [
              4.9500522,
              52.347232
            ],
            [
              4.9500772,
              52.3472239
            ],
            [
              4.9501171,
              52.3472158
            ],
            [
              4.9501377,
              52.347213
            ],
            [
              4.9501588,
              52.3472127
            ],
            [
              4.950184,
              52.3472157
            ],
            [
              4.9502072,
              52.3472223
            ],
            [
              4.9502272,
              52.3472321
            ],
            [
              4.9518786,
              52.348218
            ],
            [
              4.9518936,
              52.3482352
            ],
            [
              4.9519021,
              52.3482541
            ],
            [
              4.9519036,
              52.3482736
            ],
            [
              4.9518961,
              52.3482965
            ],
            [
              4.951879,
              52.3483175
            ],
            [
              4.9518536,
              52.348335
            ],
            [
              4.9509321,
              52.3489163
            ],
            [
              4.950906,
              52.3489405
            ],
            [
              4.9508858,
              52.3489667
            ],
            [
              4.9508717,
              52.3489952
            ],
            [
              4.9508646,
              52.3490246
            ],
            [
              4.9508674,
              52.3492398
            ],
            [
              4.9508581,
              52.3492747
            ],
            [
              4.9508382,
              52.3493078
            ],
            [
              4.9508144,
              52.3493331
            ],
            [
              4.9507844,
              52.3493557
            ],
            [
              4.9507491,
              52.3493752
            ],
            [
              4.9473841,
              52.3514877
            ],
            [
              4.9473531,
              52.3514993
            ],
            [
              4.9473188,
              52.3515066
            ],
            [
              4.9472827,
              52.3515093
            ],
            [
              4.9472424,
              52.3515067
            ],
            [
              4.9472042,
              52.3514983
            ],
            [
              4.9471704,
              52.3514845
            ],
            [
              4.947036,
              52.3513984
            ],
            [
              4.9461621,
              52.3508727
            ],
            [
              4.9450845,
              52.350226
            ],
            [
              4.945062,
              52.3502066
            ],
            [
              4.9450469,
              52.3501847
            ],
            [
              4.94504,
              52.3501613
            ],
            [
              4.9450416,
              52.3501375
            ],
            [
              4.9450501,
              52.3501171
            ],
            [
              4.9450649,
              52.350098
            ],
            [
              4.9450854,
              52.350081
            ],
            [
              4.946208,
              52.349377
            ]
          ]
        ]
      }
    },
    {
      "type": "Feature",
      "properties": {
        "osm_id": "1081609374",
        "code": 8104,
        "fclass": "drain",
        "width": 0,
        "name": null,
        "oneway": "NO",
        "speed_kmh": 6.0
      },
      "geometry": {
        "type": "MultiLineString",
        "coordinates": [
          [
            [
              4.9485061,
              52.3473593
            ],
            [
              4.9488373,
              52.3475544
            ]
          ]
        ]
      }
    },
    {
      "type": "Feature",
      "properties": {
        "osm_id": "1081609375",
        "code": 8104,
        "fclass": "drain",
        "width": 0,
        "name": null,
        "oneway": "NO",
        "speed_kmh": 6.0
      },
      "geometry": {
        "type": "MultiLineString",
        "coordinates": [
          [
            [
              4.9484399,
              52.3473202
            ],
            [
              4.9485061,
              52.3473593
            ]
          ]
        ]
      }
    },
    {
      "type": "Feature",
      "properties": {
        "osm_id": "1081609376",
        "code": 8104,
        "fclass": "drain",
        "width": 0,
        "name": null,
        "oneway": "NO",
        "speed_kmh": 6.0
      },
      "geometry": {
        "type": "MultiLineString",
        "coordinates": [
          [
            [
              4.9488373,
              52.3475544
            ],
            [
              4.9489103,
              52.3475898
            ],
            [
              4.9489357,
              52.3476139
            ],
            [
              4.9489523,
              52.3476416
            ],
            [
              4.9489583,
              52.3476709
            ]
          ]
        ]
      }
    },
    {
      "type": "Feature",
      "properties": {
        "osm_id": "1081609377",
        "code": 8104,
        "fclass": "drain",
        "width": 0,
        "name": null,
        "oneway": "NO",
        "speed_kmh": 6.0
      },
      "geometry": {
        "type": "MultiLineString",
        "coordinates": [
          [
            [
              4.9465165,
              52.3485258
            ],
            [
              4.9466472,
              52.3484428
            ]
          ]
        ]
      }
    },
    {
      "type": "Feature",
      "properties": {
        "osm_id": "1081609378",
        "code": 8104,
        "fclass": "drain",
        "width": 0,
        "name": null,
        "oneway": "NO",
        "speed_kmh": 6.0
      },
      "geometry": {
        "type": "MultiLineString",
        "coordinates": [
          [
            [
              4.9457938,
              52.3489821
            ],
            [
              4.9465165,
              52.3485258
            ]
          ]
        ]
      }
    },
    {
      "type": "Feature",
      "properties": {
        "osm_id": "1081609379",
        "code": 8104,
        "fclass": "drain",
        "width": 0,
        "name": null,
        "oneway": "NO",
        "speed_kmh": 6.0
      },
      "geometry": {
        "type": "MultiLineString",
        "coordinates": [
          [
            [
              4.9456748,
              52.3490575
            ],
            [
              4.9457938,
              52.3489821
            ]
          ]
        ]
      }
    },
    {
      "type": "Feature",
      "properties": {
        "osm_id": "1081609380",
        "code": 8104,
        "fclass": "drain",
        "width": 0,
        "name": null,
        "oneway": "NO",
        "speed_kmh": 6.0
      },
      "geometry": {
        "type": "MultiLineString",
        "coordinates": [
          [
            [
              4.9452478,
              52.3492888
            ],
            [
              4.9452809,
              52.3493081
            ],
            [
              4.9456748,
              52.3490575
            ]
          ]
        ]
      }
    },
    {
      "type": "Feature",
      "properties": {
        "osm_id": "1081609381",
        "code": 8104,
        "fclass": "drain",
        "width": 0,
        "name": null,
        "oneway": "NO",
        "speed_kmh": 6.0
      },
      "geometry": {
        "type": "MultiLineString",
        "coordinates": [
          [
            [
              4.9435767,
              52.3483088
            ],
            [
              4.9452478,
              52.3492888
            ]
          ]
        ]
      }
    },
    {
      "type": "Feature",
      "properties": {
        "osm_id": "1081609382",
        "code": 8104,
        "fclass": "drain",
        "width": 0,
        "name": null,
        "oneway": "NO",
        "speed_kmh": 6.0
      },
      "geometry": {
        "type": "MultiLineString",
        "coordinates": [
          [
            [
              4.9466472,
              52.3484428
            ],
            [
              4.946747,
              52.3483803
            ],
            [
              4.9484399,
              52.3473202
            ],
            [
              4.9493163,
              52.3467715
            ],
            [
              4.9493338,
              52.3467526
            ],
            [
              4.9493443,
              52.346732
            ],
            [
              4.9493474,
              52.3467104
            ],
            [
              4.9493398,
              52.3466821
            ],
            [
              4.9493194,
              52.3466562
            ],
            [
              4.949288,
              52.3466349
            ],
            [
              4.9458961,
              52.3446176
            ],
            [
              4.9458593,
              52.3446049
            ],
            [
              4.9458179,
              52.3445997
            ],
            [
              4.9457857,
              52.3446011
            ],
            [
              4.945755,
              52.3446069
            ],
            [
              4.9457273,
              52.344617
            ],
            [
              4.942028,
              52.3469328
            ],
            [
              4.9420203,
              52.3469457
            ],
            [
              4.9420176,
              52.3469593
            ],
            [
              4.9420217,
              52.3469777
            ],
            [
              4.9420346,
              52.3469945
            ],
            [
              4.9427722,
              52.3474433
            ],
            [
              4.9427906,
              52.3474615
            ],
            [
              4.9427976,
              52.3474825
            ],
            [
              4.942793,
              52.3475025
            ],
            [
              4.9427778,
              52.3475205
            ],
            [
              4.9425854,
              52.3476375
            ],
            [
              4.9425696,
              52.3476496
            ],
            [
              4.9425608,
              52.3476641
            ],
            [
              4.9425599,
              52.3476796
            ],
            [
              4.9425674,
              52.3476948
            ],
            [
              4.9425826,
              52.3477078
            ],
            [
              4.9435767,
              52.3483088
            ]
          ]
        ]
      }
    },
    {
      "type": "Feature",
      "properties": {
        "osm_id": "1081611604",
        "code": 8104,
        "fclass": "drain",
        "width": 0,
        "name": null,
        "oneway": "NO",
        "speed_kmh": 6.0
      },
      "geometry": {
        "type": "MultiLineString",
        "coordinates": [
          [
            [
              4.9467158,
              52.3483616
            ],
            [
              4.946747,
              52.3483803
            ]
          ]
        ]
      }
    },
    {
      "type": "Feature",
      "properties": {
        "osm_id": "1081611605",
        "code": 8104,
        "fclass": "drain",
        "width": 0,
        "name": null,
        "oneway": "NO",
        "speed_kmh": 6.0
      },
      "geometry": {
        "type": "MultiLineString",
        "coordinates": [
          [
            [
              4.9461973,
              52.3480515
            ],
            [
              4.9467158,
              52.3483616
            ]
          ]
        ]
      }
    },
    {
      "type": "Feature",
      "properties": {
        "osm_id": "1081615305",
        "code": 8104,
        "fclass": "drain",
        "width": 0,
        "name": "Tweede Molenwetering",
        "oneway": "NO",
        "speed_kmh": 6.0
      },
      "geometry": {
        "type": "MultiLineString",
        "coordinates": [
          [
            [
              4.9509051,
              52.3494766
            ],
            [
              4.9509079,
              52.3494748
            ],
            [
              4.9511277,
              52.3493328
            ]
          ]
        ]
      }
    },
    {
      "type": "Feature",
      "properties": {
        "osm_id": "1081615306",
        "code": 8104,
        "fclass": "drain",
        "width": 0,
        "name": "Tweede Molenwetering",
        "oneway": "NO",
        "speed_kmh": 6.0
      },
      "geometry": {
        "type": "MultiLineString",
        "coordinates": [
          [
            [
              4.9511277,
              52.3493328
            ],
            [
              4.9511493,
              52.3493188
            ],
            [
              4.9512042,
              52.3492911
            ]
          ]
        ]
      }
    },
    {
      "type": "Feature",
      "properties": {
        "osm_id": "1081615307",
        "code": 8104,
        "fclass": "drain",
        "width": 0,
        "name": "Tweede Molenwetering",
        "oneway": "NO",
        "speed_kmh": 6.0
      },
      "geometry": {
        "type": "MultiLineString",
        "coordinates": [
          [
            [
              4.9435987,
              52.3494062
            ],
            [
              4.9441148,
              52.3498653
            ],
            [
              4.944756,
              52.3502447
            ]
          ]
        ]
      }
    },
    {
      "type": "Feature",
      "properties": {
        "osm_id": "1081615308",
        "code": 8104,
        "fclass": "drain",
        "width": 0,
        "name": "Tweede Molenwetering",
        "oneway": "NO",
        "speed_kmh": 6.0
      },
      "geometry": {
        "type": "MultiLineString",
        "coordinates": [
          [
            [
              4.944756,
              52.3502447
            ],
            [
              4.9448407,
              52.3502962
            ],
            [
              4.9449982,
              52.3503997
            ],
            [
              4.9452316,
              52.3505382
            ],
            [
              4.9458197,
              52.3508905
            ],
            [
              4.94658,
              52.3513532
            ],
            [
              4.9470851,
              52.3516511
            ],
            [
              4.9471254,
              52.3516729
            ],
            [
              4.94717,
              52.3516914
            ],
            [
              4.9472066,
              52.3517032
            ],
            [
              4.947245,
              52.3517127
            ],
            [
              4.9472768,
              52.351716
            ],
            [
              4.947308,
              52.3517134
            ],
            [
              4.9473365,
              52.3517052
            ],
            [
              4.9473959,
              52.3516842
            ],
            [
              4.9474652,
              52.351641
            ],
            [
              4.950251,
              52.3498843
            ],
            [
              4.9509051,
              52.3494766
            ]
          ]
        ]
      }
    },
    {
      "type": "Feature",
      "properties": {
        "osm_id": "1081615309",
        "code": 8104,
        "fclass": "drain",
        "width": 0,
        "name": "Tweede Molenwetering",
        "oneway": "NO",
        "speed_kmh": 6.0
      },
      "geometry": {
        "type": "MultiLineString",
        "coordinates": [
          [
            [
              4.9552196,
              52.3499523
            ],
            [
              4.9550864,
              52.3498763
            ],
            [
              4.9548516,
              52.3497425
            ],
            [
              4.9540882,
              52.3492851
            ],
            [
              4.9532656,
              52.348806
            ],
            [
              4.953246,
              52.3487963
            ],
            [
              4.9524574,
              52.3483151
            ],
            [
              4.951744,
              52.3478825
            ],
            [
              4.9506389,
              52.3472304
            ],
            [
              4.9501872,
              52.346949
            ],
            [
              4.9500956,
              52.3468948
            ],
            [
              4.9499827,
              52.3468276
            ],
            [
              4.9491434,
              52.3463279
            ],
            [
              4.9476513,
              52.3454241
            ],
            [
              4.9475233,
              52.3453466
            ],
            [
              4.9459115,
              52.3443737
            ],
            [
              4.9455658,
              52.344181
            ],
            [
              4.9454321,
              52.3442629
            ],
            [
              4.9453986,
              52.3442701
            ],
            [
              4.9451245,
              52.3444369
            ],
            [
              4.9447874,
              52.3442323
            ],
            [
              4.9445808,
              52.3441127
            ],
            [
              4.9438325,
              52.343685
            ],
            [
              4.9437065,
              52.3430515
            ],
            [
              4.9433385,
              52.3428165
            ],
            [
              4.9429527,
              52.3426232
            ],
            [
              4.9423761,
              52.3422856
            ],
            [
              4.9405978,
              52.3412254
            ],
            [
              4.9404943,
              52.3411312
            ],
            [
              4.9398791,
              52.3407644
            ],
            [
              4.9389238,
              52.340204
            ],
            [
              4.9388606,
              52.340155
            ],
            [
              4.9388365,
              52.3401276
            ],
            [
              4.938804,
              52.3401037
            ],
            [
              4.9387613,
              52.3400831
            ],
            [
              4.9387125,
              52.3400686
            ],
            [
              4.9386601,
              52.3400588
            ],
            [
              4.9386333,
              52.3400553
            ],
            [
              4.9386059,
              52.3400542
            ],
            [
              4.9385581,
              52.3400581
            ],
            [
              4.9385134,
              52.3400693
            ],
            [
              4.9384748,
              52.340087
            ],
            [
              4.9383361,
              52.3401602
            ],
            [
              4.9379252,
              52.3404032
            ],
            [
              4.9375192,
              52.3406492
            ],
            [
              4.9371184,
              52.3408984
            ],
            [
              4.9365499,
              52.341263
            ],
            [
              4.9362695,
              52.3414475
            ],
            [
              4.9359922,
              52.3416338
            ],
            [
              4.9355244,
              52.3419565
            ],
            [
              4.9351124,
              52.3422521
            ],
            [
              4.9347094,
              52.3425523
            ],
            [
              4.9338681,
              52.3431885
            ],
            [
              4.9338101,
              52.343236
            ],
            [
              4.933763,
              52.3432878
            ],
            [
              4.9337277,
              52.3433429
            ],
            [
              4.9337047,
              52.3434004
            ],
            [
              4.9336945,
              52.3434593
            ],
            [
              4.9336969,
              52.3435159
            ],
            [
              4.933711,
              52.3435718
            ],
            [
              4.933718,
              52.3435993
            ],
            [
              4.9337303,
              52.343626
            ],
            [
              4.9337451,
              52.3436482
            ],
            [
              4.9337636,
              52.3436692
            ],
            [
              4.9338032,
              52.343708
            ],
            [
              4.933843,
              52.3437322
            ],
            [
              4.9353098,
              52.3445884
            ],
            [
              4.9367826,
              52.3454946
            ],
            [
              4.9382538,
              52.3463712
            ],
            [
              4.938454,
              52.3465028
            ],
            [
              4.9386047,
              52.3465904
            ],
            [
              4.9393805,
              52.3470279
            ],
            [
              4.9401251,
              52.3475052
            ],
            [
              4.9401417,
              52.3475102
            ],
            [
              4.9401622,
              52.3475113
            ],
            [
              4.9401844,
              52.3475117
            ],
            [
              4.940205,
              52.3475127
            ],
            [
              4.9402217,
              52.347524
            ],
            [
              4.940556,
              52.3477282
            ],
            [
              4.9405714,
              52.3477375
            ],
            [
              4.9405842,
              52.3477453
            ],
            [
              4.9406091,
              52.3477724
            ],
            [
              4.9406537,
              52.3477977
            ],
            [
              4.9406984,
              52.3478123
            ],
            [
              4.940739,
              52.3478308
            ],
            [
              4.9407773,
              52.3478547
            ],
            [
              4.9408088,
              52.3478821
            ],
            [
              4.9408607,
              52.3479244
            ],
            [
              4.940997,
              52.3480077
            ],
            [
              4.9410171,
              52.3480174
            ],
            [
              4.9410412,
              52.3480228
            ],
            [
              4.9410668,
              52.3480232
            ],
            [
              4.9410915,
              52.3480187
            ],
            [
              4.9411125,
              52.3480095
            ],
            [
              4.9411276,
              52.3479967
            ],
            [
              4.9415743,
              52.3477104
            ],
            [
              4.9416174,
              52.3476868
            ],
            [
              4.9416681,
              52.3476697
            ],
            [
              4.9417238,
              52.34766
            ],
            [
              4.9417721,
              52.3476578
            ],
            [
              4.9418204,
              52.3476612
            ],
            [
              4.9418667,
              52.34767
            ],
            [
              4.9419874,
              52.3477248
            ],
            [
              4.9420413,
              52.3477465
            ],
            [
              4.9420996,
              52.3477634
            ],
            [
              4.9421645,
              52.3477756
            ],
            [
              4.9422317,
              52.3477818
            ],
            [
              4.9423037,
              52.3477957
            ],
            [
              4.9423711,
              52.3478164
            ],
            [
              4.9424321,
              52.3478435
            ],
            [
              4.9426972,
              52.3479965
            ],
            [
              4.9429816,
              52.3481661
            ],
            [
              4.9432782,
              52.348345
            ],
            [
              4.9435673,
              52.3485185
            ],
            [
              4.9438564,
              52.3486919
            ],
            [
              4.9439404,
              52.3487429
            ],
            [
              4.9440394,
              52.3487855
            ],
            [
              4.9442441,
              52.3489048
            ],
            [
              4.9442551,
              52.3489206
            ],
            [
              4.9442582,
              52.3489376
            ],
            [
              4.9442531,
              52.3489546
            ],
            [
              4.9442402,
              52.3489699
            ],
            [
              4.9442205,
              52.3489823
            ],
            [
              4.9435882,
              52.3493782
            ],
            [
              4.9435987,
              52.3494062
            ]
          ]
        ]
      }
    },
    {
      "type": "Feature",
      "properties": {
        "osm_id": "1081686361",
        "code": 8104,
        "fclass": "drain",
        "width": 0,
        "name": null,
        "oneway": "NO",
        "speed_kmh": 6.0
      },
      "geometry": {
        "type": "MultiLineString",
        "coordinates": [
          [
            [
              4.9450917,
              52.3444775
            ],
            [
              4.9451245,
              52.3444369
            ]
          ]
        ]
      }
    },
    {
      "type": "Feature",
      "properties": {
        "osm_id": "1081686362",
        "code": 8104,
        "fclass": "drain",
        "width": 0,
        "name": null,
        "oneway": "NO",
        "speed_kmh": 6.0
      },
      "geometry": {
        "type": "MultiLineString",
        "coordinates": [
          [
            [
              4.9402198,
              52.3475049
            ],
            [
              4.9450917,
              52.3444775
            ]
          ]
        ]
      }
    },
    {
      "type": "Feature",
      "properties": {
        "osm_id": "1081686363",
        "code": 8104,
        "fclass": "drain",
        "width": 0,
        "name": null,
        "oneway": "NO",
        "speed_kmh": 6.0
      },
      "geometry": {
        "type": "MultiLineString",
        "coordinates": [
          [
            [
              4.940205,
              52.3475127
            ],
            [
              4.9402198,
              52.3475049
            ]
          ]
        ]
      }
    },
    {
      "type": "Feature",
      "properties": {
        "osm_id": "1081688194",
        "code": 8104,
        "fclass": "drain",
        "width": 0,
        "name": null,
        "oneway": "NO",
        "speed_kmh": 6.0
      },
      "geometry": {
        "type": "MultiLineString",
        "coordinates": [
          [
            [
              4.9393985,
              52.3470172
            ],
            [
              4.9393805,
              52.3470279
            ]
          ]
        ]
      }
    },
    {
      "type": "Feature",
      "properties": {
        "osm_id": "1081688195",
        "code": 8104,
        "fclass": "drain",
        "width": 0,
        "name": null,
        "oneway": "NO",
        "speed_kmh": 6.0
      },
      "geometry": {
        "type": "MultiLineString",
        "coordinates": [
          [
            [
              4.939433,
              52.3469967
            ],
            [
              4.9393985,
              52.3470172
            ]
          ]
        ]
      }
    },
    {
      "type": "Feature",
      "properties": {
        "osm_id": "1081931993",
        "code": 8104,
        "fclass": "drain",
        "width": 0,
        "name": "Tweede Molenwetering",
        "oneway": "NO",
        "speed_kmh": 6.0
      },
      "geometry": {
        "type": "MultiLineString",
        "coordinates": [
          [
            [
              4.9420996,
              52.3477634
            ],
            [
              4.9420902,
              52.3477906
            ],
            [
              4.9420893,
              52.3478184
            ],
            [
              4.942095,
              52.3478416
            ],
            [
              4.9420988,
              52.3478532
            ],
            [
              4.9421067,
              52.3478639
            ],
            [
              4.942128,
              52.3478788
            ],
            [
              4.9421567,
              52.3478878
            ],
            [
              4.9421907,
              52.3478907
            ],
            [
              4.9422241,
              52.3478861
            ],
            [
              4.9423297,
              52.3478677
            ],
            [
              4.9424321,
              52.3478435
            ]
          ]
        ]
      }
    },
    {
      "type": "Feature",
      "properties": {
        "osm_id": "1092572580",
        "code": 8104,
        "fclass": "drain",
        "width": 0,
        "name": null,
        "oneway": "NO",
        "speed_kmh": 6.0
      },
      "geometry": {
        "type": "MultiLineString",
        "coordinates": [
          [
            [
              4.9612029,
              52.4089932
            ],
            [
              4.9607162,
              52.4087446
            ],
            [
              4.9596334,
              52.4080265
            ],
            [
              4.9577708,
              52.4063721
            ]
          ]
        ]
      }
    },
    {
      "type": "Feature",
      "properties": {
        "osm_id": "1092572590",
        "code": 8104,
        "fclass": "drain",
        "width": 0,
        "name": null,
        "oneway": "NO",
        "speed_kmh": 6.0
      },
      "geometry": {
        "type": "MultiLineString",
        "coordinates": [
          [
            [
              4.9645863,
              52.4070086
            ],
            [
              4.9646065,
              52.4070043
            ],
            [
              4.9647768,
              52.4069551
            ],
            [
              4.9648664,
              52.4069263
            ],
            [
              4.9649636,
              52.406886
            ],
            [
              4.9651008,
              52.4068538
            ]
          ]
        ]
      }
    },
    {
      "type": "Feature",
      "properties": {
        "osm_id": "1101027610",
        "code": 8103,
        "fclass": "canal",
        "width": 0,
        "name": "Ringvaart",
        "oneway": "NO",
        "speed_kmh": 6.0
      },
      "geometry": {
        "type": "MultiLineString",
        "coordinates": [
          [
            [
              4.9626706,
              52.3566568
            ],
            [
              4.9626531,
              52.3566201
            ],
            [
              4.9626489,
              52.3565819
            ],
            [
              4.9626551,
              52.3565517
            ],
            [
              4.9626696,
              52.3565226
            ],
            [
              4.9627734,
              52.3564656
            ],
            [
              4.9628541,
              52.3564301
            ],
            [
              4.9635251,
              52.3561285
            ]
          ]
        ]
      }
    },
    {
      "type": "Feature",
      "properties": {
        "osm_id": "1101467954",
        "code": 8103,
        "fclass": "canal",
        "width": 0,
        "name": "Ringvaart",
        "oneway": "NO",
        "speed_kmh": 6.0
      },
      "geometry": {
        "type": "MultiLineString",
        "coordinates": [
          [
            [
              4.9668993,
              52.3559988
            ],
            [
              4.9669552,
              52.3559926
            ],
            [
              4.9670946,
              52.3559804
            ],
            [
              4.9674145,
              52.3559736
            ],
            [
              4.9675626,
              52.3559779
            ],
            [
              4.9676236,
              52.3559769
            ],
            [
              4.9676843,
              52.3559733
            ],
            [
              4.967748,
              52.3559667
            ],
            [
              4.9678107,
              52.3559572
            ],
            [
              4.9679494,
              52.355929
            ],
            [
              4.9679918,
              52.3559212
            ],
            [
              4.9680004,
              52.3559147
            ],
            [
              4.9680045,
              52.3559068
            ],
            [
              4.968003,
              52.3558968
            ],
            [
              4.9679946,
              52.3558882
            ],
            [
              4.967981,
              52.3558826
            ],
            [
              4.9678961,
              52.3558538
            ],
            [
              4.9677782,
              52.3558271
            ],
            [
              4.9676659,
              52.3557927
            ],
            [
              4.9676008,
              52.3557681
            ],
            [
              4.9675386,
              52.3557409
            ],
            [
              4.9675084,
              52.3557256
            ],
            [
              4.9674839,
              52.3557069
            ],
            [
              4.9674659,
              52.3556856
            ],
            [
              4.9674543,
              52.3556585
            ],
            [
              4.9674534,
              52.3556305
            ],
            [
              4.9674557,
              52.3556165
            ],
            [
              4.9674631,
              52.3556032
            ],
            [
              4.9674799,
              52.3555879
            ],
            [
              4.9675033,
              52.3555764
            ],
            [
              4.9675312,
              52.3555696
            ],
            [
              4.9675612,
              52.355568
            ],
            [
              4.967625,
              52.3555676
            ],
            [
              4.9676886,
              52.3555709
            ],
            [
              4.9677411,
              52.3555869
            ],
            [
              4.9677914,
              52.3556055
            ],
            [
              4.9678426,
              52.3556283
            ],
            [
              4.9678904,
              52.3556539
            ],
            [
              4.9679494,
              52.3556818
            ],
            [
              4.9680111,
              52.3557075
            ],
            [
              4.9680663,
              52.3557257
            ],
            [
              4.9681187,
              52.3557466
            ],
            [
              4.9681903,
              52.3557823
            ],
            [
              4.9682082,
              52.3558033
            ],
            [
              4.9682347,
              52.3558204
            ],
            [
              4.9682715,
              52.3558333
            ],
            [
              4.968313,
              52.3558388
            ],
            [
              4.968412,
              52.3558342
            ],
            [
              4.9692119,
              52.3556873
            ]
          ]
        ]
      }
    },
    {
      "type": "Feature",
      "properties": {
        "osm_id": "1101467955",
        "code": 8103,
        "fclass": "canal",
        "width": 0,
        "name": "Ringvaart",
        "oneway": "NO",
        "speed_kmh": 6.0
      },
      "geometry": {
        "type": "MultiLineString",
        "coordinates": [
          [
            [
              4.9647854,
              52.3564614
            ],
            [
              4.9649166,
              52.3564335
            ]
          ]
        ]
      }
    },
    {
      "type": "Feature",
      "properties": {
        "osm_id": "1101467956",
        "code": 8103,
        "fclass": "canal",
        "width": 0,
        "name": "Ringvaart",
        "oneway": "NO",
        "speed_kmh": 6.0
      },
      "geometry": {
        "type": "MultiLineString",
        "coordinates": [
          [
            [
              4.9642214,
              52.3561915
            ],
            [
              4.9642542,
              52.3562245
            ],
            [
              4.9643104,
              52.3563216
            ],
            [
              4.9644358,
              52.3565336
            ]
          ]
        ]
      }
    },
    {
      "type": "Feature",
      "properties": {
        "osm_id": "1101467957",
        "code": 8103,
        "fclass": "canal",
        "width": 0,
        "name": "Ringvaart",
        "oneway": "NO",
        "speed_kmh": 6.0
      },
      "geometry": {
        "type": "MultiLineString",
        "coordinates": [
          [
            [
              4.9641096,
              52.3561422
            ],
            [
              4.9642214,
              52.3561915
            ]
          ]
        ]
      }
    },
    {
      "type": "Feature",
      "properties": {
        "osm_id": "1101467958",
        "code": 8103,
        "fclass": "canal",
        "width": 0,
        "name": "Ringvaart",
        "oneway": "NO",
        "speed_kmh": 6.0
      },
      "geometry": {
        "type": "MultiLineString",
        "coordinates": [
          [
            [
              4.9636435,
              52.3560753
            ],
            [
              4.9637128,
              52.3560534
            ],
            [
              4.9638609,
              52.3559848
            ],
            [
              4.9638801,
              52.3559815
            ],
            [
              4.9639001,
              52.3559814
            ],
            [
              4.963917,
              52.3559838
            ],
            [
              4.9639326,
              52.3559886
            ],
            [
              4.9641096,
              52.3561422
            ]
          ]
        ]
      }
    },
    {
      "type": "Feature",
      "properties": {
        "osm_id": "1101467959",
        "code": 8103,
        "fclass": "canal",
        "width": 0,
        "name": "Ringvaart",
        "oneway": "NO",
        "speed_kmh": 6.0
      },
      "geometry": {
        "type": "MultiLineString",
        "coordinates": [
          [
            [
              4.9635251,
              52.3561285
            ],
            [
              4.9636435,
              52.3560753
            ]
          ]
        ]
      }
    },
    {
      "type": "Feature",
      "properties": {
        "osm_id": "1101467960",
        "code": 8103,
        "fclass": "canal",
        "width": 0,
        "name": "Ringvaart",
        "oneway": "NO",
        "speed_kmh": 6.0
      },
      "geometry": {
        "type": "MultiLineString",
        "coordinates": [
          [
            [
              4.9628541,
              52.3564301
            ],
            [
              4.9628804,
              52.3564675
            ],
            [
              4.962916,
              52.3565019
            ],
            [
              4.9629601,
              52.3565324
            ],
            [
              4.9630109,
              52.356558
            ],
            [
              4.9630677,
              52.3565785
            ],
            [
              4.9631231,
              52.3565989
            ],
            [
              4.9631724,
              52.3566246
            ],
            [
              4.9632085,
              52.3566502
            ],
            [
              4.9632384,
              52.3566787
            ],
            [
              4.9632874,
              52.3567427
            ],
            [
              4.9633104,
              52.3567745
            ]
          ]
        ]
      }
    },
    {
      "type": "Feature",
      "properties": {
        "osm_id": "1101490491",
        "code": 8103,
        "fclass": "canal",
        "width": 0,
        "name": "Ringvaart",
        "oneway": "NO",
        "speed_kmh": 6.0
      },
      "geometry": {
        "type": "MultiLineString",
        "coordinates": [
          [
            [
              4.9640731,
              52.3566038
            ],
            [
              4.9644358,
              52.3565336
            ],
            [
              4.9647854,
              52.3564614
            ]
          ]
        ]
      }
    },
    {
      "type": "Feature",
      "properties": {
        "osm_id": "1101490492",
        "code": 8103,
        "fclass": "canal",
        "width": 0,
        "name": "Ringvaart",
        "oneway": "NO",
        "speed_kmh": 6.0
      },
      "geometry": {
        "type": "MultiLineString",
        "coordinates": [
          [
            [
              4.9639486,
              52.3566289
            ],
            [
              4.9640731,
              52.3566038
            ]
          ]
        ]
      }
    },
    {
      "type": "Feature",
      "properties": {
        "osm_id": "1102210390",
        "code": 8103,
        "fclass": "canal",
        "width": 0,
        "name": "Ringvaart",
        "oneway": "NO",
        "speed_kmh": 6.0
      },
      "geometry": {
        "type": "MultiLineString",
        "coordinates": [
          [
            [
              4.9668569,
              52.3560041
            ],
            [
              4.9668993,
              52.3559988
            ]
          ]
        ]
      }
    },
    {
      "type": "Feature",
      "properties": {
        "osm_id": "1102210391",
        "code": 8103,
        "fclass": "canal",
        "width": 0,
        "name": "Ringvaart",
        "oneway": "NO",
        "speed_kmh": 6.0
      },
      "geometry": {
        "type": "MultiLineString",
        "coordinates": [
          [
            [
              4.9649166,
              52.3564335
            ],
            [
              4.965105,
              52.3563918
            ],
            [
              4.9653128,
              52.3563439
            ],
            [
              4.9656384,
              52.3562706
            ],
            [
              4.9663793,
              52.3561035
            ],
            [
              4.9667878,
              52.3560188
            ],
            [
              4.9668413,
              52.3560059
            ],
            [
              4.9668569,
              52.3560041
            ]
          ]
        ]
      }
    },
    {
      "type": "Feature",
      "properties": {
        "osm_id": "1108383950",
        "code": 8104,
        "fclass": "drain",
        "width": 0,
        "name": null,
        "oneway": "NO",
        "speed_kmh": 6.0
      },
      "geometry": {
        "type": "MultiLineString",
        "coordinates": [
          [
            [
              4.9544631,
              52.365437
            ],
            [
              4.9544008,
              52.3652623
            ]
          ]
        ]
      }
    },
    {
      "type": "Feature",
      "properties": {
        "osm_id": "1108383951",
        "code": 8104,
        "fclass": "drain",
        "width": 0,
        "name": null,
        "oneway": "NO",
        "speed_kmh": 6.0
      },
      "geometry": {
        "type": "MultiLineString",
        "coordinates": [
          [
            [
              4.9553535,
              52.3651848
            ],
            [
              4.9553755,
              52.365062
            ]
          ]
        ]
      }
    },
    {
      "type": "Feature",
      "properties": {
        "osm_id": "1121183968",
        "code": 8104,
        "fclass": "drain",
        "width": 0,
        "name": null,
        "oneway": "NO",
        "speed_kmh": 6.0
      },
      "geometry": {
        "type": "MultiLineString",
        "coordinates": [
          [
            [
              4.9511675,
              52.3650167
            ],
            [
              4.9502375,
              52.3649899
            ],
            [
              4.9498615,
              52.3649726
            ],
            [
              4.948647,
              52.3648905
            ],
            [
              4.9485809,
              52.3648866
            ],
            [
              4.9485228,
              52.3648652
            ],
            [
              4.9484689,
              52.3648353
            ],
            [
              4.9484311,
              52.364807
            ],
            [
              4.9484131,
              52.3647809
            ],
            [
              4.9484064,
              52.3647543
            ],
            [
              4.9484235,
              52.3647235
            ],
            [
              4.9484529,
              52.3647076
            ]
          ]
        ]
      }
    },
    {
      "type": "Feature",
      "properties": {
        "osm_id": "1126361900",
        "code": 8104,
        "fclass": "drain",
        "width": 0,
        "name": null,
        "oneway": "NO",
        "speed_kmh": 6.0
      },
      "geometry": {
        "type": "MultiLineString",
        "coordinates": [
          [
            [
              4.9295232,
              52.3493195
            ],
            [
              4.9290927,
              52.3491045
            ],
            [
              4.9301096,
              52.3484351
            ]
          ]
        ]
      }
    },
    {
      "type": "Feature",
      "properties": {
        "osm_id": "1126361901",
        "code": 8104,
        "fclass": "drain",
        "width": 0,
        "name": null,
        "oneway": "NO",
        "speed_kmh": 6.0
      },
      "geometry": {
        "type": "MultiLineString",
        "coordinates": [
          [
            [
              4.9296176,
              52.3493772
            ],
            [
              4.9295232,
              52.3493195
            ]
          ]
        ]
      }
    },
    {
      "type": "Feature",
      "properties": {
        "osm_id": "1126361902",
        "code": 8104,
        "fclass": "drain",
        "width": 0,
        "name": null,
        "oneway": "NO",
        "speed_kmh": 6.0
      },
      "geometry": {
        "type": "MultiLineString",
        "coordinates": [
          [
            [
              4.9293881,
              52.349522
            ],
            [
              4.929294,
              52.349462
            ]
          ]
        ]
      }
    },
    {
      "type": "Feature",
      "properties": {
        "osm_id": "1126361903",
        "code": 8104,
        "fclass": "drain",
        "width": 0,
        "name": null,
        "oneway": "NO",
        "speed_kmh": 6.0
      },
      "geometry": {
        "type": "MultiLineString",
        "coordinates": [
          [
            [
              4.9293881,
              52.349522
            ],
            [
              4.9296833,
              52.3496957
            ],
            [
              4.9297959,
              52.3497553
            ]
          ]
        ]
      }
    },
    {
      "type": "Feature",
      "properties": {
        "osm_id": "1131551303",
        "code": 8104,
        "fclass": "drain",
        "width": 2,
        "name": null,
        "oneway": "NO",
        "speed_kmh": 6.0
      },
      "geometry": {
        "type": "MultiLineString",
        "coordinates": [
          [
            [
              4.9263499,
              52.3976326
            ],
            [
              4.9263061,
              52.3976843
            ]
          ]
        ]
      }
    },
    {
      "type": "Feature",
      "properties": {
        "osm_id": "1131551304",
        "code": 8104,
        "fclass": "drain",
        "width": 0,
        "name": null,
        "oneway": "NO",
        "speed_kmh": 6.0
      },
      "geometry": {
        "type": "MultiLineString",
        "coordinates": [
          [
            [
              4.9276432,
              52.3974549
            ],
            [
              4.9273638,
              52.3974457
            ],
            [
              4.9270687,
              52.397417
            ],
            [
              4.9269747,
              52.3974067
            ],
            [
              4.9269127,
              52.3974056
            ],
            [
              4.9268507,
              52.3974239
            ],
            [
              4.9264616,
              52.3975627
            ],
            [
              4.9263958,
              52.3975994
            ],
            [
              4.9263499,
              52.3976326
            ]
          ]
        ]
      }
    },
    {
      "type": "Feature",
      "properties": {
        "osm_id": "1131692759",
        "code": 8104,
        "fclass": "drain",
        "width": 0,
        "name": null,
        "oneway": "NO",
        "speed_kmh": 6.0
      },
      "geometry": {
        "type": "MultiLineString",
        "coordinates": [
          [
            [
              4.9248728,
              52.3996833
            ],
            [
              4.9251928,
              52.3994327
            ]
          ]
        ]
      }
    },
    {
      "type": "Feature",
      "properties": {
        "osm_id": "1131692760",
        "code": 8104,
        "fclass": "drain",
        "width": 0,
        "name": null,
        "oneway": "NO",
        "speed_kmh": 6.0
      },
      "geometry": {
        "type": "MultiLineString",
        "coordinates": [
          [
            [
              4.924922,
              52.4008029
            ],
            [
              4.9246739,
              52.4008716
            ],
            [
              4.9244995,
              52.4008986
            ],
            [
              4.9244352,
              52.4008937
            ],
            [
              4.9243842,
              52.4008724
            ],
            [
              4.9241616,
              52.4005557
            ],
            [
              4.924124,
              52.4004248
            ],
            [
              4.924121,
              52.4003621
            ],
            [
              4.9241448,
              52.400256
            ],
            [
              4.9242144,
              52.4001755
            ],
            [
              4.9245861,
              52.3998617
            ],
            [
              4.9248728,
              52.3996833
            ]
          ]
        ]
      }
    },
    {
      "type": "Feature",
      "properties": {
        "osm_id": "1134367407",
        "code": 8103,
        "fclass": "canal",
        "width": 0,
        "name": "Houthaven",
        "oneway": "NO",
        "speed_kmh": 6.0
      },
      "geometry": {
        "type": "MultiLineString",
        "coordinates": [
          [
            [
              4.8819315,
              52.3963547
            ],
            [
              4.8846654,
              52.394471
            ],
            [
              4.887173,
              52.3939966
            ],
            [
              4.8881154,
              52.3939705
            ]
          ]
        ]
      }
    },
    {
      "type": "Feature",
      "properties": {
        "osm_id": "1134367408",
        "code": 8103,
        "fclass": "canal",
        "width": 0,
        "name": "Houthavengracht",
        "oneway": "NO",
        "speed_kmh": 6.0
      },
      "geometry": {
        "type": "MultiLineString",
        "coordinates": [
          [
            [
              4.8807071,
              52.3957366
            ],
            [
              4.8819315,
              52.3963547
            ]
          ]
        ]
      }
    },
    {
      "type": "Feature",
      "properties": {
        "osm_id": "1158436223",
        "code": 8104,
        "fclass": "drain",
        "width": 0,
        "name": null,
        "oneway": "NO",
        "speed_kmh": 6.0
      },
      "geometry": {
        "type": "MultiLineString",
        "coordinates": [
          [
            [
              4.9502791,
              52.3620008
            ],
            [
              4.949993,
              52.3620729
            ]
          ]
        ]
      }
    },
    {
      "type": "Feature",
      "properties": {
        "osm_id": "1158444196",
        "code": 8104,
        "fclass": "drain",
        "width": 0,
        "name": null,
        "oneway": "NO",
        "speed_kmh": 6.0
      },
      "geometry": {
        "type": "MultiLineString",
        "coordinates": [
          [
            [
              4.8841434,
              52.362964
            ],
            [
              4.8837526,
              52.3631538
            ],
            [
              4.8827902,
              52.3638065
            ],
            [
              4.8816632,
              52.3646906
            ]
          ]
        ]
      }
    },
    {
      "type": "Feature",
      "properties": {
        "osm_id": "1172766342",
        "code": 8104,
        "fclass": "drain",
        "width": 0,
        "name": null,
        "oneway": "NO",
        "speed_kmh": 6.0
      },
      "geometry": {
        "type": "MultiLineString",
        "coordinates": [
          [
            [
              4.8528929,
              52.3885986
            ],
            [
              4.8530931,
              52.3886039
            ],
            [
              4.8534445,
              52.3886001
            ],
            [
              4.8549452,
              52.3885957
            ],
            [
              4.8550618,
              52.3885965
            ],
            [
              4.8555206,
              52.3885999
            ],
            [
              4.8557983,
              52.3886005
            ],
            [
              4.8561046,
              52.388599
            ],
            [
              4.8570903,
              52.3886043
            ],
            [
              4.8581692,
              52.388626
            ],
            [
              4.8591951,
              52.3886223
            ],
            [
              4.8602512,
              52.3886231
            ],
            [
              4.8615059,
              52.388628
            ],
            [
              4.8620456,
              52.3886292
            ],
            [
              4.8622515,
              52.3886247
            ],
            [
              4.8641793,
              52.3886653
            ],
            [
              4.8643057,
              52.3886654
            ],
            [
              4.8648278,
              52.388653
            ],
            [
              4.8650242,
              52.3879323
            ]
          ]
        ]
      }
    },
    {
      "type": "Feature",
      "properties": {
        "osm_id": "1172766347",
        "code": 8104,
        "fclass": "drain",
        "width": 0,
        "name": null,
        "oneway": "NO",
        "speed_kmh": 6.0
      },
      "geometry": {
        "type": "MultiLineString",
        "coordinates": [
          [
            [
              4.8526774,
              52.3886033
            ],
            [
              4.8528929,
              52.3885986
            ]
          ]
        ]
      }
    },
    {
      "type": "Feature",
      "properties": {
        "osm_id": "1187439817",
        "code": 8104,
        "fclass": "drain",
        "width": 0,
        "name": null,
        "oneway": "NO",
        "speed_kmh": 6.0
      },
      "geometry": {
        "type": "MultiLineString",
        "coordinates": [
          [
            [
              4.9519025,
              52.3907711
            ],
            [
              4.9519596,
              52.390669
            ]
          ]
        ]
      }
    },
    {
      "type": "Feature",
      "properties": {
        "osm_id": "1187439818",
        "code": 8104,
        "fclass": "drain",
        "width": 0,
        "name": null,
        "oneway": "NO",
        "speed_kmh": 6.0
      },
      "geometry": {
        "type": "MultiLineString",
        "coordinates": [
          [
            [
              4.9519596,
              52.390669
            ],
            [
              4.9520061,
              52.390586
            ]
          ]
        ]
      }
    },
    {
      "type": "Feature",
      "properties": {
        "osm_id": "1187439819",
        "code": 8104,
        "fclass": "drain",
        "width": 0,
        "name": null,
        "oneway": "NO",
        "speed_kmh": 6.0
      },
      "geometry": {
        "type": "MultiLineString",
        "coordinates": [
          [
            [
              4.9518591,
              52.3908488
            ],
            [
              4.9519025,
              52.3907711
            ]
          ]
        ]
      }
    },
    {
      "type": "Feature",
      "properties": {
        "osm_id": "1187451682",
        "code": 8103,
        "fclass": "canal",
        "width": 0,
        "name": null,
        "oneway": "NO",
        "speed_kmh": 6.0
      },
      "geometry": {
        "type": "MultiLineString",
        "coordinates": [
          [
            [
              4.9540218,
              52.3874548
            ],
            [
              4.9540872,
              52.3873587
            ],
            [
              4.9541709,
              52.3872226
            ],
            [
              4.9543064,
              52.3870201
            ]
          ]
        ]
      }
    },
    {
      "type": "Feature",
      "properties": {
        "osm_id": "1187451686",
        "code": 8103,
        "fclass": "canal",
        "width": 0,
        "name": null,
        "oneway": "NO",
        "speed_kmh": 6.0
      },
      "geometry": {
        "type": "MultiLineString",
        "coordinates": [
          [
            [
              4.9543064,
              52.3870201
            ],
            [
              4.9544711,
              52.3867968
            ]
          ]
        ]
      }
    },
    {
      "type": "Feature",
      "properties": {
        "osm_id": "1188638700",
        "code": 8103,
        "fclass": "canal",
        "width": 25,
        "name": "Stralsundgracht",
        "oneway": "NO",
        "speed_kmh": 6.0
      },
      "geometry": {
        "type": "MultiLineString",
        "coordinates": [
          [
            [
              4.8814584,
              52.3917563
            ],
            [
              4.8848554,
              52.3935285
            ]
          ]
        ]
      }
    },
    {
      "type": "Feature",
      "properties": {
        "osm_id": "1188638701",
        "code": 8103,
        "fclass": "canal",
        "width": 0,
        "name": "Lübeckgracht",
        "oneway": "NO",
        "speed_kmh": 6.0
      },
      "geometry": {
        "type": "MultiLineString",
        "coordinates": [
          [
            [
              4.8824831,
              52.3916384
            ],
            [
              4.8845859,
              52.3927384
            ]
          ]
        ]
      }
    },
    {
      "type": "Feature",
      "properties": {
        "osm_id": "1188638702",
        "code": 8103,
        "fclass": "canal",
        "width": 20,
        "name": "Pernaugracht",
        "oneway": "NO",
        "speed_kmh": 6.0
      },
      "geometry": {
        "type": "MultiLineString",
        "coordinates": [
          [
            [
              4.877698,
              52.3928824
            ],
            [
              4.88185,
              52.3950495
            ]
          ]
        ]
      }
    },
    {
      "type": "Feature",
      "properties": {
        "osm_id": "1188638703",
        "code": 8103,
        "fclass": "canal",
        "width": 20,
        "name": "Wismargracht",
        "oneway": "NO",
        "speed_kmh": 6.0
      },
      "geometry": {
        "type": "MultiLineString",
        "coordinates": [
          [
            [
              4.8771508,
              52.3931999
            ],
            [
              4.8807986,
              52.3951149
            ]
          ]
        ]
      }
    },
    {
      "type": "Feature",
      "properties": {
        "osm_id": "1206698193",
        "code": 8103,
        "fclass": "canal",
        "width": 0,
        "name": "Haarlemmertrekvaart",
        "oneway": "NO",
        "speed_kmh": 6.0
      },
      "geometry": {
        "type": "MultiLineString",
        "coordinates": [
          [
            [
              4.8515743,
              52.3852148
            ],
            [
              4.8518251,
              52.3852177
            ]
          ]
        ]
      }
    },
    {
      "type": "Feature",
      "properties": {
        "osm_id": "1215276333",
        "code": 8104,
        "fclass": "drain",
        "width": 0,
        "name": null,
        "oneway": "NO",
        "speed_kmh": 6.0
      },
      "geometry": {
        "type": "MultiLineString",
        "coordinates": [
          [
            [
              4.8534445,
              52.3886001
            ],
            [
              4.8554971,
              52.3873789
            ]
          ]
        ]
      }
    },
    {
      "type": "Feature",
      "properties": {
        "osm_id": "1215276334",
        "code": 8104,
        "fclass": "drain",
        "width": 0,
        "name": null,
        "oneway": "NO",
        "speed_kmh": 6.0
      },
      "geometry": {
        "type": "MultiLineString",
        "coordinates": [
          [
            [
              4.8555709,
              52.38733
            ],
            [
              4.8563582,
              52.3868603
            ],
            [
              4.8579929,
              52.3858627
            ]
          ]
        ]
      }
    },
    {
      "type": "Feature",
      "properties": {
        "osm_id": "1222391774",
        "code": 8104,
        "fclass": "drain",
        "width": 0,
        "name": null,
        "oneway": "NO",
        "speed_kmh": 6.0
      },
      "geometry": {
        "type": "MultiLineString",
        "coordinates": [
          [
            [
              4.9666285,
              52.4055942
            ],
            [
              4.9667087,
              52.4056739
            ]
          ]
        ]
      }
    },
    {
      "type": "Feature",
      "properties": {
        "osm_id": "1222523254",
        "code": 8104,
        "fclass": "drain",
        "width": 0,
        "name": null,
        "oneway": "NO",
        "speed_kmh": 6.0
      },
      "geometry": {
        "type": "MultiLineString",
        "coordinates": [
          [
            [
              4.9663299,
              52.4052687
            ],
            [
              4.9663867,
              52.4053322
            ]
          ]
        ]
      }
    },
    {
      "type": "Feature",
      "properties": {
        "osm_id": "1224503597",
        "code": 8102,
        "fclass": "stream",
        "width": 0,
        "name": null,
        "oneway": "NO",
        "speed_kmh": 6.0
      },
      "geometry": {
        "type": "MultiLineString",
        "coordinates": [
          [
            [
              4.9640661,
              52.3768664
            ],
            [
              4.9643258,
              52.3767383
            ]
          ]
        ]
      }
    },
    {
      "type": "Feature",
      "properties": {
        "osm_id": "1238347010",
        "code": 8103,
        "fclass": "canal",
        "width": 0,
        "name": "Singelgracht",
        "oneway": "NO",
        "speed_kmh": 6.0
      },
      "geometry": {
        "type": "MultiLineString",
        "coordinates": [
          [
            [
              4.875465,
              52.3733074
            ],
            [
              4.8754822,
              52.3737439
            ]
          ]
        ]
      }
    },
    {
      "type": "Feature",
      "properties": {
        "osm_id": "1238347011",
        "code": 8103,
        "fclass": "canal",
        "width": 0,
        "name": "Singelgracht",
        "oneway": "NO",
        "speed_kmh": 6.0
      },
      "geometry": {
        "type": "MultiLineString",
        "coordinates": [
          [
            [
              4.8782656,
              52.3786347
            ],
            [
              4.879012,
              52.379807
            ],
            [
              4.8798813,
              52.3812748
            ]
          ]
        ]
      }
    },
    {
      "type": "Feature",
      "properties": {
        "osm_id": "1238348377",
        "code": 8103,
        "fclass": "canal",
        "width": 0,
        "name": null,
        "oneway": "NO",
        "speed_kmh": 6.0
      },
      "geometry": {
        "type": "MultiLineString",
        "coordinates": [
          [
            [
              4.9027817,
              52.3768364
            ],
            [
              4.9030451,
              52.3765962
            ]
          ]
        ]
      }
    },
    {
      "type": "Feature",
      "properties": {
        "osm_id": "1238348378",
        "code": 8103,
        "fclass": "canal",
        "width": 0,
        "name": "Open Havenfront",
        "oneway": "NO",
        "speed_kmh": 6.0
      },
      "geometry": {
        "type": "MultiLineString",
        "coordinates": [
          [
            [
              4.8978963,
              52.3786583
            ],
            [
              4.8981321,
              52.3784777
            ],
            [
              4.8983306,
              52.3781535
            ],
            [
              4.8985344,
              52.3779407
            ],
            [
              4.8988361,
              52.3777575
            ]
          ]
        ]
      }
    },
    {
      "type": "Feature",
      "properties": {
        "osm_id": "1239463364",
        "code": 8103,
        "fclass": "canal",
        "width": 0,
        "name": "Haarlemmertrekvaart",
        "oneway": "NO",
        "speed_kmh": 6.0
      },
      "geometry": {
        "type": "MultiLineString",
        "coordinates": [
          [
            [
              4.8748483,
              52.3856313
            ],
            [
              4.8755166,
              52.3856537
            ],
            [
              4.880701,
              52.3857454
            ],
            [
              4.8810733,
              52.3857133
            ]
          ]
        ]
      }
    },
    {
      "type": "Feature",
      "properties": {
        "osm_id": "1242567165",
        "code": 8103,
        "fclass": "canal",
        "width": 0,
        "name": null,
        "oneway": "NO",
        "speed_kmh": 6.0
      },
      "geometry": {
        "type": "MultiLineString",
        "coordinates": [
          [
            [
              4.9634337,
              52.3802576
            ],
            [
              4.9608542,
              52.3811137
            ]
          ]
        ]
      }
    },
    {
      "type": "Feature",
      "properties": {
        "osm_id": "1242567166",
        "code": 8103,
        "fclass": "canal",
        "width": 0,
        "name": null,
        "oneway": "NO",
        "speed_kmh": 6.0
      },
      "geometry": {
        "type": "MultiLineString",
        "coordinates": [
          [
            [
              4.9634118,
              52.3792181
            ],
            [
              4.9622912,
              52.379717
            ],
            [
              4.9594298,
              52.3807843
            ],
            [
              4.958733,
              52.3810995
            ],
            [
              4.9568584,
              52.3819988
            ]
          ]
        ]
      }
    },
    {
      "type": "Feature",
      "properties": {
        "osm_id": "1242567167",
        "code": 8103,
        "fclass": "canal",
        "width": 0,
        "name": null,
        "oneway": "NO",
        "speed_kmh": 6.0
      },
      "geometry": {
        "type": "MultiLineString",
        "coordinates": [
          [
            [
              4.9608542,
              52.3811137
            ],
            [
              4.9603087,
              52.3813375
            ],
            [
              4.9601217,
              52.38142
            ],
            [
              4.9589327,
              52.3819071
            ],
            [
              4.9568584,
              52.3819988
            ]
          ]
        ]
      }
    },
    {
      "type": "Feature",
      "properties": {
        "osm_id": "1242567168",
        "code": 8103,
        "fclass": "canal",
        "width": 0,
        "name": null,
        "oneway": "NO",
        "speed_kmh": 6.0
      },
      "geometry": {
        "type": "MultiLineString",
        "coordinates": [
          [
            [
              4.9634337,
              52.3802576
            ],
            [
              4.9625501,
              52.3813093
            ],
            [
              4.9612175,
              52.3819083
            ],
            [
              4.9607544,
              52.3821227
            ],
            [
              4.9599373,
              52.3824981
            ],
            [
              4.9585588,
              52.3827426
            ],
            [
              4.9564875,
              52.383027
            ]
          ]
        ]
      }
    },
    {
      "type": "Feature",
      "properties": {
        "osm_id": "1242567169",
        "code": 8103,
        "fclass": "canal",
        "width": 0,
        "name": null,
        "oneway": "NO",
        "speed_kmh": 6.0
      },
      "geometry": {
        "type": "MultiLineString",
        "coordinates": [
          [
            [
              4.9568584,
              52.3819988
            ],
            [
              4.9499607,
              52.3820959
            ]
          ]
        ]
      }
    },
    {
      "type": "Feature",
      "properties": {
        "osm_id": "1255589140",
        "code": 8104,
        "fclass": "drain",
        "width": 0,
        "name": null,
        "oneway": "NO",
        "speed_kmh": 6.0
      },
      "geometry": {
        "type": "MultiLineString",
        "coordinates": [
          [
            [
              4.9101889,
              52.4103267
            ],
            [
              4.9104594,
              52.4102613
            ],
            [
              4.9104845,
              52.4102554
            ],
            [
              4.9105285,
              52.410259
            ],
            [
              4.9106004,
              52.4102652
            ],
            [
              4.9106779,
              52.4102657
            ],
            [
              4.9110023,
              52.4102057
            ]
          ]
        ]
      }
    },
    {
      "type": "Feature",
      "properties": {
        "osm_id": "1268188869",
        "code": 8104,
        "fclass": "drain",
        "width": 0,
        "name": null,
        "oneway": "NO",
        "speed_kmh": 6.0
      },
      "geometry": {
        "type": "MultiLineString",
        "coordinates": [
          [
            [
              4.907374,
              52.3389054
            ],
            [
              4.9073649,
              52.3388912
            ],
            [
              4.9073767,
              52.3388738
            ],
            [
              4.9073803,
              52.3388706
            ],
            [
              4.9074119,
              52.3388423
            ],
            [
              4.9075331,
              52.3386524
            ]
          ]
        ]
      }
    },
    {
      "type": "Feature",
      "properties": {
        "osm_id": "1284435549",
        "code": 8104,
        "fclass": "drain",
        "width": 0,
        "name": null,
        "oneway": "NO",
        "speed_kmh": 6.0
      },
      "geometry": {
        "type": "MultiLineString",
        "coordinates": [
          [
            [
              4.9027257,
              52.3436971
            ],
            [
              4.902785,
              52.343636
            ]
          ]
        ]
      }
    },
    {
      "type": "Feature",
      "properties": {
        "osm_id": "1284435550",
        "code": 8104,
        "fclass": "drain",
        "width": 0,
        "name": null,
        "oneway": "NO",
        "speed_kmh": 6.0
      },
      "geometry": {
        "type": "MultiLineString",
        "coordinates": [
          [
            [
              4.9025173,
              52.3439114
            ],
            [
              4.902589,
              52.3438377
            ]
          ]
        ]
      }
    },
    {
      "type": "Feature",
      "properties": {
        "osm_id": "1284435551",
        "code": 8104,
        "fclass": "drain",
        "width": 0,
        "name": null,
        "oneway": "NO",
        "speed_kmh": 6.0
      },
      "geometry": {
        "type": "MultiLineString",
        "coordinates": [
          [
            [
              4.9023921,
              52.3440402
            ],
            [
              4.9025173,
              52.3439114
            ]
          ]
        ]
      }
    },
    {
      "type": "Feature",
      "properties": {
        "osm_id": "1284435552",
        "code": 8104,
        "fclass": "drain",
        "width": 0,
        "name": null,
        "oneway": "NO",
        "speed_kmh": 6.0
      },
      "geometry": {
        "type": "MultiLineString",
        "coordinates": [
          [
            [
              4.902785,
              52.343636
            ],
            [
              4.9029208,
              52.3434918
            ]
          ]
        ]
      }
    },
    {
      "type": "Feature",
      "properties": {
        "osm_id": "1284435553",
        "code": 8104,
        "fclass": "drain",
        "width": 0,
        "name": null,
        "oneway": "NO",
        "speed_kmh": 6.0
      },
      "geometry": {
        "type": "MultiLineString",
        "coordinates": [
          [
            [
              4.902589,
              52.3438377
            ],
            [
              4.9027257,
              52.3436971
            ]
          ]
        ]
      }
    },
    {
      "type": "Feature",
      "properties": {
        "osm_id": "1284435554",
        "code": 8104,
        "fclass": "drain",
        "width": 0,
        "name": null,
        "oneway": "NO",
        "speed_kmh": 6.0
      },
      "geometry": {
        "type": "MultiLineString",
        "coordinates": [
          [
            [
              4.9029208,
              52.3434918
            ],
            [
              4.9029374,
              52.3434748
            ]
          ]
        ]
      }
    },
    {
      "type": "Feature",
      "properties": {
        "osm_id": "1290085582",
        "code": 8103,
        "fclass": "canal",
        "width": 0,
        "name": "Buiten-IJ",
        "oneway": "NO",
        "speed_kmh": 6.0
      },
      "geometry": {
        "type": "MultiLineString",
        "coordinates": [
          [
            [
              4.9634118,
              52.3792181
            ],
            [
              4.962253,
              52.3793412
            ],
            [
              4.961547,
              52.3795288
            ]
          ]
        ]
      }
    },
    {
      "type": "Feature",
      "properties": {
        "osm_id": "1291574670",
        "code": 8103,
        "fclass": "canal",
        "width": 0,
        "name": "Lamonggracht",
        "oneway": "NO",
        "speed_kmh": 6.0
      },
      "geometry": {
        "type": "MultiLineString",
        "coordinates": [
          [
            [
              4.9276859,
              52.3794256
            ],
            [
              4.9275957,
              52.37923
            ]
          ]
        ]
      }
    },
    {
      "type": "Feature",
      "properties": {
        "osm_id": "1291574671",
        "code": 8103,
        "fclass": "canal",
        "width": 0,
        "name": "Brantasgracht",
        "oneway": "NO",
        "speed_kmh": 6.0
      },
      "geometry": {
        "type": "MultiLineString",
        "coordinates": [
          [
            [
              4.9255274,
              52.3797802
            ],
            [
              4.9254471,
              52.3796064
            ]
          ]
        ]
      }
    },
    {
      "type": "Feature",
      "properties": {
        "osm_id": "1291574672",
        "code": 8103,
        "fclass": "canal",
        "width": 0,
        "name": "Majanggracht",
        "oneway": "NO",
        "speed_kmh": 6.0
      },
      "geometry": {
        "type": "MultiLineString",
        "coordinates": [
          [
            [
              4.9302143,
              52.3789864
            ],
            [
              4.9301741,
              52.3788975
            ],
            [
              4.930144,
              52.3788309
            ]
          ]
        ]
      }
    },
    {
      "type": "Feature",
      "properties": {
        "osm_id": "1291574673",
        "code": 8103,
        "fclass": "canal",
        "width": 0,
        "name": "Seranggracht",
        "oneway": "NO",
        "speed_kmh": 6.0
      },
      "geometry": {
        "type": "MultiLineString",
        "coordinates": [
          [
            [
              4.933132,
              52.3784822
            ],
            [
              4.9330514,
              52.3783062
            ]
          ]
        ]
      }
    },
    {
      "type": "Feature",
      "properties": {
        "osm_id": "1291913038",
        "code": 8103,
        "fclass": "canal",
        "width": 0,
        "name": "Oosterdok",
        "oneway": "NO",
        "speed_kmh": 6.0
      },
      "geometry": {
        "type": "MultiLineString",
        "coordinates": [
          [
            [
              4.9135219,
              52.3715129
            ],
            [
              4.9135161,
              52.3720335
            ]
          ]
        ]
      }
    },
    {
      "type": "Feature",
      "properties": {
        "osm_id": "1291913039",
        "code": 8103,
        "fclass": "canal",
        "width": 0,
        "name": null,
        "oneway": "NO",
        "speed_kmh": 6.0
      },
      "geometry": {
        "type": "MultiLineString",
        "coordinates": [
          [
            [
              4.9124185,
              52.3722238
            ],
            [
              4.9135161,
              52.3720335
            ]
          ]
        ]
      }
    },
    {
      "type": "Feature",
      "properties": {
        "osm_id": "1291918625",
        "code": 8103,
        "fclass": "canal",
        "width": 0,
        "name": null,
        "oneway": "NO",
        "speed_kmh": 6.0
      },
      "geometry": {
        "type": "MultiLineString",
        "coordinates": [
          [
            [
              4.9443649,
              52.3854376
            ],
            [
              4.9447367,
              52.3858032
            ],
            [
              4.9447874,
              52.3859026
            ]
          ]
        ]
      }
    },
    {
      "type": "Feature",
      "properties": {
        "osm_id": "1291918627",
        "code": 8103,
        "fclass": "canal",
        "width": 0,
        "name": "Cornelis Douweskanaal (Oost)",
        "oneway": "NO",
        "speed_kmh": 6.0
      },
      "geometry": {
        "type": "MultiLineString",
        "coordinates": [
          [
            [
              4.8972493,
              52.4021079
            ],
            [
              4.8952112,
              52.403032
            ]
          ]
        ]
      }
    },
    {
      "type": "Feature",
      "properties": {
        "osm_id": "1291918628",
        "code": 8103,
        "fclass": "canal",
        "width": 0,
        "name": null,
        "oneway": "NO",
        "speed_kmh": 6.0
      },
      "geometry": {
        "type": "MultiLineString",
        "coordinates": [
          [
            [
              4.8972493,
              52.4021079
            ],
            [
              4.8972358,
              52.4022642
            ]
          ]
        ]
      }
    },
    {
      "type": "Feature",
      "properties": {
        "osm_id": "1291918629",
        "code": 8103,
        "fclass": "canal",
        "width": 0,
        "name": null,
        "oneway": "NO",
        "speed_kmh": 6.0
      },
      "geometry": {
        "type": "MultiLineString",
        "coordinates": [
          [
            [
              4.8727265,
              52.4089732
            ],
            [
              4.8708106,
              52.4081101
            ]
          ]
        ]
      }
    },
    {
      "type": "Feature",
      "properties": {
        "osm_id": "1299598431",
        "code": 8104,
        "fclass": "drain",
        "width": 0,
        "name": null,
        "oneway": "NO",
        "speed_kmh": 6.0
      },
      "geometry": {
        "type": "MultiLineString",
        "coordinates": [
          [
            [
              4.925569,
              52.3406963
            ],
            [
              4.9254557,
              52.3406027
            ]
          ]
        ]
      }
    },
    {
      "type": "Feature",
      "properties": {
        "osm_id": "1299598432",
        "code": 8104,
        "fclass": "drain",
        "width": 0,
        "name": null,
        "oneway": "NO",
        "speed_kmh": 6.0
      },
      "geometry": {
        "type": "MultiLineString",
        "coordinates": [
          [
            [
              4.9262904,
              52.3411673
            ],
            [
              4.9262731,
              52.3411559
            ],
            [
              4.926213,
              52.3411164
            ],
            [
              4.9256096,
              52.3407199
            ],
            [
              4.925569,
              52.3406963
            ]
          ]
        ]
      }
    },
    {
      "type": "Feature",
      "properties": {
        "osm_id": "1299598439",
        "code": 8104,
        "fclass": "drain",
        "width": 0,
        "name": "Fahrenheitsingel",
        "oneway": "NO",
        "speed_kmh": 6.0
      },
      "geometry": {
        "type": "MultiLineString",
        "coordinates": [
          [
            [
              4.9212145,
              52.3432081
            ],
            [
              4.9214969,
              52.3431409
            ]
          ]
        ]
      }
    },
    {
      "type": "Feature",
      "properties": {
        "osm_id": "1299598440",
        "code": 8104,
        "fclass": "drain",
        "width": 0,
        "name": "Fahrenheitsingel",
        "oneway": "NO",
        "speed_kmh": 6.0
      },
      "geometry": {
        "type": "MultiLineString",
        "coordinates": [
          [
            [
              4.9203569,
              52.3436112
            ],
            [
              4.9206177,
              52.3434765
            ],
            [
              4.9207009,
              52.3434347
            ],
            [
              4.9207612,
              52.3433937
            ],
            [
              4.920807,
              52.3433637
            ],
            [
              4.9208705,
              52.343322
            ],
            [
              4.9209235,
              52.3432909
            ],
            [
              4.9209858,
              52.3432671
            ],
            [
              4.9212145,
              52.3432081
            ]
          ]
        ]
      }
    },
    {
      "type": "Feature",
      "properties": {
        "osm_id": "1299871117",
        "code": 8104,
        "fclass": "drain",
        "width": 0,
        "name": null,
        "oneway": "NO",
        "speed_kmh": 6.0
      },
      "geometry": {
        "type": "MultiLineString",
        "coordinates": [
          [
            [
              4.9287531,
              52.3410184
            ],
            [
              4.9287795,
              52.3410341
            ],
            [
              4.9288394,
              52.3411008
            ]
          ]
        ]
      }
    },
    {
      "type": "Feature",
      "properties": {
        "osm_id": "1299871118",
        "code": 8104,
        "fclass": "drain",
        "width": 0,
        "name": null,
        "oneway": "NO",
        "speed_kmh": 6.0
      },
      "geometry": {
        "type": "MultiLineString",
        "coordinates": [
          [
            [
              4.928547,
              52.3408947
            ],
            [
              4.9285912,
              52.3409197
            ]
          ]
        ]
      }
    },
    {
      "type": "Feature",
      "properties": {
        "osm_id": "1299871119",
        "code": 8104,
        "fclass": "drain",
        "width": 0,
        "name": null,
        "oneway": "NO",
        "speed_kmh": 6.0
      },
      "geometry": {
        "type": "MultiLineString",
        "coordinates": [
          [
            [
              4.9285912,
              52.3409197
            ],
            [
              4.9287028,
              52.3409827
            ],
            [
              4.9287396,
              52.3410104
            ],
            [
              4.9287531,
              52.3410184
            ]
          ]
        ]
      }
    },
    {
      "type": "Feature",
      "properties": {
        "osm_id": "1300167387",
        "code": 8103,
        "fclass": "canal",
        "width": 0,
        "name": "IJhaven",
        "oneway": "NO",
        "speed_kmh": 6.0
      },
      "geometry": {
        "type": "MultiLineString",
        "coordinates": [
          [
            [
              4.9197306,
              52.3784548
            ],
            [
              4.9174247,
              52.3788976
            ],
            [
              4.913152,
              52.3800287
            ]
          ]
        ]
      }
    },
    {
      "type": "Feature",
      "properties": {
        "osm_id": "1300167388",
        "code": 8103,
        "fclass": "canal",
        "width": 0,
        "name": "IJhaven",
        "oneway": "NO",
        "speed_kmh": 6.0
      },
      "geometry": {
        "type": "MultiLineString",
        "coordinates": [
          [
            [
              4.9197306,
              52.3784548
            ],
            [
              4.9224144,
              52.3778013
            ],
            [
              4.9246075,
              52.3779077
            ]
          ]
        ]
      }
    },
    {
      "type": "Feature",
      "properties": {
        "osm_id": "1301170408",
        "code": 8104,
        "fclass": "drain",
        "width": 0,
        "name": null,
        "oneway": "NO",
        "speed_kmh": 6.0
      },
      "geometry": {
        "type": "MultiLineString",
        "coordinates": [
          [
            [
              4.9326897,
              52.3442376
            ],
            [
              4.9324972,
              52.3442855
            ],
            [
              4.9324275,
              52.3443049
            ],
            [
              4.9323544,
              52.3443187
            ],
            [
              4.9322845,
              52.3443264
            ],
            [
              4.9322136,
              52.3443289
            ],
            [
              4.9321314,
              52.3443398
            ],
            [
              4.932091,
              52.3443472
            ],
            [
              4.9320533,
              52.3443588
            ],
            [
              4.9320217,
              52.3443733
            ],
            [
              4.9319944,
              52.3443908
            ],
            [
              4.9319723,
              52.3444108
            ]
          ]
        ]
      }
    },
    {
      "type": "Feature",
      "properties": {
        "osm_id": "1301170409",
        "code": 8104,
        "fclass": "drain",
        "width": 0,
        "name": null,
        "oneway": "NO",
        "speed_kmh": 6.0
      },
      "geometry": {
        "type": "MultiLineString",
        "coordinates": [
          [
            [
              4.9318482,
              52.3443388
            ],
            [
              4.9318177,
              52.3443211
            ]
          ]
        ]
      }
    },
    {
      "type": "Feature",
      "properties": {
        "osm_id": "1301170410",
        "code": 8104,
        "fclass": "drain",
        "width": 0,
        "name": null,
        "oneway": "NO",
        "speed_kmh": 6.0
      },
      "geometry": {
        "type": "MultiLineString",
        "coordinates": [
          [
            [
              4.931991,
              52.3446956
            ],
            [
              4.9319903,
              52.3446427
            ],
            [
              4.9319926,
              52.3445934
            ],
            [
              4.9319835,
              52.3445405
            ],
            [
              4.9319732,
              52.3444819
            ],
            [
              4.931968,
              52.3444396
            ],
            [
              4.9319709,
              52.3444201
            ],
            [
              4.9319723,
              52.3444108
            ],
            [
              4.9319575,
              52.3444023
            ],
            [
              4.9318482,
              52.3443388
            ]
          ]
        ]
      }
    },
    {
      "type": "Feature",
      "properties": {
        "osm_id": "1301170411",
        "code": 8104,
        "fclass": "drain",
        "width": 0,
        "name": null,
        "oneway": "NO",
        "speed_kmh": 6.0
      },
      "geometry": {
        "type": "MultiLineString",
        "coordinates": [
          [
            [
              4.9318177,
              52.3443211
            ],
            [
              4.9317123,
              52.34426
            ],
            [
              4.931678,
              52.3442401
            ]
          ]
        ]
      }
    },
    {
      "type": "Feature",
      "properties": {
        "osm_id": "1301375723",
        "code": 8104,
        "fclass": "drain",
        "width": 0,
        "name": null,
        "oneway": "NO",
        "speed_kmh": 6.0
      },
      "geometry": {
        "type": "MultiLineString",
        "coordinates": [
          [
            [
              4.9295713,
              52.3457989
            ],
            [
              4.9294639,
              52.3457374
            ],
            [
              4.9294304,
              52.3457182
            ]
          ]
        ]
      }
    },
    {
      "type": "Feature",
      "properties": {
        "osm_id": "1301375724",
        "code": 8104,
        "fclass": "drain",
        "width": 0,
        "name": null,
        "oneway": "NO",
        "speed_kmh": 6.0
      },
      "geometry": {
        "type": "MultiLineString",
        "coordinates": [
          [
            [
              4.9296011,
              52.3458159
            ],
            [
              4.9295713,
              52.3457989
            ]
          ]
        ]
      }
    },
    {
      "type": "Feature",
      "properties": {
        "osm_id": "1301375725",
        "code": 8104,
        "fclass": "drain",
        "width": 0,
        "name": null,
        "oneway": "NO",
        "speed_kmh": 6.0
      },
      "geometry": {
        "type": "MultiLineString",
        "coordinates": [
          [
            [
              4.9298331,
              52.3459474
            ],
            [
              4.9297957,
              52.3459273
            ],
            [
              4.9296011,
              52.3458159
            ]
          ]
        ]
      }
    },
    {
      "type": "Feature",
      "properties": {
        "osm_id": "1308115475",
        "code": 8103,
        "fclass": "canal",
        "width": 0,
        "name": "Westerkanaal",
        "oneway": "NO",
        "speed_kmh": 6.0
      },
      "geometry": {
        "type": "MultiLineString",
        "coordinates": [
          [
            [
              4.8844528,
              52.3883972
            ],
            [
              4.8849383,
              52.3892313
            ],
            [
              4.8854222,
              52.3902551
            ]
          ]
        ]
      }
    },
    {
      "type": "Feature",
      "properties": {
        "osm_id": "1308115476",
        "code": 8103,
        "fclass": "canal",
        "width": 0,
        "name": "Westerkanaal",
        "oneway": "NO",
        "speed_kmh": 6.0
      },
      "geometry": {
        "type": "MultiLineString",
        "coordinates": [
          [
            [
              4.8854222,
              52.3902551
            ],
            [
              4.8855179,
              52.3904576
            ],
            [
              4.8855835,
              52.3905903
            ],
            [
              4.885912,
              52.3909735
            ]
          ]
        ]
      }
    },
    {
      "type": "Feature",
      "properties": {
        "osm_id": "1308115477",
        "code": 8103,
        "fclass": "canal",
        "width": 0,
        "name": "Le Mairegracht",
        "oneway": "NO",
        "speed_kmh": 6.0
      },
      "geometry": {
        "type": "MultiLineString",
        "coordinates": [
          [
            [
              4.8849383,
              52.3892313
            ],
            [
              4.8846691,
              52.3892816
            ]
          ]
        ]
      }
    },
    {
      "type": "Feature",
      "properties": {
        "osm_id": "1308115478",
        "code": 8103,
        "fclass": "canal",
        "width": 0,
        "name": "Le Mairegracht",
        "oneway": "NO",
        "speed_kmh": 6.0
      },
      "geometry": {
        "type": "MultiLineString",
        "coordinates": [
          [
            [
              4.8846691,
              52.3892816
            ],
            [
              4.8843229,
              52.3893524
            ]
          ]
        ]
      }
    },
    {
      "type": "Feature",
      "properties": {
        "osm_id": "1308115479",
        "code": 8103,
        "fclass": "canal",
        "width": 0,
        "name": "Le Mairegracht",
        "oneway": "NO",
        "speed_kmh": 6.0
      },
      "geometry": {
        "type": "MultiLineString",
        "coordinates": [
          [
            [
              4.8820605,
              52.3896593
            ],
            [
              4.8818152,
              52.3896881
            ]
          ]
        ]
      }
    },
    {
      "type": "Feature",
      "properties": {
        "osm_id": "1308115480",
        "code": 8103,
        "fclass": "canal",
        "width": 0,
        "name": "Le Mairegracht",
        "oneway": "NO",
        "speed_kmh": 6.0
      },
      "geometry": {
        "type": "MultiLineString",
        "coordinates": [
          [
            [
              4.881264,
              52.3891322
            ],
            [
              4.8812671,
              52.3890799
            ],
            [
              4.881587,
              52.3887958
            ]
          ]
        ]
      }
    },
    {
      "type": "Feature",
      "properties": {
        "osm_id": "1308115481",
        "code": 8103,
        "fclass": "canal",
        "width": 0,
        "name": "Le Mairegracht",
        "oneway": "NO",
        "speed_kmh": 6.0
      },
      "geometry": {
        "type": "MultiLineString",
        "coordinates": [
          [
            [
              4.8812794,
              52.389182
            ],
            [
              4.881264,
              52.3891322
            ]
          ]
        ]
      }
    },
    {
      "type": "Feature",
      "properties": {
        "osm_id": "1308115482",
        "code": 8103,
        "fclass": "canal",
        "width": 0,
        "name": "Van Noordtgracht",
        "oneway": "NO",
        "speed_kmh": 6.0
      },
      "geometry": {
        "type": "MultiLineString",
        "coordinates": [
          [
            [
              4.881587,
              52.3887958
            ],
            [
              4.8817625,
              52.3887717
            ]
          ]
        ]
      }
    },
    {
      "type": "Feature",
      "properties": {
        "osm_id": "1308115483",
        "code": 8103,
        "fclass": "canal",
        "width": 0,
        "name": "Van Noordtgracht",
        "oneway": "NO",
        "speed_kmh": 6.0
      },
      "geometry": {
        "type": "MultiLineString",
        "coordinates": [
          [
            [
              4.8817625,
              52.3887717
            ],
            [
              4.8818245,
              52.3887632
            ]
          ]
        ]
      }
    },
    {
      "type": "Feature",
      "properties": {
        "osm_id": "1308115484",
        "code": 8103,
        "fclass": "canal",
        "width": 0,
        "name": "Van Noordtgracht",
        "oneway": "NO",
        "speed_kmh": 6.0
      },
      "geometry": {
        "type": "MultiLineString",
        "coordinates": [
          [
            [
              4.8842594,
              52.3884276
            ],
            [
              4.8844528,
              52.3883972
            ]
          ]
        ]
      }
    },
    {
      "type": "Feature",
      "properties": {
        "osm_id": "1308115485",
        "code": 8103,
        "fclass": "canal",
        "width": 0,
        "name": "Westerkanaal",
        "oneway": "NO",
        "speed_kmh": 6.0
      },
      "geometry": {
        "type": "MultiLineString",
        "coordinates": [
          [
            [
              4.884143,
              52.3879319
            ],
            [
              4.8844528,
              52.3883972
            ]
          ]
        ]
      }
    },
    {
      "type": "Feature",
      "properties": {
        "osm_id": "1308121253",
        "code": 8103,
        "fclass": "canal",
        "width": 0,
        "name": "Zoutkeetsgracht",
        "oneway": "NO",
        "speed_kmh": 6.0
      },
      "geometry": {
        "type": "MultiLineString",
        "coordinates": [
          [
            [
              4.8844528,
              52.3883972
            ],
            [
              4.8855256,
              52.3881921
            ]
          ]
        ]
      }
    },
    {
      "type": "Feature",
      "properties": {
        "osm_id": "1308121254",
        "code": 8103,
        "fclass": "canal",
        "width": 0,
        "name": "Zoutkeetsgracht",
        "oneway": "NO",
        "speed_kmh": 6.0
      },
      "geometry": {
        "type": "MultiLineString",
        "coordinates": [
          [
            [
              4.8855256,
              52.3881921
            ],
            [
              4.8859118,
              52.3881348
            ]
          ]
        ]
      }
    },
    {
      "type": "Feature",
      "properties": {
        "osm_id": "1308121255",
        "code": 8103,
        "fclass": "canal",
        "width": 0,
        "name": "Realengracht",
        "oneway": "NO",
        "speed_kmh": 6.0
      },
      "geometry": {
        "type": "MultiLineString",
        "coordinates": [
          [
            [
              4.8871688,
              52.3869096
            ],
            [
              4.8860306,
              52.3868288
            ]
          ]
        ]
      }
    },
    {
      "type": "Feature",
      "properties": {
        "osm_id": "1308121256",
        "code": 8103,
        "fclass": "canal",
        "width": 0,
        "name": "Realengracht",
        "oneway": "NO",
        "speed_kmh": 6.0
      },
      "geometry": {
        "type": "MultiLineString",
        "coordinates": [
          [
            [
              4.8873419,
              52.3869217
            ],
            [
              4.8871688,
              52.3869096
            ]
          ]
        ]
      }
    },
    {
      "type": "Feature",
      "properties": {
        "osm_id": "1308121257",
        "code": 8103,
        "fclass": "canal",
        "width": 0,
        "name": "Realengracht",
        "oneway": "NO",
        "speed_kmh": 6.0
      },
      "geometry": {
        "type": "MultiLineString",
        "coordinates": [
          [
            [
              4.8910155,
              52.3870181
            ],
            [
              4.8902779,
              52.3870637
            ]
          ]
        ]
      }
    },
    {
      "type": "Feature",
      "properties": {
        "osm_id": "1308121258",
        "code": 8103,
        "fclass": "canal",
        "width": 0,
        "name": "Realengracht",
        "oneway": "NO",
        "speed_kmh": 6.0
      },
      "geometry": {
        "type": "MultiLineString",
        "coordinates": [
          [
            [
              4.8902779,
              52.3870637
            ],
            [
              4.8896494,
              52.387105
            ]
          ]
        ]
      }
    },
    {
      "type": "Feature",
      "properties": {
        "osm_id": "1308121259",
        "code": 8103,
        "fclass": "canal",
        "width": 0,
        "name": "Bickersgracht",
        "oneway": "NO",
        "speed_kmh": 6.0
      },
      "geometry": {
        "type": "MultiLineString",
        "coordinates": [
          [
            [
              4.8883208,
              52.3856178
            ],
            [
              4.8884649,
              52.3866343
            ],
            [
              4.8884477,
              52.3869381
            ]
          ]
        ]
      }
    },
    {
      "type": "Feature",
      "properties": {
        "osm_id": "1308121260",
        "code": 8103,
        "fclass": "canal",
        "width": 0,
        "name": "Prinseneilandsgracht",
        "oneway": "Yes",
        "speed_kmh": 6.0
      },
      "geometry": {
        "type": "MultiLineString",
        "coordinates": [
          [
            [
              4.8859369,
              52.3856247
            ],
            [
              4.8859026,
              52.3850135
            ]
          ]
        ]
      }
    },
    {
      "type": "Feature",
      "properties": {
        "osm_id": "1308121261",
        "code": 8103,
        "fclass": "canal",
        "width": 0,
        "name": "Prinseneilandsgracht",
        "oneway": "NO",
        "speed_kmh": 6.0
      },
      "geometry": {
        "type": "MultiLineString",
        "coordinates": [
          [
            [
              4.8859433,
              52.3857068
            ],
            [
              4.8859369,
              52.3856247
            ]
          ]
        ]
      }
    },
    {
      "type": "Feature",
      "properties": {
        "osm_id": "1308121262",
        "code": 8103,
        "fclass": "canal",
        "width": 0,
        "name": "Zoutkeetsgracht",
        "oneway": "NO",
        "speed_kmh": 6.0
      },
      "geometry": {
        "type": "MultiLineString",
        "coordinates": [
          [
            [
              4.8899919,
              52.3883888
            ],
            [
              4.8903276,
              52.3883762
            ]
          ]
        ]
      }
    },
    {
      "type": "Feature",
      "properties": {
        "osm_id": "1308123190",
        "code": 8103,
        "fclass": "canal",
        "width": 0,
        "name": "Westerdoksluis",
        "oneway": "NO",
        "speed_kmh": 6.0
      },
      "geometry": {
        "type": "MultiLineString",
        "coordinates": [
          [
            [
              4.8907017,
              52.3830424
            ],
            [
              4.8911483,
              52.3830576
            ]
          ]
        ]
      }
    },
    {
      "type": "Feature",
      "properties": {
        "osm_id": "1308123191",
        "code": 8103,
        "fclass": "canal",
        "width": 0,
        "name": "Westerdoksluis",
        "oneway": "NO",
        "speed_kmh": 6.0
      },
      "geometry": {
        "type": "MultiLineString",
        "coordinates": [
          [
            [
              4.8911483,
              52.3830576
            ],
            [
              4.8913363,
              52.383055
            ],
            [
              4.8914748,
              52.3830531
            ]
          ]
        ]
      }
    },
    {
      "type": "Feature",
      "properties": {
        "osm_id": "1308123192",
        "code": 8103,
        "fclass": "canal",
        "width": 0,
        "name": "Westerdoksluis",
        "oneway": "NO",
        "speed_kmh": 6.0
      },
      "geometry": {
        "type": "MultiLineString",
        "coordinates": [
          [
            [
              4.8922232,
              52.3829366
            ],
            [
              4.8932725,
              52.3830941
            ],
            [
              4.893475,
              52.3831244
            ]
          ]
        ]
      }
    },
    {
      "type": "Feature",
      "properties": {
        "osm_id": "1308272819",
        "code": 8103,
        "fclass": "canal",
        "width": 0,
        "name": "Van Noordtgracht",
        "oneway": "NO",
        "speed_kmh": 6.0
      },
      "geometry": {
        "type": "MultiLineString",
        "coordinates": [
          [
            [
              4.8839043,
              52.3884834
            ],
            [
              4.8842594,
              52.3884276
            ]
          ]
        ]
      }
    },
    {
      "type": "Feature",
      "properties": {
        "osm_id": "1308281537",
        "code": 8103,
        "fclass": "canal",
        "width": 0,
        "name": "Westerkanaalschutsluis",
        "oneway": "NO",
        "speed_kmh": 6.0
      },
      "geometry": {
        "type": "MultiLineString",
        "coordinates": [
          [
            [
              4.8828615,
              52.385711
            ],
            [
              4.8833146,
              52.386281
            ],
            [
              4.8833943,
              52.3863813
            ]
          ]
        ]
      }
    },
    {
      "type": "Feature",
      "properties": {
        "osm_id": "1308281538",
        "code": 8103,
        "fclass": "canal",
        "width": 0,
        "name": "Westerkanaalschutsluis",
        "oneway": "NO",
        "speed_kmh": 6.0
      },
      "geometry": {
        "type": "MultiLineString",
        "coordinates": [
          [
            [
              4.8840005,
              52.3876252
            ],
            [
              4.8840722,
              52.3877802
            ],
            [
              4.884143,
              52.3879319
            ]
          ]
        ]
      }
    },
    {
      "type": "Feature",
      "properties": {
        "osm_id": "1308292216",
        "code": 8103,
        "fclass": "canal",
        "width": 0,
        "name": "Singelgracht",
        "oneway": "NO",
        "speed_kmh": 6.0
      },
      "geometry": {
        "type": "MultiLineString",
        "coordinates": [
          [
            [
              4.8820738,
              52.3847872
            ],
            [
              4.8822521,
              52.3850637
            ]
          ]
        ]
      }
    },
    {
      "type": "Feature",
      "properties": {
        "osm_id": "1308292217",
        "code": 8103,
        "fclass": "canal",
        "width": 0,
        "name": "Singelgracht",
        "oneway": "NO",
        "speed_kmh": 6.0
      },
      "geometry": {
        "type": "MultiLineString",
        "coordinates": [
          [
            [
              4.8822521,
              52.3850637
            ],
            [
              4.882623,
              52.3854313
            ]
          ]
        ]
      }
    },
    {
      "type": "Feature",
      "properties": {
        "osm_id": "1308292218",
        "code": 8103,
        "fclass": "canal",
        "width": 0,
        "name": "Haarlemmervaart",
        "oneway": "NO",
        "speed_kmh": 6.0
      },
      "geometry": {
        "type": "MultiLineString",
        "coordinates": [
          [
            [
              4.8810733,
              52.3857133
            ],
            [
              4.8812583,
              52.3857103
            ]
          ]
        ]
      }
    },
    {
      "type": "Feature",
      "properties": {
        "osm_id": "1308292219",
        "code": 8103,
        "fclass": "canal",
        "width": 0,
        "name": "Haarlemmervaart",
        "oneway": "NO",
        "speed_kmh": 6.0
      },
      "geometry": {
        "type": "MultiLineString",
        "coordinates": [
          [
            [
              4.8817851,
              52.3856354
            ],
            [
              4.882623,
              52.3854313
            ]
          ]
        ]
      }
    },
    {
      "type": "Feature",
      "properties": {
        "osm_id": "1308292220",
        "code": 8103,
        "fclass": "canal",
        "width": 0,
        "name": "Singelgracht",
        "oneway": "NO",
        "speed_kmh": 6.0
      },
      "geometry": {
        "type": "MultiLineString",
        "coordinates": [
          [
            [
              4.8798813,
              52.3812748
            ],
            [
              4.8797019,
              52.3815237
            ]
          ]
        ]
      }
    },
    {
      "type": "Feature",
      "properties": {
        "osm_id": "1308292221",
        "code": 8103,
        "fclass": "canal",
        "width": 0,
        "name": "Singelgracht",
        "oneway": "NO",
        "speed_kmh": 6.0
      },
      "geometry": {
        "type": "MultiLineString",
        "coordinates": [
          [
            [
              4.8797019,
              52.3815237
            ],
            [
              4.8795945,
              52.3816726
            ],
            [
              4.8795473,
              52.3819009
            ]
          ]
        ]
      }
    },
    {
      "type": "Feature",
      "properties": {
        "osm_id": "1308292222",
        "code": 8103,
        "fclass": "canal",
        "width": 0,
        "name": "Kattensloot",
        "oneway": "NO",
        "speed_kmh": 6.0
      },
      "geometry": {
        "type": "MultiLineString",
        "coordinates": [
          [
            [
              4.8793401,
              52.3819025
            ],
            [
              4.8795473,
              52.3819009
            ]
          ]
        ]
      }
    },
    {
      "type": "Feature",
      "properties": {
        "osm_id": "1308292223",
        "code": 8103,
        "fclass": "canal",
        "width": 0,
        "name": "Kattensloot",
        "oneway": "NO",
        "speed_kmh": 6.0
      },
      "geometry": {
        "type": "MultiLineString",
        "coordinates": [
          [
            [
              4.8788166,
              52.3817678
            ],
            [
              4.8793401,
              52.3819025
            ]
          ]
        ]
      }
    },
    {
      "type": "Feature",
      "properties": {
        "osm_id": "1308396877",
        "code": 8103,
        "fclass": "canal",
        "width": 0,
        "name": "Singelgracht",
        "oneway": "NO",
        "speed_kmh": 6.0
      },
      "geometry": {
        "type": "MultiLineString",
        "coordinates": [
          [
            [
              4.8816827,
              52.3841808
            ],
            [
              4.8820738,
              52.3847872
            ]
          ]
        ]
      }
    },
    {
      "type": "Feature",
      "properties": {
        "osm_id": "1308396878",
        "code": 8103,
        "fclass": "canal",
        "width": 0,
        "name": "Brouwersgracht",
        "oneway": "NO",
        "speed_kmh": 6.0
      },
      "geometry": {
        "type": "MultiLineString",
        "coordinates": [
          [
            [
              4.8824995,
              52.3839342
            ],
            [
              4.8827324,
              52.3838422
            ]
          ]
        ]
      }
    },
    {
      "type": "Feature",
      "properties": {
        "osm_id": "1308396879",
        "code": 8103,
        "fclass": "canal",
        "width": 0,
        "name": "Brouwersgracht",
        "oneway": "NO",
        "speed_kmh": 6.0
      },
      "geometry": {
        "type": "MultiLineString",
        "coordinates": [
          [
            [
              4.8816827,
              52.3841808
            ],
            [
              4.8822743,
              52.3840187
            ],
            [
              4.8824995,
              52.3839342
            ]
          ]
        ]
      }
    },
    {
      "type": "Feature",
      "properties": {
        "osm_id": "1308396880",
        "code": 8103,
        "fclass": "canal",
        "width": 0,
        "name": "Brouwersgracht",
        "oneway": "NO",
        "speed_kmh": 6.0
      },
      "geometry": {
        "type": "MultiLineString",
        "coordinates": [
          [
            [
              4.8847612,
              52.3825754
            ],
            [
              4.8849332,
              52.3824793
            ]
          ]
        ]
      }
    },
    {
      "type": "Feature",
      "properties": {
        "osm_id": "1308396881",
        "code": 8103,
        "fclass": "canal",
        "width": 0,
        "name": "Brouwersgracht",
        "oneway": "NO",
        "speed_kmh": 6.0
      },
      "geometry": {
        "type": "MultiLineString",
        "coordinates": [
          [
            [
              4.8849332,
              52.3824793
            ],
            [
              4.8862256,
              52.3817546
            ]
          ]
        ]
      }
    },
    {
      "type": "Feature",
      "properties": {
        "osm_id": "1308396882",
        "code": 8103,
        "fclass": "canal",
        "width": 0,
        "name": "Brouwersgracht",
        "oneway": "NO",
        "speed_kmh": 6.0
      },
      "geometry": {
        "type": "MultiLineString",
        "coordinates": [
          [
            [
              4.8862256,
              52.3817546
            ],
            [
              4.886422,
              52.3816445
            ]
          ]
        ]
      }
    },
    {
      "type": "Feature",
      "properties": {
        "osm_id": "1308396883",
        "code": 8103,
        "fclass": "canal",
        "width": 0,
        "name": "Brouwersgracht",
        "oneway": "NO",
        "speed_kmh": 6.0
      },
      "geometry": {
        "type": "MultiLineString",
        "coordinates": [
          [
            [
              4.886422,
              52.3816445
            ],
            [
              4.8884303,
              52.3805184
            ]
          ]
        ]
      }
    },
    {
      "type": "Feature",
      "properties": {
        "osm_id": "1308400516",
        "code": 8103,
        "fclass": "canal",
        "width": 0,
        "name": "Brouwersgracht",
        "oneway": "NO",
        "speed_kmh": 6.0
      },
      "geometry": {
        "type": "MultiLineString",
        "coordinates": [
          [
            [
              4.8937912,
              52.378853
            ],
            [
              4.893972,
              52.3787771
            ]
          ]
        ]
      }
    },
    {
      "type": "Feature",
      "properties": {
        "osm_id": "1308400517",
        "code": 8103,
        "fclass": "canal",
        "width": 0,
        "name": "Brouwersgracht",
        "oneway": "NO",
        "speed_kmh": 6.0
      },
      "geometry": {
        "type": "MultiLineString",
        "coordinates": [
          [
            [
              4.893674,
              52.3789023
            ],
            [
              4.8937912,
              52.378853
            ]
          ]
        ]
      }
    },
    {
      "type": "Feature",
      "properties": {
        "osm_id": "1308400518",
        "code": 8103,
        "fclass": "canal",
        "width": 0,
        "name": "Brouwersgracht",
        "oneway": "NO",
        "speed_kmh": 6.0
      },
      "geometry": {
        "type": "MultiLineString",
        "coordinates": [
          [
            [
              4.8922607,
              52.3792137
            ],
            [
              4.8923037,
              52.3792043
            ]
          ]
        ]
      }
    },
    {
      "type": "Feature",
      "properties": {
        "osm_id": "1308400519",
        "code": 8103,
        "fclass": "canal",
        "width": 0,
        "name": "Brouwersgracht",
        "oneway": "NO",
        "speed_kmh": 6.0
      },
      "geometry": {
        "type": "MultiLineString",
        "coordinates": [
          [
            [
              4.8917821,
              52.379252
            ],
            [
              4.8920164,
              52.3792362
            ],
            [
              4.8922607,
              52.3792137
            ]
          ]
        ]
      }
    },
    {
      "type": "Feature",
      "properties": {
        "osm_id": "1308400520",
        "code": 8103,
        "fclass": "canal",
        "width": 0,
        "name": "Brouwersgracht",
        "oneway": "NO",
        "speed_kmh": 6.0
      },
      "geometry": {
        "type": "MultiLineString",
        "coordinates": [
          [
            [
              4.8916385,
              52.3792838
            ],
            [
              4.8917821,
              52.379252
            ]
          ]
        ]
      }
    },
    {
      "type": "Feature",
      "properties": {
        "osm_id": "1308400521",
        "code": 8103,
        "fclass": "canal",
        "width": 0,
        "name": "Brouwersgracht",
        "oneway": "NO",
        "speed_kmh": 6.0
      },
      "geometry": {
        "type": "MultiLineString",
        "coordinates": [
          [
            [
              4.8902463,
              52.379591
            ],
            [
              4.8916385,
              52.3792838
            ]
          ]
        ]
      }
    },
    {
      "type": "Feature",
      "properties": {
        "osm_id": "1308400522",
        "code": 8103,
        "fclass": "canal",
        "width": 0,
        "name": "Brouwersgracht",
        "oneway": "NO",
        "speed_kmh": 6.0
      },
      "geometry": {
        "type": "MultiLineString",
        "coordinates": [
          [
            [
              4.8901114,
              52.3796324
            ],
            [
              4.8902463,
              52.379591
            ]
          ]
        ]
      }
    },
    {
      "type": "Feature",
      "properties": {
        "osm_id": "1308400523",
        "code": 8103,
        "fclass": "canal",
        "width": 0,
        "name": "Brouwersgracht",
        "oneway": "NO",
        "speed_kmh": 6.0
      },
      "geometry": {
        "type": "MultiLineString",
        "coordinates": [
          [
            [
              4.8899351,
              52.3796979
            ],
            [
              4.8901114,
              52.3796324
            ]
          ]
        ]
      }
    },
    {
      "type": "Feature",
      "properties": {
        "osm_id": "1308400524",
        "code": 8103,
        "fclass": "canal",
        "width": 0,
        "name": "Brouwersgracht",
        "oneway": "NO",
        "speed_kmh": 6.0
      },
      "geometry": {
        "type": "MultiLineString",
        "coordinates": [
          [
            [
              4.8923037,
              52.3792043
            ],
            [
              4.8934957,
              52.3789476
            ],
            [
              4.893674,
              52.3789023
            ]
          ]
        ]
      }
    },
    {
      "type": "Feature",
      "properties": {
        "osm_id": "1308400525",
        "code": 8103,
        "fclass": "canal",
        "width": 0,
        "name": "Keizersgracht",
        "oneway": "NO",
        "speed_kmh": 6.0
      },
      "geometry": {
        "type": "MultiLineString",
        "coordinates": [
          [
            [
              4.8897631,
              52.3795128
            ],
            [
              4.8898523,
              52.3796088
            ]
          ]
        ]
      }
    },
    {
      "type": "Feature",
      "properties": {
        "osm_id": "1308400526",
        "code": 8103,
        "fclass": "canal",
        "width": 0,
        "name": "Keizersgracht",
        "oneway": "NO",
        "speed_kmh": 6.0
      },
      "geometry": {
        "type": "MultiLineString",
        "coordinates": [
          [
            [
              4.8898523,
              52.3796088
            ],
            [
              4.8899351,
              52.3796979
            ]
          ]
        ]
      }
    },
    {
      "type": "Feature",
      "properties": {
        "osm_id": "1308400527",
        "code": 8103,
        "fclass": "canal",
        "width": 0,
        "name": "Brouwersgracht",
        "oneway": "NO",
        "speed_kmh": 6.0
      },
      "geometry": {
        "type": "MultiLineString",
        "coordinates": [
          [
            [
              4.8885634,
              52.3804458
            ],
            [
              4.8886892,
              52.3803773
            ]
          ]
        ]
      }
    },
    {
      "type": "Feature",
      "properties": {
        "osm_id": "1308400528",
        "code": 8103,
        "fclass": "canal",
        "width": 0,
        "name": "Brouwersgracht",
        "oneway": "NO",
        "speed_kmh": 6.0
      },
      "geometry": {
        "type": "MultiLineString",
        "coordinates": [
          [
            [
              4.8884303,
              52.3805184
            ],
            [
              4.8885634,
              52.3804458
            ]
          ]
        ]
      }
    },
    {
      "type": "Feature",
      "properties": {
        "osm_id": "1308400529",
        "code": 8103,
        "fclass": "canal",
        "width": 0,
        "name": "Prinsengracht",
        "oneway": "Yes",
        "speed_kmh": 6.0
      },
      "geometry": {
        "type": "MultiLineString",
        "coordinates": [
          [
            [
              4.8826081,
              52.3689756
            ],
            [
              4.8826022,
              52.3689166
            ],
            [
              4.8825993,
              52.3688827
            ]
          ]
        ]
      }
    },
    {
      "type": "Feature",
      "properties": {
        "osm_id": "1308400530",
        "code": 8103,
        "fclass": "canal",
        "width": 0,
        "name": "Prinsengracht",
        "oneway": "Yes",
        "speed_kmh": 6.0
      },
      "geometry": {
        "type": "MultiLineString",
        "coordinates": [
          [
            [
              4.882749,
              52.3703749
            ],
            [
              4.8826081,
              52.3689756
            ]
          ]
        ]
      }
    },
    {
      "type": "Feature",
      "properties": {
        "osm_id": "1308400531",
        "code": 8103,
        "fclass": "canal",
        "width": 0,
        "name": "Prinsengracht",
        "oneway": "Yes",
        "speed_kmh": 6.0
      },
      "geometry": {
        "type": "MultiLineString",
        "coordinates": [
          [
            [
              4.8827564,
              52.3704784
            ],
            [
              4.8827535,
              52.3704195
            ],
            [
              4.882749,
              52.3703749
            ]
          ]
        ]
      }
    },
    {
      "type": "Feature",
      "properties": {
        "osm_id": "1308400532",
        "code": 8103,
        "fclass": "canal",
        "width": 0,
        "name": "Prinsengracht",
        "oneway": "Yes",
        "speed_kmh": 6.0
      },
      "geometry": {
        "type": "MultiLineString",
        "coordinates": [
          [
            [
              4.8829157,
              52.3723802
            ],
            [
              4.8828245,
              52.3718494
            ],
            [
              4.8827564,
              52.3704784
            ]
          ]
        ]
      }
    },
    {
      "type": "Feature",
      "properties": {
        "osm_id": "1308400533",
        "code": 8103,
        "fclass": "canal",
        "width": 0,
        "name": "Prinsengracht",
        "oneway": "Yes",
        "speed_kmh": 6.0
      },
      "geometry": {
        "type": "MultiLineString",
        "coordinates": [
          [
            [
              4.8829234,
              52.372456
            ],
            [
              4.8829193,
              52.372401
            ],
            [
              4.8829157,
              52.3723802
            ]
          ]
        ]
      }
    },
    {
      "type": "Feature",
      "properties": {
        "osm_id": "1308400534",
        "code": 8103,
        "fclass": "canal",
        "width": 0,
        "name": "Prinsengracht",
        "oneway": "Yes",
        "speed_kmh": 6.0
      },
      "geometry": {
        "type": "MultiLineString",
        "coordinates": [
          [
            [
              4.8830519,
              52.3738577
            ],
            [
              4.8829234,
              52.372456
            ]
          ]
        ]
      }
    },
    {
      "type": "Feature",
      "properties": {
        "osm_id": "1308400535",
        "code": 8103,
        "fclass": "canal",
        "width": 0,
        "name": "Prinsengracht",
        "oneway": "Yes",
        "speed_kmh": 6.0
      },
      "geometry": {
        "type": "MultiLineString",
        "coordinates": [
          [
            [
              4.8830751,
              52.3741504
            ],
            [
              4.8830588,
              52.3739483
            ],
            [
              4.8830519,
              52.3738577
            ]
          ]
        ]
      }
    },
    {
      "type": "Feature",
      "properties": {
        "osm_id": "1308400536",
        "code": 8103,
        "fclass": "canal",
        "width": 0,
        "name": "Prinsengracht",
        "oneway": "Yes",
        "speed_kmh": 6.0
      },
      "geometry": {
        "type": "MultiLineString",
        "coordinates": [
          [
            [
              4.8825993,
              52.3688827
            ],
            [
              4.8825886,
              52.368758
            ],
            [
              4.8824711,
              52.3674356
            ]
          ]
        ]
      }
    },
    {
      "type": "Feature",
      "properties": {
        "osm_id": "1308400537",
        "code": 8103,
        "fclass": "canal",
        "width": 0,
        "name": "Prinsengracht",
        "oneway": "Yes",
        "speed_kmh": 6.0
      },
      "geometry": {
        "type": "MultiLineString",
        "coordinates": [
          [
            [
              4.8843944,
              52.3760855
            ],
            [
              4.8843606,
              52.3760465
            ],
            [
              4.8843354,
              52.3760187
            ]
          ]
        ]
      }
    },
    {
      "type": "Feature",
      "properties": {
        "osm_id": "1308400538",
        "code": 8103,
        "fclass": "canal",
        "width": 0,
        "name": "Prinsengracht",
        "oneway": "Yes",
        "speed_kmh": 6.0
      },
      "geometry": {
        "type": "MultiLineString",
        "coordinates": [
          [
            [
              4.8861464,
              52.3780476
            ],
            [
              4.8847629,
              52.3765112
            ]
          ]
        ]
      }
    },
    {
      "type": "Feature",
      "properties": {
        "osm_id": "1308400539",
        "code": 8103,
        "fclass": "canal",
        "width": 0,
        "name": "Prinsengracht",
        "oneway": "Yes",
        "speed_kmh": 6.0
      },
      "geometry": {
        "type": "MultiLineString",
        "coordinates": [
          [
            [
              4.8862318,
              52.3781412
            ],
            [
              4.8861822,
              52.3780873
            ],
            [
              4.8861464,
              52.3780476
            ]
          ]
        ]
      }
    },
    {
      "type": "Feature",
      "properties": {
        "osm_id": "1308400540",
        "code": 8103,
        "fclass": "canal",
        "width": 0,
        "name": "Prinsengracht",
        "oneway": "Yes",
        "speed_kmh": 6.0
      },
      "geometry": {
        "type": "MultiLineString",
        "coordinates": [
          [
            [
              4.8882488,
              52.380334
            ],
            [
              4.8862318,
              52.3781412
            ]
          ]
        ]
      }
    },
    {
      "type": "Feature",
      "properties": {
        "osm_id": "1308400541",
        "code": 8103,
        "fclass": "canal",
        "width": 0,
        "name": "Prinsengracht",
        "oneway": "Yes",
        "speed_kmh": 6.0
      },
      "geometry": {
        "type": "MultiLineString",
        "coordinates": [
          [
            [
              4.8883274,
              52.3804162
            ],
            [
              4.8882927,
              52.3803817
            ],
            [
              4.8882488,
              52.380334
            ]
          ]
        ]
      }
    },
    {
      "type": "Feature",
      "properties": {
        "osm_id": "1308400542",
        "code": 8103,
        "fclass": "canal",
        "width": 0,
        "name": "Prinsengracht",
        "oneway": "Yes",
        "speed_kmh": 6.0
      },
      "geometry": {
        "type": "MultiLineString",
        "coordinates": [
          [
            [
              4.8884303,
              52.3805184
            ],
            [
              4.8883274,
              52.3804162
            ]
          ]
        ]
      }
    },
    {
      "type": "Feature",
      "properties": {
        "osm_id": "1308401458",
        "code": 8103,
        "fclass": "canal",
        "width": 0,
        "name": "Herengracht",
        "oneway": "NO",
        "speed_kmh": 6.0
      },
      "geometry": {
        "type": "MultiLineString",
        "coordinates": [
          [
            [
              4.8898875,
              52.3769011
            ],
            [
              4.8898596,
              52.3768743
            ]
          ]
        ]
      }
    },
    {
      "type": "Feature",
      "properties": {
        "osm_id": "1308401459",
        "code": 8103,
        "fclass": "canal",
        "width": 0,
        "name": "Herengracht",
        "oneway": "NO",
        "speed_kmh": 6.0
      },
      "geometry": {
        "type": "MultiLineString",
        "coordinates": [
          [
            [
              4.8920164,
              52.3792362
            ],
            [
              4.8898875,
              52.3769011
            ]
          ]
        ]
      }
    },
    {
      "type": "Feature",
      "properties": {
        "osm_id": "1308401460",
        "code": 8103,
        "fclass": "canal",
        "width": 0,
        "name": "Keizersgracht",
        "oneway": "NO",
        "speed_kmh": 6.0
      },
      "geometry": {
        "type": "MultiLineString",
        "coordinates": [
          [
            [
              4.885975,
              52.3754354
            ],
            [
              4.886053,
              52.3755194
            ]
          ]
        ]
      }
    },
    {
      "type": "Feature",
      "properties": {
        "osm_id": "1308401461",
        "code": 8103,
        "fclass": "canal",
        "width": 0,
        "name": "Keizersgracht",
        "oneway": "NO",
        "speed_kmh": 6.0
      },
      "geometry": {
        "type": "MultiLineString",
        "coordinates": [
          [
            [
              4.886053,
              52.3755194
            ],
            [
              4.8873218,
              52.3768851
            ],
            [
              4.8878599,
              52.3774643
            ]
          ]
        ]
      }
    },
    {
      "type": "Feature",
      "properties": {
        "osm_id": "1308401462",
        "code": 8103,
        "fclass": "canal",
        "width": 0,
        "name": "Keizersgracht",
        "oneway": "NO",
        "speed_kmh": 6.0
      },
      "geometry": {
        "type": "MultiLineString",
        "coordinates": [
          [
            [
              4.8878599,
              52.3774643
            ],
            [
              4.887943,
              52.3775538
            ]
          ]
        ]
      }
    },
    {
      "type": "Feature",
      "properties": {
        "osm_id": "1308401463",
        "code": 8103,
        "fclass": "canal",
        "width": 0,
        "name": "Keizersgracht",
        "oneway": "NO",
        "speed_kmh": 6.0
      },
      "geometry": {
        "type": "MultiLineString",
        "coordinates": [
          [
            [
              4.887943,
              52.3775538
            ],
            [
              4.8897631,
              52.3795128
            ]
          ]
        ]
      }
    },
    {
      "type": "Feature",
      "properties": {
        "osm_id": "1308401464",
        "code": 8103,
        "fclass": "canal",
        "width": 0,
        "name": "Bickersgracht",
        "oneway": "NO",
        "speed_kmh": 6.0
      },
      "geometry": {
        "type": "MultiLineString",
        "coordinates": [
          [
            [
              4.8882991,
              52.385474
            ],
            [
              4.8883208,
              52.3856178
            ]
          ]
        ]
      }
    },
    {
      "type": "Feature",
      "properties": {
        "osm_id": "1308407249",
        "code": 8103,
        "fclass": "canal",
        "width": 0,
        "name": "Singel",
        "oneway": "NO",
        "speed_kmh": 6.0
      },
      "geometry": {
        "type": "MultiLineString",
        "coordinates": [
          [
            [
              4.8911882,
              52.3762311
            ],
            [
              4.8913117,
              52.3763449
            ]
          ]
        ]
      }
    },
    {
      "type": "Feature",
      "properties": {
        "osm_id": "1308407250",
        "code": 8103,
        "fclass": "canal",
        "width": 0,
        "name": "Singel",
        "oneway": "NO",
        "speed_kmh": 6.0
      },
      "geometry": {
        "type": "MultiLineString",
        "coordinates": [
          [
            [
              4.8893133,
              52.3744522
            ],
            [
              4.8895987,
              52.3747632
            ]
          ]
        ]
      }
    },
    {
      "type": "Feature",
      "properties": {
        "osm_id": "1308407251",
        "code": 8103,
        "fclass": "canal",
        "width": 0,
        "name": "Singel",
        "oneway": "NO",
        "speed_kmh": 6.0
      },
      "geometry": {
        "type": "MultiLineString",
        "coordinates": [
          [
            [
              4.892017,
              52.3769897
            ],
            [
              4.892121,
              52.3770848
            ]
          ]
        ]
      }
    },
    {
      "type": "Feature",
      "properties": {
        "osm_id": "1308407252",
        "code": 8103,
        "fclass": "canal",
        "width": 0,
        "name": "Singel",
        "oneway": "NO",
        "speed_kmh": 6.0
      },
      "geometry": {
        "type": "MultiLineString",
        "coordinates": [
          [
            [
              4.892121,
              52.3770848
            ],
            [
              4.893972,
              52.3787771
            ]
          ]
        ]
      }
    },
    {
      "type": "Feature",
      "properties": {
        "osm_id": "1308407253",
        "code": 8103,
        "fclass": "canal",
        "width": 0,
        "name": "Singel",
        "oneway": "NO",
        "speed_kmh": 6.0
      },
      "geometry": {
        "type": "MultiLineString",
        "coordinates": [
          [
            [
              4.8913117,
              52.3763449
            ],
            [
              4.892017,
              52.3769897
            ]
          ]
        ]
      }
    },
    {
      "type": "Feature",
      "properties": {
        "osm_id": "1308407254",
        "code": 8103,
        "fclass": "canal",
        "width": 0,
        "name": "Herengracht",
        "oneway": "NO",
        "speed_kmh": 6.0
      },
      "geometry": {
        "type": "MultiLineString",
        "coordinates": [
          [
            [
              4.8898596,
              52.3768743
            ],
            [
              4.8897733,
              52.376778
            ]
          ]
        ]
      }
    },
    {
      "type": "Feature",
      "properties": {
        "osm_id": "1308407255",
        "code": 8103,
        "fclass": "canal",
        "width": 0,
        "name": "Blauwburgwal",
        "oneway": "NO",
        "speed_kmh": 6.0
      },
      "geometry": {
        "type": "MultiLineString",
        "coordinates": [
          [
            [
              4.8900437,
              52.3768408
            ],
            [
              4.8901732,
              52.3767902
            ]
          ]
        ]
      }
    },
    {
      "type": "Feature",
      "properties": {
        "osm_id": "1308407256",
        "code": 8103,
        "fclass": "canal",
        "width": 0,
        "name": "Blauwburgwal",
        "oneway": "NO",
        "speed_kmh": 6.0
      },
      "geometry": {
        "type": "MultiLineString",
        "coordinates": [
          [
            [
              4.8898875,
              52.3769011
            ],
            [
              4.8900437,
              52.3768408
            ]
          ]
        ]
      }
    },
    {
      "type": "Feature",
      "properties": {
        "osm_id": "1308407257",
        "code": 8103,
        "fclass": "canal",
        "width": 0,
        "name": "Blauwburgwal",
        "oneway": "NO",
        "speed_kmh": 6.0
      },
      "geometry": {
        "type": "MultiLineString",
        "coordinates": [
          [
            [
              4.8909934,
              52.3764554
            ],
            [
              4.8911269,
              52.3764037
            ]
          ]
        ]
      }
    },
    {
      "type": "Feature",
      "properties": {
        "osm_id": "1308407258",
        "code": 8103,
        "fclass": "canal",
        "width": 0,
        "name": "Blauwburgwal",
        "oneway": "NO",
        "speed_kmh": 6.0
      },
      "geometry": {
        "type": "MultiLineString",
        "coordinates": [
          [
            [
              4.8911269,
              52.3764037
            ],
            [
              4.8913117,
              52.3763449
            ]
          ]
        ]
      }
    },
    {
      "type": "Feature",
      "properties": {
        "osm_id": "1308407259",
        "code": 8103,
        "fclass": "canal",
        "width": 0,
        "name": "Herengracht",
        "oneway": "NO",
        "speed_kmh": 6.0
      },
      "geometry": {
        "type": "MultiLineString",
        "coordinates": [
          [
            [
              4.8897733,
              52.376778
            ],
            [
              4.888044,
              52.3748812
            ]
          ]
        ]
      }
    },
    {
      "type": "Feature",
      "properties": {
        "osm_id": "1308407260",
        "code": 8103,
        "fclass": "canal",
        "width": 0,
        "name": "Herengracht",
        "oneway": "NO",
        "speed_kmh": 6.0
      },
      "geometry": {
        "type": "MultiLineString",
        "coordinates": [
          [
            [
              4.8959795,
              52.3647798
            ],
            [
              4.8961332,
              52.3648115
            ]
          ]
        ]
      }
    },
    {
      "type": "Feature",
      "properties": {
        "osm_id": "1308407261",
        "code": 8103,
        "fclass": "canal",
        "width": 0,
        "name": "Leliegracht",
        "oneway": "NO",
        "speed_kmh": 6.0
      },
      "geometry": {
        "type": "MultiLineString",
        "coordinates": [
          [
            [
              4.8877256,
              52.3747806
            ],
            [
              4.8879024,
              52.3747258
            ]
          ]
        ]
      }
    },
    {
      "type": "Feature",
      "properties": {
        "osm_id": "1308407262",
        "code": 8103,
        "fclass": "canal",
        "width": 0,
        "name": "Leliegracht",
        "oneway": "NO",
        "speed_kmh": 6.0
      },
      "geometry": {
        "type": "MultiLineString",
        "coordinates": [
          [
            [
              4.8875984,
              52.3748239
            ],
            [
              4.8877256,
              52.3747806
            ]
          ]
        ]
      }
    },
    {
      "type": "Feature",
      "properties": {
        "osm_id": "1308407263",
        "code": 8103,
        "fclass": "canal",
        "width": 0,
        "name": "Leliegracht",
        "oneway": "NO",
        "speed_kmh": 6.0
      },
      "geometry": {
        "type": "MultiLineString",
        "coordinates": [
          [
            [
              4.8861433,
              52.375318
            ],
            [
              4.8862782,
              52.3752756
            ]
          ]
        ]
      }
    },
    {
      "type": "Feature",
      "properties": {
        "osm_id": "1308407264",
        "code": 8103,
        "fclass": "canal",
        "width": 0,
        "name": "Leliegracht",
        "oneway": "NO",
        "speed_kmh": 6.0
      },
      "geometry": {
        "type": "MultiLineString",
        "coordinates": [
          [
            [
              4.8862782,
              52.3752756
            ],
            [
              4.8875984,
              52.3748239
            ]
          ]
        ]
      }
    },
    {
      "type": "Feature",
      "properties": {
        "osm_id": "1308407265",
        "code": 8103,
        "fclass": "canal",
        "width": 0,
        "name": "Leliegracht",
        "oneway": "NO",
        "speed_kmh": 6.0
      },
      "geometry": {
        "type": "MultiLineString",
        "coordinates": [
          [
            [
              4.8856458,
              52.3754896
            ],
            [
              4.8857754,
              52.3754442
            ]
          ]
        ]
      }
    },
    {
      "type": "Feature",
      "properties": {
        "osm_id": "1308407266",
        "code": 8103,
        "fclass": "canal",
        "width": 0,
        "name": "Leliegracht",
        "oneway": "NO",
        "speed_kmh": 6.0
      },
      "geometry": {
        "type": "MultiLineString",
        "coordinates": [
          [
            [
              4.8857754,
              52.3754442
            ],
            [
              4.8859285,
              52.3753854
            ],
            [
              4.8861433,
              52.375318
            ]
          ]
        ]
      }
    },
    {
      "type": "Feature",
      "properties": {
        "osm_id": "1308407267",
        "code": 8103,
        "fclass": "canal",
        "width": 0,
        "name": "Leliegracht",
        "oneway": "NO",
        "speed_kmh": 6.0
      },
      "geometry": {
        "type": "MultiLineString",
        "coordinates": [
          [
            [
              4.8844564,
              52.3758984
            ],
            [
              4.88456,
              52.3758622
            ]
          ]
        ]
      }
    },
    {
      "type": "Feature",
      "properties": {
        "osm_id": "1308407268",
        "code": 8103,
        "fclass": "canal",
        "width": 0,
        "name": "Leliegracht",
        "oneway": "NO",
        "speed_kmh": 6.0
      },
      "geometry": {
        "type": "MultiLineString",
        "coordinates": [
          [
            [
              4.8842818,
              52.3759593
            ],
            [
              4.8844564,
              52.3758984
            ]
          ]
        ]
      }
    },
    {
      "type": "Feature",
      "properties": {
        "osm_id": "1308584507",
        "code": 8103,
        "fclass": "canal",
        "width": 0,
        "name": "Lijnbaansgracht",
        "oneway": "NO",
        "speed_kmh": 6.0
      },
      "geometry": {
        "type": "MultiLineString",
        "coordinates": [
          [
            [
              4.8768205,
              52.3737199
            ],
            [
              4.8766382,
              52.3731331
            ],
            [
              4.8763606,
              52.3724888
            ]
          ]
        ]
      }
    },
    {
      "type": "Feature",
      "properties": {
        "osm_id": "1308584508",
        "code": 8103,
        "fclass": "canal",
        "width": 0,
        "name": "Singelgracht",
        "oneway": "NO",
        "speed_kmh": 6.0
      },
      "geometry": {
        "type": "MultiLineString",
        "coordinates": [
          [
            [
              4.8745728,
              52.3717644
            ],
            [
              4.8744652,
              52.3720145
            ]
          ]
        ]
      }
    },
    {
      "type": "Feature",
      "properties": {
        "osm_id": "1308584509",
        "code": 8103,
        "fclass": "canal",
        "width": 0,
        "name": "Singelgracht",
        "oneway": "NO",
        "speed_kmh": 6.0
      },
      "geometry": {
        "type": "MultiLineString",
        "coordinates": [
          [
            [
              4.8744652,
              52.3720145
            ],
            [
              4.8745158,
              52.3722977
            ],
            [
              4.8746816,
              52.3725477
            ],
            [
              4.8749416,
              52.3727252
            ],
            [
              4.8753906,
              52.3731201
            ],
            [
              4.875465,
              52.3733074
            ]
          ]
        ]
      }
    },
    {
      "type": "Feature",
      "properties": {
        "osm_id": "1308584510",
        "code": 8103,
        "fclass": "canal",
        "width": 0,
        "name": "Hugo de Grootgracht",
        "oneway": "NO",
        "speed_kmh": 6.0
      },
      "geometry": {
        "type": "MultiLineString",
        "coordinates": [
          [
            [
              4.8710624,
              52.3725262
            ],
            [
              4.8716887,
              52.3726565
            ]
          ]
        ]
      }
    },
    {
      "type": "Feature",
      "properties": {
        "osm_id": "1308584511",
        "code": 8103,
        "fclass": "canal",
        "width": 0,
        "name": "Hugo de Grootgracht",
        "oneway": "NO",
        "speed_kmh": 6.0
      },
      "geometry": {
        "type": "MultiLineString",
        "coordinates": [
          [
            [
              4.8716887,
              52.3726565
            ],
            [
              4.8729166,
              52.3728875
            ],
            [
              4.8747981,
              52.3732873
            ]
          ]
        ]
      }
    },
    {
      "type": "Feature",
      "properties": {
        "osm_id": "1308584512",
        "code": 8103,
        "fclass": "canal",
        "width": 0,
        "name": "Hugo de Grootgracht",
        "oneway": "NO",
        "speed_kmh": 6.0
      },
      "geometry": {
        "type": "MultiLineString",
        "coordinates": [
          [
            [
              4.8750912,
              52.3733415
            ],
            [
              4.875465,
              52.3733074
            ]
          ]
        ]
      }
    },
    {
      "type": "Feature",
      "properties": {
        "osm_id": "1308584513",
        "code": 8103,
        "fclass": "canal",
        "width": 0,
        "name": "Hugo de Grootgracht",
        "oneway": "NO",
        "speed_kmh": 6.0
      },
      "geometry": {
        "type": "MultiLineString",
        "coordinates": [
          [
            [
              4.8747981,
              52.3732873
            ],
            [
              4.8750912,
              52.3733415
            ]
          ]
        ]
      }
    },
    {
      "type": "Feature",
      "properties": {
        "osm_id": "1308584514",
        "code": 8103,
        "fclass": "canal",
        "width": 0,
        "name": null,
        "oneway": "NO",
        "speed_kmh": 6.0
      },
      "geometry": {
        "type": "MultiLineString",
        "coordinates": [
          [
            [
              4.8764355,
              52.373734
            ],
            [
              4.8760762,
              52.373758
            ]
          ]
        ]
      }
    },
    {
      "type": "Feature",
      "properties": {
        "osm_id": "1308584515",
        "code": 8103,
        "fclass": "canal",
        "width": 0,
        "name": null,
        "oneway": "NO",
        "speed_kmh": 6.0
      },
      "geometry": {
        "type": "MultiLineString",
        "coordinates": [
          [
            [
              4.8760762,
              52.373758
            ],
            [
              4.8758521,
              52.3737579
            ],
            [
              4.8754822,
              52.3737439
            ]
          ]
        ]
      }
    },
    {
      "type": "Feature",
      "properties": {
        "osm_id": "1308584516",
        "code": 8103,
        "fclass": "canal",
        "width": 0,
        "name": "Singelgracht",
        "oneway": "NO",
        "speed_kmh": 6.0
      },
      "geometry": {
        "type": "MultiLineString",
        "coordinates": [
          [
            [
              4.8754716,
              52.3739306
            ],
            [
              4.8755348,
              52.3742278
            ]
          ]
        ]
      }
    },
    {
      "type": "Feature",
      "properties": {
        "osm_id": "1308584517",
        "code": 8103,
        "fclass": "canal",
        "width": 0,
        "name": "Singelgracht",
        "oneway": "NO",
        "speed_kmh": 6.0
      },
      "geometry": {
        "type": "MultiLineString",
        "coordinates": [
          [
            [
              4.8754822,
              52.3737439
            ],
            [
              4.8754716,
              52.3739306
            ]
          ]
        ]
      }
    },
    {
      "type": "Feature",
      "properties": {
        "osm_id": "1308584518",
        "code": 8103,
        "fclass": "canal",
        "width": 0,
        "name": "Singelgracht",
        "oneway": "NO",
        "speed_kmh": 6.0
      },
      "geometry": {
        "type": "MultiLineString",
        "coordinates": [
          [
            [
              4.8781097,
              52.3783899
            ],
            [
              4.8782656,
              52.3786347
            ]
          ]
        ]
      }
    },
    {
      "type": "Feature",
      "properties": {
        "osm_id": "1308584519",
        "code": 8103,
        "fclass": "canal",
        "width": 0,
        "name": "Keizersgracht",
        "oneway": "NO",
        "speed_kmh": 6.0
      },
      "geometry": {
        "type": "MultiLineString",
        "coordinates": [
          [
            [
              4.8848728,
              52.372309
            ],
            [
              4.8848805,
              52.3723962
            ]
          ]
        ]
      }
    },
    {
      "type": "Feature",
      "properties": {
        "osm_id": "1308584520",
        "code": 8103,
        "fclass": "canal",
        "width": 0,
        "name": "Keizersgracht",
        "oneway": "NO",
        "speed_kmh": 6.0
      },
      "geometry": {
        "type": "MultiLineString",
        "coordinates": [
          [
            [
              4.8848805,
              52.3723962
            ],
            [
              4.8849985,
              52.373726
            ]
          ]
        ]
      }
    },
    {
      "type": "Feature",
      "properties": {
        "osm_id": "1308584521",
        "code": 8103,
        "fclass": "canal",
        "width": 0,
        "name": "Prinsengracht",
        "oneway": "Yes",
        "speed_kmh": 6.0
      },
      "geometry": {
        "type": "MultiLineString",
        "coordinates": [
          [
            [
              4.8847629,
              52.3765112
            ],
            [
              4.8843944,
              52.3760855
            ]
          ]
        ]
      }
    },
    {
      "type": "Feature",
      "properties": {
        "osm_id": "1308584522",
        "code": 8103,
        "fclass": "canal",
        "width": 0,
        "name": "Egelantiersgracht",
        "oneway": "NO",
        "speed_kmh": 6.0
      },
      "geometry": {
        "type": "MultiLineString",
        "coordinates": [
          [
            [
              4.8777016,
              52.3752081
            ],
            [
              4.8778213,
              52.3751988
            ]
          ]
        ]
      }
    },
    {
      "type": "Feature",
      "properties": {
        "osm_id": "1308584523",
        "code": 8103,
        "fclass": "canal",
        "width": 0,
        "name": "Prinsengracht",
        "oneway": "Yes",
        "speed_kmh": 6.0
      },
      "geometry": {
        "type": "MultiLineString",
        "coordinates": [
          [
            [
              4.8843354,
              52.3760187
            ],
            [
              4.8842818,
              52.3759593
            ]
          ]
        ]
      }
    },
    {
      "type": "Feature",
      "properties": {
        "osm_id": "1308584524",
        "code": 8103,
        "fclass": "canal",
        "width": 0,
        "name": "Prinsengracht",
        "oneway": "Yes",
        "speed_kmh": 6.0
      },
      "geometry": {
        "type": "MultiLineString",
        "coordinates": [
          [
            [
              4.8835292,
              52.3751701
            ],
            [
              4.8834287,
              52.3750636
            ],
            [
              4.8831459,
              52.3747241
            ],
            [
              4.8830751,
              52.3741504
            ]
          ]
        ]
      }
    },
    {
      "type": "Feature",
      "properties": {
        "osm_id": "1308584525",
        "code": 8103,
        "fclass": "canal",
        "width": 0,
        "name": "Bloemgracht",
        "oneway": "NO",
        "speed_kmh": 6.0
      },
      "geometry": {
        "type": "MultiLineString",
        "coordinates": [
          [
            [
              4.8833781,
              52.3752146
            ],
            [
              4.8835292,
              52.3751701
            ]
          ]
        ]
      }
    },
    {
      "type": "Feature",
      "properties": {
        "osm_id": "1308584526",
        "code": 8103,
        "fclass": "canal",
        "width": 0,
        "name": "Bloemgracht",
        "oneway": "NO",
        "speed_kmh": 6.0
      },
      "geometry": {
        "type": "MultiLineString",
        "coordinates": [
          [
            [
              4.8831929,
              52.3752295
            ],
            [
              4.8833781,
              52.3752146
            ]
          ]
        ]
      }
    },
    {
      "type": "Feature",
      "properties": {
        "osm_id": "1308584527",
        "code": 8103,
        "fclass": "canal",
        "width": 0,
        "name": "Bloemgracht",
        "oneway": "NO",
        "speed_kmh": 6.0
      },
      "geometry": {
        "type": "MultiLineString",
        "coordinates": [
          [
            [
              4.8811182,
              52.3747815
            ],
            [
              4.8812077,
              52.3748022
            ]
          ]
        ]
      }
    },
    {
      "type": "Feature",
      "properties": {
        "osm_id": "1308584528",
        "code": 8103,
        "fclass": "canal",
        "width": 0,
        "name": "Bloemgracht",
        "oneway": "NO",
        "speed_kmh": 6.0
      },
      "geometry": {
        "type": "MultiLineString",
        "coordinates": [
          [
            [
              4.8812077,
              52.3748022
            ],
            [
              4.8830462,
              52.3752278
            ],
            [
              4.8831929,
              52.3752295
            ]
          ]
        ]
      }
    },
    {
      "type": "Feature",
      "properties": {
        "osm_id": "1308584529",
        "code": 8103,
        "fclass": "canal",
        "width": 0,
        "name": "Bloemgracht",
        "oneway": "NO",
        "speed_kmh": 6.0
      },
      "geometry": {
        "type": "MultiLineString",
        "coordinates": [
          [
            [
              4.8792107,
              52.3743479
            ],
            [
              4.8793083,
              52.3743692
            ]
          ]
        ]
      }
    },
    {
      "type": "Feature",
      "properties": {
        "osm_id": "1308584530",
        "code": 8103,
        "fclass": "canal",
        "width": 0,
        "name": "Bloemgracht",
        "oneway": "NO",
        "speed_kmh": 6.0
      },
      "geometry": {
        "type": "MultiLineString",
        "coordinates": [
          [
            [
              4.877125,
              52.3738754
            ],
            [
              4.8792107,
              52.3743479
            ]
          ]
        ]
      }
    },
    {
      "type": "Feature",
      "properties": {
        "osm_id": "1308584531",
        "code": 8103,
        "fclass": "canal",
        "width": 0,
        "name": "Bloemgracht",
        "oneway": "NO",
        "speed_kmh": 6.0
      },
      "geometry": {
        "type": "MultiLineString",
        "coordinates": [
          [
            [
              4.8769561,
              52.3738458
            ],
            [
              4.877125,
              52.3738754
            ]
          ]
        ]
      }
    },
    {
      "type": "Feature",
      "properties": {
        "osm_id": "1308584532",
        "code": 8103,
        "fclass": "canal",
        "width": 0,
        "name": "Bloemgracht",
        "oneway": "NO",
        "speed_kmh": 6.0
      },
      "geometry": {
        "type": "MultiLineString",
        "coordinates": [
          [
            [
              4.8769011,
              52.3738515
            ],
            [
              4.8769561,
              52.3738458
            ]
          ]
        ]
      }
    },
    {
      "type": "Feature",
      "properties": {
        "osm_id": "1308584533",
        "code": 8103,
        "fclass": "canal",
        "width": 0,
        "name": "Lijnbaansgracht",
        "oneway": "NO",
        "speed_kmh": 6.0
      },
      "geometry": {
        "type": "MultiLineString",
        "coordinates": [
          [
            [
              4.8769221,
              52.3740066
            ],
            [
              4.8769261,
              52.3739201
            ]
          ]
        ]
      }
    },
    {
      "type": "Feature",
      "properties": {
        "osm_id": "1308584534",
        "code": 8103,
        "fclass": "canal",
        "width": 0,
        "name": "Lijnbaansgracht",
        "oneway": "NO",
        "speed_kmh": 6.0
      },
      "geometry": {
        "type": "MultiLineString",
        "coordinates": [
          [
            [
              4.8769261,
              52.3739201
            ],
            [
              4.8769011,
              52.3738515
            ],
            [
              4.8768205,
              52.3737199
            ]
          ]
        ]
      }
    },
    {
      "type": "Feature",
      "properties": {
        "osm_id": "1308584535",
        "code": 8103,
        "fclass": "canal",
        "width": 0,
        "name": "Lijnbaansgracht",
        "oneway": "NO",
        "speed_kmh": 6.0
      },
      "geometry": {
        "type": "MultiLineString",
        "coordinates": [
          [
            [
              4.8782616,
              52.3762484
            ],
            [
              4.877608,
              52.3752153
            ]
          ]
        ]
      }
    },
    {
      "type": "Feature",
      "properties": {
        "osm_id": "1308584536",
        "code": 8103,
        "fclass": "canal",
        "width": 0,
        "name": "Lijnbaansgracht",
        "oneway": "NO",
        "speed_kmh": 6.0
      },
      "geometry": {
        "type": "MultiLineString",
        "coordinates": [
          [
            [
              4.8782787,
              52.3762754
            ],
            [
              4.8782616,
              52.3762484
            ]
          ]
        ]
      }
    },
    {
      "type": "Feature",
      "properties": {
        "osm_id": "1308584537",
        "code": 8103,
        "fclass": "canal",
        "width": 0,
        "name": "Lijnbaansgracht",
        "oneway": "NO",
        "speed_kmh": 6.0
      },
      "geometry": {
        "type": "MultiLineString",
        "coordinates": [
          [
            [
              4.8792499,
              52.377779
            ],
            [
              4.8791391,
              52.3776089
            ]
          ]
        ]
      }
    },
    {
      "type": "Feature",
      "properties": {
        "osm_id": "1308584538",
        "code": 8103,
        "fclass": "canal",
        "width": 0,
        "name": "Lijnbaansgracht",
        "oneway": "NO",
        "speed_kmh": 6.0
      },
      "geometry": {
        "type": "MultiLineString",
        "coordinates": [
          [
            [
              4.8791391,
              52.3776089
            ],
            [
              4.8785581,
              52.376717
            ],
            [
              4.8782787,
              52.3762754
            ]
          ]
        ]
      }
    },
    {
      "type": "Feature",
      "properties": {
        "osm_id": "1308584539",
        "code": 8103,
        "fclass": "canal",
        "width": 0,
        "name": "Lijnbaansgracht",
        "oneway": "NO",
        "speed_kmh": 6.0
      },
      "geometry": {
        "type": "MultiLineString",
        "coordinates": [
          [
            [
              4.8811777,
              52.3808473
            ],
            [
              4.881111,
              52.3807424
            ]
          ]
        ]
      }
    },
    {
      "type": "Feature",
      "properties": {
        "osm_id": "1308584540",
        "code": 8103,
        "fclass": "canal",
        "width": 0,
        "name": "Lijnbaansgracht",
        "oneway": "NO",
        "speed_kmh": 6.0
      },
      "geometry": {
        "type": "MultiLineString",
        "coordinates": [
          [
            [
              4.882986,
              52.3835826
            ],
            [
              4.8828713,
              52.3835577
            ],
            [
              4.8811777,
              52.3808473
            ]
          ]
        ]
      }
    },
    {
      "type": "Feature",
      "properties": {
        "osm_id": "1308584541",
        "code": 8103,
        "fclass": "canal",
        "width": 0,
        "name": "Egelantiersgracht",
        "oneway": "NO",
        "speed_kmh": 6.0
      },
      "geometry": {
        "type": "MultiLineString",
        "coordinates": [
          [
            [
              4.8778213,
              52.3751988
            ],
            [
              4.8805043,
              52.3757829
            ]
          ]
        ]
      }
    },
    {
      "type": "Feature",
      "properties": {
        "osm_id": "1308584542",
        "code": 8103,
        "fclass": "canal",
        "width": 0,
        "name": "Egelantiersgracht",
        "oneway": "NO",
        "speed_kmh": 6.0
      },
      "geometry": {
        "type": "MultiLineString",
        "coordinates": [
          [
            [
              4.8805043,
              52.3757829
            ],
            [
              4.8806082,
              52.3758058
            ]
          ]
        ]
      }
    },
    {
      "type": "Feature",
      "properties": {
        "osm_id": "1308584543",
        "code": 8103,
        "fclass": "canal",
        "width": 0,
        "name": "Egelantiersgracht",
        "oneway": "NO",
        "speed_kmh": 6.0
      },
      "geometry": {
        "type": "MultiLineString",
        "coordinates": [
          [
            [
              4.877608,
              52.3752153
            ],
            [
              4.8777016,
              52.3752081
            ]
          ]
        ]
      }
    },
    {
      "type": "Feature",
      "properties": {
        "osm_id": "1308584544",
        "code": 8103,
        "fclass": "canal",
        "width": 0,
        "name": "Egelantiersgracht",
        "oneway": "NO",
        "speed_kmh": 6.0
      },
      "geometry": {
        "type": "MultiLineString",
        "coordinates": [
          [
            [
              4.8823789,
              52.3761877
            ],
            [
              4.8824813,
              52.37621
            ]
          ]
        ]
      }
    },
    {
      "type": "Feature",
      "properties": {
        "osm_id": "1308584545",
        "code": 8103,
        "fclass": "canal",
        "width": 0,
        "name": "Egelantiersgracht",
        "oneway": "NO",
        "speed_kmh": 6.0
      },
      "geometry": {
        "type": "MultiLineString",
        "coordinates": [
          [
            [
              4.8824813,
              52.37621
            ],
            [
              4.8843279,
              52.3766045
            ],
            [
              4.8844632,
              52.3766101
            ]
          ]
        ]
      }
    },
    {
      "type": "Feature",
      "properties": {
        "osm_id": "1308584546",
        "code": 8103,
        "fclass": "canal",
        "width": 0,
        "name": "Egelantiersgracht",
        "oneway": "NO",
        "speed_kmh": 6.0
      },
      "geometry": {
        "type": "MultiLineString",
        "coordinates": [
          [
            [
              4.8844632,
              52.3766101
            ],
            [
              4.8846036,
              52.376562
            ]
          ]
        ]
      }
    },
    {
      "type": "Feature",
      "properties": {
        "osm_id": "1308584547",
        "code": 8103,
        "fclass": "canal",
        "width": 0,
        "name": "Egelantiersgracht",
        "oneway": "NO",
        "speed_kmh": 6.0
      },
      "geometry": {
        "type": "MultiLineString",
        "coordinates": [
          [
            [
              4.8846036,
              52.376562
            ],
            [
              4.8847629,
              52.3765112
            ]
          ]
        ]
      }
    },
    {
      "type": "Feature",
      "properties": {
        "osm_id": "1308603119",
        "code": 8103,
        "fclass": "canal",
        "width": 0,
        "name": "Singel",
        "oneway": "NO",
        "speed_kmh": 6.0
      },
      "geometry": {
        "type": "MultiLineString",
        "coordinates": [
          [
            [
              4.8945323,
              52.3791526
            ],
            [
              4.8948691,
              52.3794022
            ]
          ]
        ]
      }
    },
    {
      "type": "Feature",
      "properties": {
        "osm_id": "1308603120",
        "code": 8103,
        "fclass": "canal",
        "width": 0,
        "name": "Singel",
        "oneway": "NO",
        "speed_kmh": 6.0
      },
      "geometry": {
        "type": "MultiLineString",
        "coordinates": [
          [
            [
              4.89406,
              52.3788471
            ],
            [
              4.8945323,
              52.3791526
            ]
          ]
        ]
      }
    },
    {
      "type": "Feature",
      "properties": {
        "osm_id": "1308603121",
        "code": 8103,
        "fclass": "canal",
        "width": 0,
        "name": "Singel",
        "oneway": "NO",
        "speed_kmh": 6.0
      },
      "geometry": {
        "type": "MultiLineString",
        "coordinates": [
          [
            [
              4.8948691,
              52.3794022
            ],
            [
              4.8952173,
              52.3796482
            ]
          ]
        ]
      }
    },
    {
      "type": "Feature",
      "properties": {
        "osm_id": "1308603122",
        "code": 8103,
        "fclass": "canal",
        "width": 0,
        "name": "Open Havenfront",
        "oneway": "NO",
        "speed_kmh": 6.0
      },
      "geometry": {
        "type": "MultiLineString",
        "coordinates": [
          [
            [
              4.8958409,
              52.3796545
            ],
            [
              4.8959492,
              52.3795978
            ]
          ]
        ]
      }
    },
    {
      "type": "Feature",
      "properties": {
        "osm_id": "1308603123",
        "code": 8103,
        "fclass": "canal",
        "width": 0,
        "name": "Open Havenfront",
        "oneway": "NO",
        "speed_kmh": 6.0
      },
      "geometry": {
        "type": "MultiLineString",
        "coordinates": [
          [
            [
              4.8954305,
              52.3798326
            ],
            [
              4.8958409,
              52.3796545
            ]
          ]
        ]
      }
    },
    {
      "type": "Feature",
      "properties": {
        "osm_id": "1308603124",
        "code": 8103,
        "fclass": "canal",
        "width": 0,
        "name": "Westertoegang",
        "oneway": "NO",
        "speed_kmh": 6.0
      },
      "geometry": {
        "type": "MultiLineString",
        "coordinates": [
          [
            [
              4.8954305,
              52.3798326
            ],
            [
              4.895879,
              52.3800724
            ],
            [
              4.8965321,
              52.3807699
            ],
            [
              4.8967159,
              52.3809656
            ],
            [
              4.8971544,
              52.3814084
            ],
            [
              4.8972633,
              52.3815808
            ]
          ]
        ]
      }
    },
    {
      "type": "Feature",
      "properties": {
        "osm_id": "1308603125",
        "code": 8103,
        "fclass": "canal",
        "width": 0,
        "name": "Westertoegang",
        "oneway": "NO",
        "speed_kmh": 6.0
      },
      "geometry": {
        "type": "MultiLineString",
        "coordinates": [
          [
            [
              4.8972633,
              52.3815808
            ],
            [
              4.8990068,
              52.382833
            ]
          ]
        ]
      }
    },
    {
      "type": "Feature",
      "properties": {
        "osm_id": "1308603126",
        "code": 8103,
        "fclass": "canal",
        "width": 0,
        "name": "Westerdoksluis",
        "oneway": "NO",
        "speed_kmh": 6.0
      },
      "geometry": {
        "type": "MultiLineString",
        "coordinates": [
          [
            [
              4.8914748,
              52.3830531
            ],
            [
              4.8922232,
              52.3829366
            ]
          ]
        ]
      }
    },
    {
      "type": "Feature",
      "properties": {
        "osm_id": "1308603127",
        "code": 8103,
        "fclass": "canal",
        "width": 0,
        "name": "Westerdoksluis",
        "oneway": "NO",
        "speed_kmh": 6.0
      },
      "geometry": {
        "type": "MultiLineString",
        "coordinates": [
          [
            [
              4.893475,
              52.3831244
            ],
            [
              4.8945953,
              52.383268
            ]
          ]
        ]
      }
    },
    {
      "type": "Feature",
      "properties": {
        "osm_id": "1322597398",
        "code": 8103,
        "fclass": "canal",
        "width": 0,
        "name": "Lijnbaansgracht",
        "oneway": "NO",
        "speed_kmh": 6.0
      },
      "geometry": {
        "type": "MultiLineString",
        "coordinates": [
          [
            [
              4.8763606,
              52.3724888
            ],
            [
              4.8762501,
              52.372149
            ]
          ]
        ]
      }
    },
    {
      "type": "Feature",
      "properties": {
        "osm_id": "1322599231",
        "code": 8103,
        "fclass": "canal",
        "width": 0,
        "name": "Keizersgracht",
        "oneway": "NO",
        "speed_kmh": 6.0
      },
      "geometry": {
        "type": "MultiLineString",
        "coordinates": [
          [
            [
              4.8847035,
              52.3704008
            ],
            [
              4.8848728,
              52.372309
            ]
          ]
        ]
      }
    },
    {
      "type": "Feature",
      "properties": {
        "osm_id": "1322599232",
        "code": 8103,
        "fclass": "canal",
        "width": 0,
        "name": "Keizersgracht",
        "oneway": "NO",
        "speed_kmh": 6.0
      },
      "geometry": {
        "type": "MultiLineString",
        "coordinates": [
          [
            [
              4.8846949,
              52.370305
            ],
            [
              4.8847035,
              52.3704008
            ]
          ]
        ]
      }
    },
    {
      "type": "Feature",
      "properties": {
        "osm_id": "1322599233",
        "code": 8103,
        "fclass": "canal",
        "width": 0,
        "name": "Keizersgracht",
        "oneway": "NO",
        "speed_kmh": 6.0
      },
      "geometry": {
        "type": "MultiLineString",
        "coordinates": [
          [
            [
              4.8847788,
              52.3669612
            ],
            [
              4.8847063,
              52.3670359
            ]
          ]
        ]
      }
    },
    {
      "type": "Feature",
      "properties": {
        "osm_id": "1322599234",
        "code": 8103,
        "fclass": "canal",
        "width": 0,
        "name": "Keizersgracht",
        "oneway": "NO",
        "speed_kmh": 6.0
      },
      "geometry": {
        "type": "MultiLineString",
        "coordinates": [
          [
            [
              4.8847063,
              52.3670359
            ],
            [
              4.8845015,
              52.3672636
            ],
            [
              4.8844414,
              52.3675425
            ],
            [
              4.8845575,
              52.368808
            ]
          ]
        ]
      }
    },
    {
      "type": "Feature",
      "properties": {
        "osm_id": "1322599235",
        "code": 8103,
        "fclass": "canal",
        "width": 0,
        "name": "Leidsegracht",
        "oneway": "NO",
        "speed_kmh": 6.0
      },
      "geometry": {
        "type": "MultiLineString",
        "coordinates": [
          [
            [
              4.8850568,
              52.3669713
            ],
            [
              4.8848515,
              52.3668992
            ]
          ]
        ]
      }
    },
    {
      "type": "Feature",
      "properties": {
        "osm_id": "1322599236",
        "code": 8103,
        "fclass": "canal",
        "width": 0,
        "name": "Leidsegracht",
        "oneway": "NO",
        "speed_kmh": 6.0
      },
      "geometry": {
        "type": "MultiLineString",
        "coordinates": [
          [
            [
              4.8851685,
              52.3670105
            ],
            [
              4.8850568,
              52.3669713
            ]
          ]
        ]
      }
    },
    {
      "type": "Feature",
      "properties": {
        "osm_id": "1322599237",
        "code": 8103,
        "fclass": "canal",
        "width": 0,
        "name": "Leidsegracht",
        "oneway": "NO",
        "speed_kmh": 6.0
      },
      "geometry": {
        "type": "MultiLineString",
        "coordinates": [
          [
            [
              4.8865054,
              52.3674796
            ],
            [
              4.8851685,
              52.3670105
            ]
          ]
        ]
      }
    },
    {
      "type": "Feature",
      "properties": {
        "osm_id": "1322599238",
        "code": 8103,
        "fclass": "canal",
        "width": 0,
        "name": "Leidsegracht",
        "oneway": "NO",
        "speed_kmh": 6.0
      },
      "geometry": {
        "type": "MultiLineString",
        "coordinates": [
          [
            [
              4.8866218,
              52.3675337
            ],
            [
              4.8865054,
              52.3674796
            ]
          ]
        ]
      }
    },
    {
      "type": "Feature",
      "properties": {
        "osm_id": "1322599239",
        "code": 8103,
        "fclass": "canal",
        "width": 0,
        "name": "Leidsegracht",
        "oneway": "NO",
        "speed_kmh": 6.0
      },
      "geometry": {
        "type": "MultiLineString",
        "coordinates": [
          [
            [
              4.8867832,
              52.3676163
            ],
            [
              4.8866218,
              52.3675337
            ]
          ]
        ]
      }
    },
    {
      "type": "Feature",
      "properties": {
        "osm_id": "1322599240",
        "code": 8103,
        "fclass": "canal",
        "width": 0,
        "name": "Herengracht",
        "oneway": "NO",
        "speed_kmh": 6.0
      },
      "geometry": {
        "type": "MultiLineString",
        "coordinates": [
          [
            [
              4.8867186,
              52.368085
            ],
            [
              4.886705,
              52.3677652
            ],
            [
              4.8867832,
              52.3676163
            ]
          ]
        ]
      }
    },
    {
      "type": "Feature",
      "properties": {
        "osm_id": "1322599241",
        "code": 8103,
        "fclass": "canal",
        "width": 0,
        "name": "Herengracht",
        "oneway": "NO",
        "speed_kmh": 6.0
      },
      "geometry": {
        "type": "MultiLineString",
        "coordinates": [
          [
            [
              4.8867602,
              52.3687402
            ],
            [
              4.8867186,
              52.368085
            ]
          ]
        ]
      }
    },
    {
      "type": "Feature",
      "properties": {
        "osm_id": "1322599242",
        "code": 8103,
        "fclass": "canal",
        "width": 0,
        "name": "Herengracht",
        "oneway": "NO",
        "speed_kmh": 6.0
      },
      "geometry": {
        "type": "MultiLineString",
        "coordinates": [
          [
            [
              4.8867651,
              52.3688262
            ],
            [
              4.8867602,
              52.3687402
            ]
          ]
        ]
      }
    },
    {
      "type": "Feature",
      "properties": {
        "osm_id": "1322599243",
        "code": 8103,
        "fclass": "canal",
        "width": 0,
        "name": "Herengracht",
        "oneway": "NO",
        "speed_kmh": 6.0
      },
      "geometry": {
        "type": "MultiLineString",
        "coordinates": [
          [
            [
              4.8868987,
              52.370227
            ],
            [
              4.8867651,
              52.3688262
            ]
          ]
        ]
      }
    },
    {
      "type": "Feature",
      "properties": {
        "osm_id": "1322599244",
        "code": 8103,
        "fclass": "canal",
        "width": 0,
        "name": "Herengracht",
        "oneway": "NO",
        "speed_kmh": 6.0
      },
      "geometry": {
        "type": "MultiLineString",
        "coordinates": [
          [
            [
              4.8869088,
              52.3703117
            ],
            [
              4.8868987,
              52.370227
            ]
          ]
        ]
      }
    },
    {
      "type": "Feature",
      "properties": {
        "osm_id": "1322599245",
        "code": 8103,
        "fclass": "canal",
        "width": 0,
        "name": "Herengracht",
        "oneway": "NO",
        "speed_kmh": 6.0
      },
      "geometry": {
        "type": "MultiLineString",
        "coordinates": [
          [
            [
              4.8870862,
              52.3722263
            ],
            [
              4.8869088,
              52.3703117
            ]
          ]
        ]
      }
    },
    {
      "type": "Feature",
      "properties": {
        "osm_id": "1322599246",
        "code": 8103,
        "fclass": "canal",
        "width": 0,
        "name": "Herengracht",
        "oneway": "NO",
        "speed_kmh": 6.0
      },
      "geometry": {
        "type": "MultiLineString",
        "coordinates": [
          [
            [
              4.8870933,
              52.3723057
            ],
            [
              4.8870862,
              52.3722263
            ]
          ]
        ]
      }
    },
    {
      "type": "Feature",
      "properties": {
        "osm_id": "1322599247",
        "code": 8103,
        "fclass": "canal",
        "width": 0,
        "name": "Herengracht",
        "oneway": "NO",
        "speed_kmh": 6.0
      },
      "geometry": {
        "type": "MultiLineString",
        "coordinates": [
          [
            [
              4.8871796,
              52.3732774
            ],
            [
              4.8870933,
              52.3723057
            ]
          ]
        ]
      }
    },
    {
      "type": "Feature",
      "properties": {
        "osm_id": "1322599248",
        "code": 8103,
        "fclass": "canal",
        "width": 0,
        "name": "Herengracht",
        "oneway": "NO",
        "speed_kmh": 6.0
      },
      "geometry": {
        "type": "MultiLineString",
        "coordinates": [
          [
            [
              4.8872069,
              52.3735225
            ],
            [
              4.8871796,
              52.3732774
            ]
          ]
        ]
      }
    },
    {
      "type": "Feature",
      "properties": {
        "osm_id": "1322599249",
        "code": 8103,
        "fclass": "canal",
        "width": 0,
        "name": "Herengracht",
        "oneway": "NO",
        "speed_kmh": 6.0
      },
      "geometry": {
        "type": "MultiLineString",
        "coordinates": [
          [
            [
              4.8879718,
              52.374802
            ],
            [
              4.8879024,
              52.3747258
            ],
            [
              4.8872465,
              52.3740074
            ],
            [
              4.8872069,
              52.3735225
            ]
          ]
        ]
      }
    },
    {
      "type": "Feature",
      "properties": {
        "osm_id": "1322601093",
        "code": 8103,
        "fclass": "canal",
        "width": 0,
        "name": "Beulingsloot",
        "oneway": "NO",
        "speed_kmh": 6.0
      },
      "geometry": {
        "type": "MultiLineString",
        "coordinates": [
          [
            [
              4.8868893,
              52.3681142
            ],
            [
              4.8870497,
              52.3681595
            ]
          ]
        ]
      }
    },
    {
      "type": "Feature",
      "properties": {
        "osm_id": "1322601094",
        "code": 8103,
        "fclass": "canal",
        "width": 0,
        "name": "Beulingsloot",
        "oneway": "NO",
        "speed_kmh": 6.0
      },
      "geometry": {
        "type": "MultiLineString",
        "coordinates": [
          [
            [
              4.8870497,
              52.3681595
            ],
            [
              4.887322,
              52.3682543
            ],
            [
              4.8877111,
              52.3683853
            ]
          ]
        ]
      }
    },
    {
      "type": "Feature",
      "properties": {
        "osm_id": "1322601097",
        "code": 8103,
        "fclass": "canal",
        "width": 0,
        "name": "Singel",
        "oneway": "NO",
        "speed_kmh": 6.0
      },
      "geometry": {
        "type": "MultiLineString",
        "coordinates": [
          [
            [
              4.8878551,
              52.3687168
            ],
            [
              4.8878395,
              52.3688053
            ]
          ]
        ]
      }
    },
    {
      "type": "Feature",
      "properties": {
        "osm_id": "1322601098",
        "code": 8103,
        "fclass": "canal",
        "width": 0,
        "name": "Singel",
        "oneway": "NO",
        "speed_kmh": 6.0
      },
      "geometry": {
        "type": "MultiLineString",
        "coordinates": [
          [
            [
              4.8878395,
              52.3688053
            ],
            [
              4.8880927,
              52.3701399
            ]
          ]
        ]
      }
    },
    {
      "type": "Feature",
      "properties": {
        "osm_id": "1322601099",
        "code": 8103,
        "fclass": "canal",
        "width": 0,
        "name": "Singel",
        "oneway": "NO",
        "speed_kmh": 6.0
      },
      "geometry": {
        "type": "MultiLineString",
        "coordinates": [
          [
            [
              4.8880927,
              52.3701399
            ],
            [
              4.8881121,
              52.3702421
            ]
          ]
        ]
      }
    },
    {
      "type": "Feature",
      "properties": {
        "osm_id": "1322601100",
        "code": 8103,
        "fclass": "canal",
        "width": 0,
        "name": "Singel",
        "oneway": "NO",
        "speed_kmh": 6.0
      },
      "geometry": {
        "type": "MultiLineString",
        "coordinates": [
          [
            [
              4.8881121,
              52.3702421
            ],
            [
              4.8884786,
              52.3721334
            ]
          ]
        ]
      }
    },
    {
      "type": "Feature",
      "properties": {
        "osm_id": "1322601101",
        "code": 8103,
        "fclass": "canal",
        "width": 0,
        "name": "Singel",
        "oneway": "NO",
        "speed_kmh": 6.0
      },
      "geometry": {
        "type": "MultiLineString",
        "coordinates": [
          [
            [
              4.8884786,
              52.3721334
            ],
            [
              4.8884978,
              52.3722496
            ]
          ]
        ]
      }
    },
    {
      "type": "Feature",
      "properties": {
        "osm_id": "1322601102",
        "code": 8103,
        "fclass": "canal",
        "width": 0,
        "name": "Singel",
        "oneway": "NO",
        "speed_kmh": 6.0
      },
      "geometry": {
        "type": "MultiLineString",
        "coordinates": [
          [
            [
              4.8888796,
              52.3733811
            ],
            [
              4.8893133,
              52.3744522
            ]
          ]
        ]
      }
    },
    {
      "type": "Feature",
      "properties": {
        "osm_id": "1322601103",
        "code": 8103,
        "fclass": "canal",
        "width": 0,
        "name": "Singel",
        "oneway": "NO",
        "speed_kmh": 6.0
      },
      "geometry": {
        "type": "MultiLineString",
        "coordinates": [
          [
            [
              4.888817,
              52.3731379
            ],
            [
              4.8888796,
              52.3733811
            ]
          ]
        ]
      }
    },
    {
      "type": "Feature",
      "properties": {
        "osm_id": "1322607376",
        "code": 8103,
        "fclass": "canal",
        "width": 0,
        "name": "Looiersgracht",
        "oneway": "NO",
        "speed_kmh": 6.0
      },
      "geometry": {
        "type": "MultiLineString",
        "coordinates": [
          [
            [
              4.8814136,
              52.3685054
            ],
            [
              4.8822389,
              52.3687666
            ]
          ]
        ]
      }
    },
    {
      "type": "Feature",
      "properties": {
        "osm_id": "1322607377",
        "code": 8103,
        "fclass": "canal",
        "width": 0,
        "name": "Looiersgracht",
        "oneway": "NO",
        "speed_kmh": 6.0
      },
      "geometry": {
        "type": "MultiLineString",
        "coordinates": [
          [
            [
              4.882408,
              52.3687609
            ],
            [
              4.8825886,
              52.368758
            ]
          ]
        ]
      }
    },
    {
      "type": "Feature",
      "properties": {
        "osm_id": "1322607378",
        "code": 8103,
        "fclass": "canal",
        "width": 0,
        "name": "Looiersgracht",
        "oneway": "NO",
        "speed_kmh": 6.0
      },
      "geometry": {
        "type": "MultiLineString",
        "coordinates": [
          [
            [
              4.8813637,
              52.3684891
            ],
            [
              4.8814136,
              52.3685054
            ]
          ]
        ]
      }
    },
    {
      "type": "Feature",
      "properties": {
        "osm_id": "1322607379",
        "code": 8103,
        "fclass": "canal",
        "width": 0,
        "name": "Looiersgracht",
        "oneway": "NO",
        "speed_kmh": 6.0
      },
      "geometry": {
        "type": "MultiLineString",
        "coordinates": [
          [
            [
              4.8792741,
              52.3678055
            ],
            [
              4.8813637,
              52.3684891
            ]
          ]
        ]
      }
    },
    {
      "type": "Feature",
      "properties": {
        "osm_id": "1322607380",
        "code": 8103,
        "fclass": "canal",
        "width": 0,
        "name": "Looiersgracht",
        "oneway": "NO",
        "speed_kmh": 6.0
      },
      "geometry": {
        "type": "MultiLineString",
        "coordinates": [
          [
            [
              4.879171,
              52.3677773
            ],
            [
              4.8792741,
              52.3678055
            ]
          ]
        ]
      }
    },
    {
      "type": "Feature",
      "properties": {
        "osm_id": "1322607381",
        "code": 8103,
        "fclass": "canal",
        "width": 0,
        "name": "Looiersgracht",
        "oneway": "NO",
        "speed_kmh": 6.0
      },
      "geometry": {
        "type": "MultiLineString",
        "coordinates": [
          [
            [
              4.8790684,
              52.3677483
            ],
            [
              4.879171,
              52.3677773
            ]
          ]
        ]
      }
    },
    {
      "type": "Feature",
      "properties": {
        "osm_id": "1322607382",
        "code": 8103,
        "fclass": "canal",
        "width": 0,
        "name": "Lijnbaansgracht",
        "oneway": "NO",
        "speed_kmh": 6.0
      },
      "geometry": {
        "type": "MultiLineString",
        "coordinates": [
          [
            [
              4.8790684,
              52.3677483
            ],
            [
              4.879807,
              52.3667035
            ]
          ]
        ]
      }
    },
    {
      "type": "Feature",
      "properties": {
        "osm_id": "1322607383",
        "code": 8103,
        "fclass": "canal",
        "width": 0,
        "name": "Lijnbaansgracht",
        "oneway": "NO",
        "speed_kmh": 6.0
      },
      "geometry": {
        "type": "MultiLineString",
        "coordinates": [
          [
            [
              4.8782459,
              52.3689158
            ],
            [
              4.8783398,
              52.3687735
            ]
          ]
        ]
      }
    },
    {
      "type": "Feature",
      "properties": {
        "osm_id": "1322607384",
        "code": 8103,
        "fclass": "canal",
        "width": 0,
        "name": "Lijnbaansgracht",
        "oneway": "NO",
        "speed_kmh": 6.0
      },
      "geometry": {
        "type": "MultiLineString",
        "coordinates": [
          [
            [
              4.8771753,
              52.3704571
            ],
            [
              4.8782459,
              52.3689158
            ]
          ]
        ]
      }
    },
    {
      "type": "Feature",
      "properties": {
        "osm_id": "1322607385",
        "code": 8103,
        "fclass": "canal",
        "width": 0,
        "name": "Lijnbaansgracht",
        "oneway": "NO",
        "speed_kmh": 6.0
      },
      "geometry": {
        "type": "MultiLineString",
        "coordinates": [
          [
            [
              4.8783398,
              52.3687735
            ],
            [
              4.8790684,
              52.3677483
            ]
          ]
        ]
      }
    },
    {
      "type": "Feature",
      "properties": {
        "osm_id": "1322607386",
        "code": 8103,
        "fclass": "canal",
        "width": 0,
        "name": "Singelgracht",
        "oneway": "NO",
        "speed_kmh": 6.0
      },
      "geometry": {
        "type": "MultiLineString",
        "coordinates": [
          [
            [
              4.8768798,
              52.3683727
            ],
            [
              4.8766878,
              52.368657
            ]
          ]
        ]
      }
    },
    {
      "type": "Feature",
      "properties": {
        "osm_id": "1322607387",
        "code": 8103,
        "fclass": "canal",
        "width": 0,
        "name": "Singelgracht",
        "oneway": "NO",
        "speed_kmh": 6.0
      },
      "geometry": {
        "type": "MultiLineString",
        "coordinates": [
          [
            [
              4.8766878,
              52.368657
            ],
            [
              4.8759655,
              52.3695203
            ],
            [
              4.8754406,
              52.3699956
            ],
            [
              4.8749197,
              52.3709542
            ],
            [
              4.8745728,
              52.3717644
            ]
          ]
        ]
      }
    },
    {
      "type": "Feature",
      "properties": {
        "osm_id": "1322607389",
        "code": 8103,
        "fclass": "canal",
        "width": 0,
        "name": "Doorvaart P-Q",
        "oneway": "NO",
        "speed_kmh": 6.0
      },
      "geometry": {
        "type": "MultiLineString",
        "coordinates": [
          [
            [
              4.8770461,
              52.3704235
            ],
            [
              4.8771753,
              52.3704571
            ]
          ]
        ]
      }
    },
    {
      "type": "Feature",
      "properties": {
        "osm_id": "1322607390",
        "code": 8103,
        "fclass": "canal",
        "width": 0,
        "name": "Doorvaart P-Q",
        "oneway": "NO",
        "speed_kmh": 6.0
      },
      "geometry": {
        "type": "MultiLineString",
        "coordinates": [
          [
            [
              4.8754406,
              52.3699956
            ],
            [
              4.8767489,
              52.3703464
            ]
          ]
        ]
      }
    },
    {
      "type": "Feature",
      "properties": {
        "osm_id": "1322607391",
        "code": 8103,
        "fclass": "canal",
        "width": 0,
        "name": "Lauriergracht",
        "oneway": "NO",
        "speed_kmh": 6.0
      },
      "geometry": {
        "type": "MultiLineString",
        "coordinates": [
          [
            [
              4.8772972,
              52.3704899
            ],
            [
              4.8774203,
              52.370523
            ]
          ]
        ]
      }
    },
    {
      "type": "Feature",
      "properties": {
        "osm_id": "1322607392",
        "code": 8103,
        "fclass": "canal",
        "width": 0,
        "name": "Lauriergracht",
        "oneway": "NO",
        "speed_kmh": 6.0
      },
      "geometry": {
        "type": "MultiLineString",
        "coordinates": [
          [
            [
              4.8774203,
              52.370523
            ],
            [
              4.879554,
              52.3710789
            ]
          ]
        ]
      }
    },
    {
      "type": "Feature",
      "properties": {
        "osm_id": "1322607393",
        "code": 8103,
        "fclass": "canal",
        "width": 0,
        "name": "Lauriergracht",
        "oneway": "NO",
        "speed_kmh": 6.0
      },
      "geometry": {
        "type": "MultiLineString",
        "coordinates": [
          [
            [
              4.879554,
              52.3710789
            ],
            [
              4.8796644,
              52.3711077
            ]
          ]
        ]
      }
    },
    {
      "type": "Feature",
      "properties": {
        "osm_id": "1322607394",
        "code": 8103,
        "fclass": "canal",
        "width": 0,
        "name": "Lauriergracht",
        "oneway": "NO",
        "speed_kmh": 6.0
      },
      "geometry": {
        "type": "MultiLineString",
        "coordinates": [
          [
            [
              4.8796644,
              52.3711077
            ],
            [
              4.8825281,
              52.3718537
            ]
          ]
        ]
      }
    },
    {
      "type": "Feature",
      "properties": {
        "osm_id": "1322607395",
        "code": 8103,
        "fclass": "canal",
        "width": 0,
        "name": "Lauriergracht",
        "oneway": "NO",
        "speed_kmh": 6.0
      },
      "geometry": {
        "type": "MultiLineString",
        "coordinates": [
          [
            [
              4.8825281,
              52.3718537
            ],
            [
              4.8826049,
              52.371851
            ],
            [
              4.8826983,
              52.3718503
            ]
          ]
        ]
      }
    },
    {
      "type": "Feature",
      "properties": {
        "osm_id": "1322607396",
        "code": 8103,
        "fclass": "canal",
        "width": 0,
        "name": "Lauriergracht",
        "oneway": "NO",
        "speed_kmh": 6.0
      },
      "geometry": {
        "type": "MultiLineString",
        "coordinates": [
          [
            [
              4.8826983,
              52.3718503
            ],
            [
              4.8828245,
              52.3718494
            ]
          ]
        ]
      }
    },
    {
      "type": "Feature",
      "properties": {
        "osm_id": "1322626474",
        "code": 8103,
        "fclass": "canal",
        "width": 0,
        "name": "Reguliersgracht",
        "oneway": "NO",
        "speed_kmh": 6.0
      },
      "geometry": {
        "type": "MultiLineString",
        "coordinates": [
          [
            [
              4.8962113,
              52.3598794
            ],
            [
              4.8961428,
              52.3597257
            ]
          ]
        ]
      }
    },
    {
      "type": "Feature",
      "properties": {
        "osm_id": "1322626475",
        "code": 8103,
        "fclass": "canal",
        "width": 0,
        "name": "Reguliersgracht",
        "oneway": "NO",
        "speed_kmh": 6.0
      },
      "geometry": {
        "type": "MultiLineString",
        "coordinates": [
          [
            [
              4.8960963,
              52.361493
            ],
            [
              4.8961035,
              52.3613968
            ]
          ]
        ]
      }
    },
    {
      "type": "Feature",
      "properties": {
        "osm_id": "1322626476",
        "code": 8103,
        "fclass": "canal",
        "width": 0,
        "name": "Reguliersgracht",
        "oneway": "NO",
        "speed_kmh": 6.0
      },
      "geometry": {
        "type": "MultiLineString",
        "coordinates": [
          [
            [
              4.8960873,
              52.3616117
            ],
            [
              4.8960963,
              52.361493
            ]
          ]
        ]
      }
    },
    {
      "type": "Feature",
      "properties": {
        "osm_id": "1322626477",
        "code": 8103,
        "fclass": "canal",
        "width": 0,
        "name": "Reguliersgracht",
        "oneway": "NO",
        "speed_kmh": 6.0
      },
      "geometry": {
        "type": "MultiLineString",
        "coordinates": [
          [
            [
              4.8960804,
              52.3617303
            ],
            [
              4.8960873,
              52.3616117
            ]
          ]
        ]
      }
    },
    {
      "type": "Feature",
      "properties": {
        "osm_id": "1322626478",
        "code": 8103,
        "fclass": "canal",
        "width": 0,
        "name": "Singelgracht",
        "oneway": "NO",
        "speed_kmh": 6.0
      },
      "geometry": {
        "type": "MultiLineString",
        "coordinates": [
          [
            [
              4.8814208,
              52.3631327
            ],
            [
              4.8812796,
              52.3632416
            ],
            [
              4.8810919,
              52.3633596
            ]
          ]
        ]
      }
    },
    {
      "type": "Feature",
      "properties": {
        "osm_id": "1322626479",
        "code": 8103,
        "fclass": "canal",
        "width": 0,
        "name": "Singelgracht",
        "oneway": "NO",
        "speed_kmh": 6.0
      },
      "geometry": {
        "type": "MultiLineString",
        "coordinates": [
          [
            [
              4.8808253,
              52.3635272
            ],
            [
              4.8806027,
              52.3636894
            ],
            [
              4.8796652,
              52.3639891
            ]
          ]
        ]
      }
    },
    {
      "type": "Feature",
      "properties": {
        "osm_id": "1322626480",
        "code": 8103,
        "fclass": "canal",
        "width": 0,
        "name": "Singelgracht",
        "oneway": "NO",
        "speed_kmh": 6.0
      },
      "geometry": {
        "type": "MultiLineString",
        "coordinates": [
          [
            [
              4.8822812,
              52.3620269
            ],
            [
              4.8821914,
              52.3620528
            ],
            [
              4.8821271,
              52.3620702
            ]
          ]
        ]
      }
    },
    {
      "type": "Feature",
      "properties": {
        "osm_id": "1322626481",
        "code": 8103,
        "fclass": "canal",
        "width": 0,
        "name": "Singelgracht",
        "oneway": "NO",
        "speed_kmh": 6.0
      },
      "geometry": {
        "type": "MultiLineString",
        "coordinates": [
          [
            [
              4.8861913,
              52.3608357
            ],
            [
              4.8843827,
              52.3617434
            ],
            [
              4.8840871,
              52.3618349
            ],
            [
              4.8836921,
              52.361886
            ],
            [
              4.8830164,
              52.3619157
            ],
            [
              4.8826124,
              52.3619513
            ],
            [
              4.8822812,
              52.3620269
            ]
          ]
        ]
      }
    },
    {
      "type": "Feature",
      "properties": {
        "osm_id": "1322626482",
        "code": 8103,
        "fclass": "canal",
        "width": 0,
        "name": "Lijnbaansgracht",
        "oneway": "NO",
        "speed_kmh": 6.0
      },
      "geometry": {
        "type": "MultiLineString",
        "coordinates": [
          [
            [
              4.886912,
              52.3615679
            ],
            [
              4.8868362,
              52.3616354
            ]
          ]
        ]
      }
    },
    {
      "type": "Feature",
      "properties": {
        "osm_id": "1322626483",
        "code": 8103,
        "fclass": "canal",
        "width": 0,
        "name": "Lijnbaansgracht",
        "oneway": "NO",
        "speed_kmh": 6.0
      },
      "geometry": {
        "type": "MultiLineString",
        "coordinates": [
          [
            [
              4.8870522,
              52.3615005
            ],
            [
              4.886912,
              52.3615679
            ]
          ]
        ]
      }
    },
    {
      "type": "Feature",
      "properties": {
        "osm_id": "1322626484",
        "code": 8103,
        "fclass": "canal",
        "width": 0,
        "name": "Spiegelgracht",
        "oneway": "NO",
        "speed_kmh": 6.0
      },
      "geometry": {
        "type": "MultiLineString",
        "coordinates": [
          [
            [
              4.8869936,
              52.3617894
            ],
            [
              4.8869264,
              52.3617198
            ]
          ]
        ]
      }
    },
    {
      "type": "Feature",
      "properties": {
        "osm_id": "1322626485",
        "code": 8103,
        "fclass": "canal",
        "width": 0,
        "name": "Spiegelgracht",
        "oneway": "NO",
        "speed_kmh": 6.0
      },
      "geometry": {
        "type": "MultiLineString",
        "coordinates": [
          [
            [
              4.8869264,
              52.3617198
            ],
            [
              4.8868362,
              52.3616354
            ]
          ]
        ]
      }
    },
    {
      "type": "Feature",
      "properties": {
        "osm_id": "1322626486",
        "code": 8103,
        "fclass": "canal",
        "width": 0,
        "name": "Spiegelgracht",
        "oneway": "NO",
        "speed_kmh": 6.0
      },
      "geometry": {
        "type": "MultiLineString",
        "coordinates": [
          [
            [
              4.8877977,
              52.3626659
            ],
            [
              4.8876965,
              52.3625661
            ]
          ]
        ]
      }
    },
    {
      "type": "Feature",
      "properties": {
        "osm_id": "1322626487",
        "code": 8103,
        "fclass": "canal",
        "width": 0,
        "name": "Spiegelgracht",
        "oneway": "NO",
        "speed_kmh": 6.0
      },
      "geometry": {
        "type": "MultiLineString",
        "coordinates": [
          [
            [
              4.8878863,
              52.3627347
            ],
            [
              4.8877977,
              52.3626659
            ]
          ]
        ]
      }
    },
    {
      "type": "Feature",
      "properties": {
        "osm_id": "1322626488",
        "code": 8103,
        "fclass": "canal",
        "width": 0,
        "name": "Prinsengracht",
        "oneway": "Yes",
        "speed_kmh": 6.0
      },
      "geometry": {
        "type": "MultiLineString",
        "coordinates": [
          [
            [
              4.8960873,
              52.3616117
            ],
            [
              4.8962707,
              52.3616225
            ],
            [
              4.8963708,
              52.3616289
            ]
          ]
        ]
      }
    },
    {
      "type": "Feature",
      "properties": {
        "osm_id": "1322626489",
        "code": 8103,
        "fclass": "canal",
        "width": 0,
        "name": "Prinsengracht",
        "oneway": "Yes",
        "speed_kmh": 6.0
      },
      "geometry": {
        "type": "MultiLineString",
        "coordinates": [
          [
            [
              4.8919751,
              52.362139
            ],
            [
              4.8957733,
              52.3616096
            ],
            [
              4.8960873,
              52.3616117
            ]
          ]
        ]
      }
    },
    {
      "type": "Feature",
      "properties": {
        "osm_id": "1322626490",
        "code": 8103,
        "fclass": "canal",
        "width": 0,
        "name": "Prinsengracht",
        "oneway": "Yes",
        "speed_kmh": 6.0
      },
      "geometry": {
        "type": "MultiLineString",
        "coordinates": [
          [
            [
              4.888096,
              52.3626654
            ],
            [
              4.8915402,
              52.3622006
            ]
          ]
        ]
      }
    },
    {
      "type": "Feature",
      "properties": {
        "osm_id": "1322626491",
        "code": 8103,
        "fclass": "canal",
        "width": 0,
        "name": "Prinsengracht",
        "oneway": "Yes",
        "speed_kmh": 6.0
      },
      "geometry": {
        "type": "MultiLineString",
        "coordinates": [
          [
            [
              4.8915402,
              52.3622006
            ],
            [
              4.8917129,
              52.3621772
            ],
            [
              4.8919751,
              52.362139
            ]
          ]
        ]
      }
    },
    {
      "type": "Feature",
      "properties": {
        "osm_id": "1322626492",
        "code": 8103,
        "fclass": "canal",
        "width": 0,
        "name": "Prinsengracht",
        "oneway": "Yes",
        "speed_kmh": 6.0
      },
      "geometry": {
        "type": "MultiLineString",
        "coordinates": [
          [
            [
              4.8878863,
              52.3627347
            ],
            [
              4.888096,
              52.3626654
            ]
          ]
        ]
      }
    },
    {
      "type": "Feature",
      "properties": {
        "osm_id": "1322626493",
        "code": 8103,
        "fclass": "canal",
        "width": 0,
        "name": "Prinsengracht",
        "oneway": "Yes",
        "speed_kmh": 6.0
      },
      "geometry": {
        "type": "MultiLineString",
        "coordinates": [
          [
            [
              4.8843386,
              52.3651257
            ],
            [
              4.884471,
              52.365036
            ],
            [
              4.8846084,
              52.3649434
            ]
          ]
        ]
      }
    },
    {
      "type": "Feature",
      "properties": {
        "osm_id": "1322626494",
        "code": 8103,
        "fclass": "canal",
        "width": 0,
        "name": "Leidsegracht",
        "oneway": "NO",
        "speed_kmh": 6.0
      },
      "geometry": {
        "type": "MultiLineString",
        "coordinates": [
          [
            [
              4.8807118,
              52.3654208
            ],
            [
              4.8803093,
              52.3652781
            ]
          ]
        ]
      }
    },
    {
      "type": "Feature",
      "properties": {
        "osm_id": "1322626495",
        "code": 8103,
        "fclass": "canal",
        "width": 0,
        "name": "Leidsegracht",
        "oneway": "NO",
        "speed_kmh": 6.0
      },
      "geometry": {
        "type": "MultiLineString",
        "coordinates": [
          [
            [
              4.8824783,
              52.366062
            ],
            [
              4.8809734,
              52.3655128
            ]
          ]
        ]
      }
    },
    {
      "type": "Feature",
      "properties": {
        "osm_id": "1322626496",
        "code": 8103,
        "fclass": "canal",
        "width": 0,
        "name": "Leidsegracht",
        "oneway": "NO",
        "speed_kmh": 6.0
      },
      "geometry": {
        "type": "MultiLineString",
        "coordinates": [
          [
            [
              4.8803093,
              52.3652781
            ],
            [
              4.8800797,
              52.3652018
            ]
          ]
        ]
      }
    },
    {
      "type": "Feature",
      "properties": {
        "osm_id": "1322626497",
        "code": 8103,
        "fclass": "canal",
        "width": 0,
        "name": "Leidsegracht",
        "oneway": "NO",
        "speed_kmh": 6.0
      },
      "geometry": {
        "type": "MultiLineString",
        "coordinates": [
          [
            [
              4.8800797,
              52.3652018
            ],
            [
              4.8796627,
              52.3650726
            ],
            [
              4.8792688,
              52.3649914
            ]
          ]
        ]
      }
    },
    {
      "type": "Feature",
      "properties": {
        "osm_id": "1322626498",
        "code": 8103,
        "fclass": "canal",
        "width": 0,
        "name": "Passeerdersgracht",
        "oneway": "NO",
        "speed_kmh": 6.0
      },
      "geometry": {
        "type": "MultiLineString",
        "coordinates": [
          [
            [
              4.8823098,
              52.3674395
            ],
            [
              4.8824711,
              52.3674356
            ]
          ]
        ]
      }
    },
    {
      "type": "Feature",
      "properties": {
        "osm_id": "1322626499",
        "code": 8103,
        "fclass": "canal",
        "width": 0,
        "name": "Passeerdersgracht",
        "oneway": "NO",
        "speed_kmh": 6.0
      },
      "geometry": {
        "type": "MultiLineString",
        "coordinates": [
          [
            [
              4.8800852,
              52.3667177
            ],
            [
              4.8821313,
              52.3673874
            ]
          ]
        ]
      }
    },
    {
      "type": "Feature",
      "properties": {
        "osm_id": "1322626500",
        "code": 8103,
        "fclass": "canal",
        "width": 0,
        "name": "Passeerdersgracht",
        "oneway": "NO",
        "speed_kmh": 6.0
      },
      "geometry": {
        "type": "MultiLineString",
        "coordinates": [
          [
            [
              4.879947,
              52.3666787
            ],
            [
              4.8800852,
              52.3667177
            ]
          ]
        ]
      }
    },
    {
      "type": "Feature",
      "properties": {
        "osm_id": "1322626501",
        "code": 8103,
        "fclass": "canal",
        "width": 0,
        "name": "Passeerdersgracht",
        "oneway": "NO",
        "speed_kmh": 6.0
      },
      "geometry": {
        "type": "MultiLineString",
        "coordinates": [
          [
            [
              4.879807,
              52.3667035
            ],
            [
              4.879947,
              52.3666787
            ]
          ]
        ]
      }
    },
    {
      "type": "Feature",
      "properties": {
        "osm_id": "1322626502",
        "code": 8103,
        "fclass": "canal",
        "width": 0,
        "name": "Leidsegracht",
        "oneway": "NO",
        "speed_kmh": 6.0
      },
      "geometry": {
        "type": "MultiLineString",
        "coordinates": [
          [
            [
              4.8825994,
              52.3661061
            ],
            [
              4.8824783,
              52.366062
            ]
          ]
        ]
      }
    },
    {
      "type": "Feature",
      "properties": {
        "osm_id": "1322626503",
        "code": 8103,
        "fclass": "canal",
        "width": 0,
        "name": "Leidsegracht",
        "oneway": "NO",
        "speed_kmh": 6.0
      },
      "geometry": {
        "type": "MultiLineString",
        "coordinates": [
          [
            [
              4.8827893,
              52.3661752
            ],
            [
              4.8825994,
              52.3661061
            ]
          ]
        ]
      }
    },
    {
      "type": "Feature",
      "properties": {
        "osm_id": "1322626504",
        "code": 8103,
        "fclass": "canal",
        "width": 0,
        "name": "Prinsengracht",
        "oneway": "Yes",
        "speed_kmh": 6.0
      },
      "geometry": {
        "type": "MultiLineString",
        "coordinates": [
          [
            [
              4.8824711,
              52.3674356
            ],
            [
              4.8824136,
              52.3667272
            ],
            [
              4.882645,
              52.366411
            ],
            [
              4.882631,
              52.3663412
            ]
          ]
        ]
      }
    },
    {
      "type": "Feature",
      "properties": {
        "osm_id": "1322626505",
        "code": 8103,
        "fclass": "canal",
        "width": 0,
        "name": "Prinsengracht",
        "oneway": "Yes",
        "speed_kmh": 6.0
      },
      "geometry": {
        "type": "MultiLineString",
        "coordinates": [
          [
            [
              4.882631,
              52.3663412
            ],
            [
              4.8826605,
              52.3662725
            ],
            [
              4.8826945,
              52.3662179
            ]
          ]
        ]
      }
    },
    {
      "type": "Feature",
      "properties": {
        "osm_id": "1322626506",
        "code": 8103,
        "fclass": "canal",
        "width": 0,
        "name": "Prinsengracht",
        "oneway": "Yes",
        "speed_kmh": 6.0
      },
      "geometry": {
        "type": "MultiLineString",
        "coordinates": [
          [
            [
              4.8826945,
              52.3662179
            ],
            [
              4.8827893,
              52.3661752
            ]
          ]
        ]
      }
    },
    {
      "type": "Feature",
      "properties": {
        "osm_id": "1322626507",
        "code": 8103,
        "fclass": "canal",
        "width": 0,
        "name": "Leidsegracht",
        "oneway": "NO",
        "speed_kmh": 6.0
      },
      "geometry": {
        "type": "MultiLineString",
        "coordinates": [
          [
            [
              4.882949,
              52.3662334
            ],
            [
              4.8827893,
              52.3661752
            ]
          ]
        ]
      }
    },
    {
      "type": "Feature",
      "properties": {
        "osm_id": "1322626508",
        "code": 8103,
        "fclass": "canal",
        "width": 0,
        "name": "Keizersgracht",
        "oneway": "NO",
        "speed_kmh": 6.0
      },
      "geometry": {
        "type": "MultiLineString",
        "coordinates": [
          [
            [
              4.8845575,
              52.368808
            ],
            [
              4.8845661,
              52.3689009
            ]
          ]
        ]
      }
    },
    {
      "type": "Feature",
      "properties": {
        "osm_id": "1322626509",
        "code": 8103,
        "fclass": "canal",
        "width": 0,
        "name": "Keizersgracht",
        "oneway": "NO",
        "speed_kmh": 6.0
      },
      "geometry": {
        "type": "MultiLineString",
        "coordinates": [
          [
            [
              4.8845661,
              52.3689009
            ],
            [
              4.8846949,
              52.370305
            ]
          ]
        ]
      }
    },
    {
      "type": "Feature",
      "properties": {
        "osm_id": "1322626510",
        "code": 8103,
        "fclass": "canal",
        "width": 0,
        "name": "Leidsegracht",
        "oneway": "NO",
        "speed_kmh": 6.0
      },
      "geometry": {
        "type": "MultiLineString",
        "coordinates": [
          [
            [
              4.883075,
              52.3662769
            ],
            [
              4.882949,
              52.3662334
            ]
          ]
        ]
      }
    },
    {
      "type": "Feature",
      "properties": {
        "osm_id": "1322626511",
        "code": 8103,
        "fclass": "canal",
        "width": 0,
        "name": "Leidsegracht",
        "oneway": "NO",
        "speed_kmh": 6.0
      },
      "geometry": {
        "type": "MultiLineString",
        "coordinates": [
          [
            [
              4.8844424,
              52.3667495
            ],
            [
              4.883075,
              52.3662769
            ]
          ]
        ]
      }
    },
    {
      "type": "Feature",
      "properties": {
        "osm_id": "1322626512",
        "code": 8103,
        "fclass": "canal",
        "width": 0,
        "name": "Leidsegracht",
        "oneway": "NO",
        "speed_kmh": 6.0
      },
      "geometry": {
        "type": "MultiLineString",
        "coordinates": [
          [
            [
              4.8846384,
              52.3668158
            ],
            [
              4.8844424,
              52.3667495
            ]
          ]
        ]
      }
    },
    {
      "type": "Feature",
      "properties": {
        "osm_id": "1322626513",
        "code": 8103,
        "fclass": "canal",
        "width": 0,
        "name": "Leidsegracht",
        "oneway": "NO",
        "speed_kmh": 6.0
      },
      "geometry": {
        "type": "MultiLineString",
        "coordinates": [
          [
            [
              4.8848515,
              52.3668992
            ],
            [
              4.8846384,
              52.3668158
            ]
          ]
        ]
      }
    },
    {
      "type": "Feature",
      "properties": {
        "osm_id": "1322626514",
        "code": 8103,
        "fclass": "canal",
        "width": 0,
        "name": "Keizersgracht",
        "oneway": "NO",
        "speed_kmh": 6.0
      },
      "geometry": {
        "type": "MultiLineString",
        "coordinates": [
          [
            [
              4.8865795,
              52.3658854
            ],
            [
              4.8863022,
              52.3660427
            ]
          ]
        ]
      }
    },
    {
      "type": "Feature",
      "properties": {
        "osm_id": "1322626515",
        "code": 8103,
        "fclass": "canal",
        "width": 0,
        "name": "Keizersgracht",
        "oneway": "NO",
        "speed_kmh": 6.0
      },
      "geometry": {
        "type": "MultiLineString",
        "coordinates": [
          [
            [
              4.8893443,
              52.3642951
            ],
            [
              4.8865795,
              52.3658854
            ]
          ]
        ]
      }
    },
    {
      "type": "Feature",
      "properties": {
        "osm_id": "1322626516",
        "code": 8103,
        "fclass": "canal",
        "width": 0,
        "name": "Keizersgracht",
        "oneway": "NO",
        "speed_kmh": 6.0
      },
      "geometry": {
        "type": "MultiLineString",
        "coordinates": [
          [
            [
              4.8895222,
              52.3642325
            ],
            [
              4.8893443,
              52.3642951
            ]
          ]
        ]
      }
    },
    {
      "type": "Feature",
      "properties": {
        "osm_id": "1322626517",
        "code": 8103,
        "fclass": "canal",
        "width": 0,
        "name": "Keizersgracht",
        "oneway": "NO",
        "speed_kmh": 6.0
      },
      "geometry": {
        "type": "MultiLineString",
        "coordinates": [
          [
            [
              4.8921221,
              52.3638773
            ],
            [
              4.8895222,
              52.3642325
            ]
          ]
        ]
      }
    },
    {
      "type": "Feature",
      "properties": {
        "osm_id": "1322626518",
        "code": 8103,
        "fclass": "canal",
        "width": 0,
        "name": "Keizersgracht",
        "oneway": "NO",
        "speed_kmh": 6.0
      },
      "geometry": {
        "type": "MultiLineString",
        "coordinates": [
          [
            [
              4.8925892,
              52.3638115
            ],
            [
              4.8921221,
              52.3638773
            ]
          ]
        ]
      }
    },
    {
      "type": "Feature",
      "properties": {
        "osm_id": "1322626519",
        "code": 8103,
        "fclass": "canal",
        "width": 0,
        "name": "Keizersgracht",
        "oneway": "NO",
        "speed_kmh": 6.0
      },
      "geometry": {
        "type": "MultiLineString",
        "coordinates": [
          [
            [
              4.8959674,
              52.3633791
            ],
            [
              4.8925892,
              52.3638115
            ]
          ]
        ]
      }
    },
    {
      "type": "Feature",
      "properties": {
        "osm_id": "1322626520",
        "code": 8103,
        "fclass": "canal",
        "width": 0,
        "name": "Reguliersgracht",
        "oneway": "NO",
        "speed_kmh": 6.0
      },
      "geometry": {
        "type": "MultiLineString",
        "coordinates": [
          [
            [
              4.8960754,
              52.361818
            ],
            [
              4.8960804,
              52.3617303
            ]
          ]
        ]
      }
    },
    {
      "type": "Feature",
      "properties": {
        "osm_id": "1322626521",
        "code": 8103,
        "fclass": "canal",
        "width": 0,
        "name": "Reguliersgracht",
        "oneway": "NO",
        "speed_kmh": 6.0
      },
      "geometry": {
        "type": "MultiLineString",
        "coordinates": [
          [
            [
              4.8960431,
              52.3623758
            ],
            [
              4.8960754,
              52.361818
            ]
          ]
        ]
      }
    },
    {
      "type": "Feature",
      "properties": {
        "osm_id": "1322626522",
        "code": 8103,
        "fclass": "canal",
        "width": 0,
        "name": "Reguliersgracht",
        "oneway": "NO",
        "speed_kmh": 6.0
      },
      "geometry": {
        "type": "MultiLineString",
        "coordinates": [
          [
            [
              4.8960371,
              52.3624658
            ],
            [
              4.8960431,
              52.3623758
            ]
          ]
        ]
      }
    },
    {
      "type": "Feature",
      "properties": {
        "osm_id": "1322626523",
        "code": 8103,
        "fclass": "canal",
        "width": 0,
        "name": "Reguliersgracht",
        "oneway": "NO",
        "speed_kmh": 6.0
      },
      "geometry": {
        "type": "MultiLineString",
        "coordinates": [
          [
            [
              4.8959826,
              52.3631554
            ],
            [
              4.8960371,
              52.3624658
            ]
          ]
        ]
      }
    },
    {
      "type": "Feature",
      "properties": {
        "osm_id": "1322626524",
        "code": 8103,
        "fclass": "canal",
        "width": 0,
        "name": "Reguliersgracht",
        "oneway": "NO",
        "speed_kmh": 6.0
      },
      "geometry": {
        "type": "MultiLineString",
        "coordinates": [
          [
            [
              4.8959767,
              52.3632421
            ],
            [
              4.8959826,
              52.3631554
            ]
          ]
        ]
      }
    },
    {
      "type": "Feature",
      "properties": {
        "osm_id": "1322626525",
        "code": 8103,
        "fclass": "canal",
        "width": 0,
        "name": "Reguliersgracht",
        "oneway": "NO",
        "speed_kmh": 6.0
      },
      "geometry": {
        "type": "MultiLineString",
        "coordinates": [
          [
            [
              4.8959604,
              52.363514
            ],
            [
              4.8959674,
              52.3633791
            ],
            [
              4.8959767,
              52.3632421
            ]
          ]
        ]
      }
    },
    {
      "type": "Feature",
      "properties": {
        "osm_id": "1322626526",
        "code": 8103,
        "fclass": "canal",
        "width": 0,
        "name": "Reguliersgracht",
        "oneway": "NO",
        "speed_kmh": 6.0
      },
      "geometry": {
        "type": "MultiLineString",
        "coordinates": [
          [
            [
              4.8959516,
              52.363616
            ],
            [
              4.8959604,
              52.363514
            ]
          ]
        ]
      }
    },
    {
      "type": "Feature",
      "properties": {
        "osm_id": "1322626527",
        "code": 8103,
        "fclass": "canal",
        "width": 0,
        "name": "Reguliersgracht",
        "oneway": "NO",
        "speed_kmh": 6.0
      },
      "geometry": {
        "type": "MultiLineString",
        "coordinates": [
          [
            [
              4.8958939,
              52.3645573
            ],
            [
              4.8959516,
              52.363616
            ]
          ]
        ]
      }
    },
    {
      "type": "Feature",
      "properties": {
        "osm_id": "1322626528",
        "code": 8103,
        "fclass": "canal",
        "width": 0,
        "name": "Reguliersgracht",
        "oneway": "NO",
        "speed_kmh": 6.0
      },
      "geometry": {
        "type": "MultiLineString",
        "coordinates": [
          [
            [
              4.8958835,
              52.3646804
            ],
            [
              4.8958939,
              52.3645573
            ]
          ]
        ]
      }
    },
    {
      "type": "Feature",
      "properties": {
        "osm_id": "1322626529",
        "code": 8103,
        "fclass": "canal",
        "width": 0,
        "name": "Reguliersgracht",
        "oneway": "NO",
        "speed_kmh": 6.0
      },
      "geometry": {
        "type": "MultiLineString",
        "coordinates": [
          [
            [
              4.8958769,
              52.3647586
            ],
            [
              4.8958835,
              52.3646804
            ]
          ]
        ]
      }
    },
    {
      "type": "Feature",
      "properties": {
        "osm_id": "1322626530",
        "code": 8103,
        "fclass": "canal",
        "width": 0,
        "name": "Herengracht",
        "oneway": "NO",
        "speed_kmh": 6.0
      },
      "geometry": {
        "type": "MultiLineString",
        "coordinates": [
          [
            [
              4.8958769,
              52.3647586
            ],
            [
              4.8959795,
              52.3647798
            ]
          ]
        ]
      }
    },
    {
      "type": "Feature",
      "properties": {
        "osm_id": "1322626531",
        "code": 8103,
        "fclass": "canal",
        "width": 0,
        "name": "Keizersgracht",
        "oneway": "NO",
        "speed_kmh": 6.0
      },
      "geometry": {
        "type": "MultiLineString",
        "coordinates": [
          [
            [
              4.8962546,
              52.3633951
            ],
            [
              4.8959674,
              52.3633791
            ]
          ]
        ]
      }
    },
    {
      "type": "Feature",
      "properties": {
        "osm_id": "1322626532",
        "code": 8103,
        "fclass": "canal",
        "width": 0,
        "name": "Keizersgracht",
        "oneway": "NO",
        "speed_kmh": 6.0
      },
      "geometry": {
        "type": "MultiLineString",
        "coordinates": [
          [
            [
              4.8980966,
              52.3637594
            ],
            [
              4.8962546,
              52.3633951
            ]
          ]
        ]
      }
    },
    {
      "type": "Feature",
      "properties": {
        "osm_id": "1322626533",
        "code": 8103,
        "fclass": "canal",
        "width": 0,
        "name": "Herengracht",
        "oneway": "NO",
        "speed_kmh": 6.0
      },
      "geometry": {
        "type": "MultiLineString",
        "coordinates": [
          [
            [
              4.9005737,
              52.3656563
            ],
            [
              4.9012072,
              52.3657805
            ]
          ]
        ]
      }
    },
    {
      "type": "Feature",
      "properties": {
        "osm_id": "1322626534",
        "code": 8103,
        "fclass": "canal",
        "width": 0,
        "name": "Herengracht",
        "oneway": "NO",
        "speed_kmh": 6.0
      },
      "geometry": {
        "type": "MultiLineString",
        "coordinates": [
          [
            [
              4.898175,
              52.3652036
            ],
            [
              4.9004281,
              52.3656284
            ]
          ]
        ]
      }
    },
    {
      "type": "Feature",
      "properties": {
        "osm_id": "1322626535",
        "code": 8103,
        "fclass": "canal",
        "width": 0,
        "name": "Herengracht",
        "oneway": "NO",
        "speed_kmh": 6.0
      },
      "geometry": {
        "type": "MultiLineString",
        "coordinates": [
          [
            [
              4.8975988,
              52.3650949
            ],
            [
              4.898175,
              52.3652036
            ]
          ]
        ]
      }
    },
    {
      "type": "Feature",
      "properties": {
        "osm_id": "1322626536",
        "code": 8103,
        "fclass": "canal",
        "width": 0,
        "name": "Herengracht",
        "oneway": "NO",
        "speed_kmh": 6.0
      },
      "geometry": {
        "type": "MultiLineString",
        "coordinates": [
          [
            [
              4.9004281,
              52.3656284
            ],
            [
              4.9005098,
              52.3656438
            ],
            [
              4.9005737,
              52.3656563
            ]
          ]
        ]
      }
    },
    {
      "type": "Feature",
      "properties": {
        "osm_id": "1322626537",
        "code": 8103,
        "fclass": "canal",
        "width": 0,
        "name": "Herengracht",
        "oneway": "NO",
        "speed_kmh": 6.0
      },
      "geometry": {
        "type": "MultiLineString",
        "coordinates": [
          [
            [
              4.8961332,
              52.3648115
            ],
            [
              4.8975988,
              52.3650949
            ]
          ]
        ]
      }
    },
    {
      "type": "Feature",
      "properties": {
        "osm_id": "1322626538",
        "code": 8103,
        "fclass": "canal",
        "width": 0,
        "name": "Herengracht",
        "oneway": "NO",
        "speed_kmh": 6.0
      },
      "geometry": {
        "type": "MultiLineString",
        "coordinates": [
          [
            [
              4.8930084,
              52.365145
            ],
            [
              4.8958769,
              52.3647586
            ]
          ]
        ]
      }
    },
    {
      "type": "Feature",
      "properties": {
        "osm_id": "1322626539",
        "code": 8103,
        "fclass": "canal",
        "width": 0,
        "name": "Herengracht",
        "oneway": "NO",
        "speed_kmh": 6.0
      },
      "geometry": {
        "type": "MultiLineString",
        "coordinates": [
          [
            [
              4.892614,
              52.3651991
            ],
            [
              4.8930084,
              52.365145
            ]
          ]
        ]
      }
    },
    {
      "type": "Feature",
      "properties": {
        "osm_id": "1322626540",
        "code": 8103,
        "fclass": "canal",
        "width": 0,
        "name": "Herengracht",
        "oneway": "NO",
        "speed_kmh": 6.0
      },
      "geometry": {
        "type": "MultiLineString",
        "coordinates": [
          [
            [
              4.8884214,
              52.3666845
            ],
            [
              4.8905285,
              52.3654847
            ],
            [
              4.892614,
              52.3651991
            ]
          ]
        ]
      }
    },
    {
      "type": "Feature",
      "properties": {
        "osm_id": "1322626541",
        "code": 8103,
        "fclass": "canal",
        "width": 0,
        "name": "Herengracht",
        "oneway": "NO",
        "speed_kmh": 6.0
      },
      "geometry": {
        "type": "MultiLineString",
        "coordinates": [
          [
            [
              4.8881294,
              52.3668515
            ],
            [
              4.8884214,
              52.3666845
            ]
          ]
        ]
      }
    },
    {
      "type": "Feature",
      "properties": {
        "osm_id": "1322626542",
        "code": 8103,
        "fclass": "canal",
        "width": 0,
        "name": "Herengracht",
        "oneway": "NO",
        "speed_kmh": 6.0
      },
      "geometry": {
        "type": "MultiLineString",
        "coordinates": [
          [
            [
              4.8867832,
              52.3676163
            ],
            [
              4.8881294,
              52.3668515
            ]
          ]
        ]
      }
    },
    {
      "type": "Feature",
      "properties": {
        "osm_id": "1322626543",
        "code": 8101,
        "fclass": "river",
        "width": 0,
        "name": "Amstel",
        "oneway": "NO",
        "speed_kmh": 7.5
      },
      "geometry": {
        "type": "MultiLineString",
        "coordinates": [
          [
            [
              4.8960259,
              52.3674367
            ],
            [
              4.8958066,
              52.3674415
            ]
          ]
        ]
      }
    },
    {
      "type": "Feature",
      "properties": {
        "osm_id": "1322626544",
        "code": 8101,
        "fclass": "river",
        "width": 0,
        "name": "Amstel",
        "oneway": "NO",
        "speed_kmh": 7.5
      },
      "geometry": {
        "type": "MultiLineString",
        "coordinates": [
          [
            [
              4.8984665,
              52.3673285
            ],
            [
              4.8972449,
              52.36741
            ],
            [
              4.8960259,
              52.3674367
            ]
          ]
        ]
      }
    },
    {
      "type": "Feature",
      "properties": {
        "osm_id": "1322626545",
        "code": 8103,
        "fclass": "canal",
        "width": 0,
        "name": "Kloveniersburgwal",
        "oneway": "NO",
        "speed_kmh": 6.0
      },
      "geometry": {
        "type": "MultiLineString",
        "coordinates": [
          [
            [
              4.8977906,
              52.3699892
            ],
            [
              4.8976613,
              52.3698512
            ]
          ]
        ]
      }
    },
    {
      "type": "Feature",
      "properties": {
        "osm_id": "1322626546",
        "code": 8103,
        "fclass": "canal",
        "width": 0,
        "name": "Kloveniersburgwal",
        "oneway": "NO",
        "speed_kmh": 6.0
      },
      "geometry": {
        "type": "MultiLineString",
        "coordinates": [
          [
            [
              4.8962423,
              52.3683329
            ],
            [
              4.8958001,
              52.3678168
            ],
            [
              4.8955393,
              52.3674473
            ]
          ]
        ]
      }
    },
    {
      "type": "Feature",
      "properties": {
        "osm_id": "1322626547",
        "code": 8101,
        "fclass": "river",
        "width": 0,
        "name": "Rokin",
        "oneway": "NO",
        "speed_kmh": 6.0
      },
      "geometry": {
        "type": "MultiLineString",
        "coordinates": [
          [
            [
              4.8938779,
              52.3675068
            ],
            [
              4.8937391,
              52.367623
            ]
          ]
        ]
      }
    },
    {
      "type": "Feature",
      "properties": {
        "osm_id": "1322626548",
        "code": 8101,
        "fclass": "river",
        "width": 0,
        "name": "Rokin",
        "oneway": "NO",
        "speed_kmh": 6.0
      },
      "geometry": {
        "type": "MultiLineString",
        "coordinates": [
          [
            [
              4.8939945,
              52.3673606
            ],
            [
              4.8938779,
              52.3675068
            ]
          ]
        ]
      }
    },
    {
      "type": "Feature",
      "properties": {
        "osm_id": "1322637152",
        "code": 8103,
        "fclass": "canal",
        "width": 0,
        "name": "Groenburgwal",
        "oneway": "NO",
        "speed_kmh": 6.0
      },
      "geometry": {
        "type": "MultiLineString",
        "coordinates": [
          [
            [
              4.8976968,
              52.3682663
            ],
            [
              4.897634,
              52.3681864
            ]
          ]
        ]
      }
    },
    {
      "type": "Feature",
      "properties": {
        "osm_id": "1322637153",
        "code": 8103,
        "fclass": "canal",
        "width": 0,
        "name": "Groenburgwal",
        "oneway": "NO",
        "speed_kmh": 6.0
      },
      "geometry": {
        "type": "MultiLineString",
        "coordinates": [
          [
            [
              4.8989652,
              52.3696302
            ],
            [
              4.8976968,
              52.3682663
            ]
          ]
        ]
      }
    },
    {
      "type": "Feature",
      "properties": {
        "osm_id": "1322637154",
        "code": 8103,
        "fclass": "canal",
        "width": 0,
        "name": "Prinsengracht",
        "oneway": "Yes",
        "speed_kmh": 6.0
      },
      "geometry": {
        "type": "MultiLineString",
        "coordinates": [
          [
            [
              4.9020989,
              52.3626896
            ],
            [
              4.9027595,
              52.362808
            ]
          ]
        ]
      }
    },
    {
      "type": "Feature",
      "properties": {
        "osm_id": "1322637155",
        "code": 8103,
        "fclass": "canal",
        "width": 0,
        "name": "Prinsengracht",
        "oneway": "Yes",
        "speed_kmh": 6.0
      },
      "geometry": {
        "type": "MultiLineString",
        "coordinates": [
          [
            [
              4.8991401,
              52.3621409
            ],
            [
              4.9019647,
              52.3626652
            ]
          ]
        ]
      }
    },
    {
      "type": "Feature",
      "properties": {
        "osm_id": "1322637156",
        "code": 8103,
        "fclass": "canal",
        "width": 0,
        "name": "Prinsengracht",
        "oneway": "Yes",
        "speed_kmh": 6.0
      },
      "geometry": {
        "type": "MultiLineString",
        "coordinates": [
          [
            [
              4.9019647,
              52.3626652
            ],
            [
              4.9020218,
              52.3626758
            ],
            [
              4.9020989,
              52.3626896
            ]
          ]
        ]
      }
    },
    {
      "type": "Feature",
      "properties": {
        "osm_id": "1322637157",
        "code": 8103,
        "fclass": "canal",
        "width": 0,
        "name": "Prinsengracht",
        "oneway": "Yes",
        "speed_kmh": 6.0
      },
      "geometry": {
        "type": "MultiLineString",
        "coordinates": [
          [
            [
              4.8963708,
              52.3616289
            ],
            [
              4.8987771,
              52.3620736
            ]
          ]
        ]
      }
    },
    {
      "type": "Feature",
      "properties": {
        "osm_id": "1322637158",
        "code": 8103,
        "fclass": "canal",
        "width": 0,
        "name": "Lijnbaansgracht",
        "oneway": "NO",
        "speed_kmh": 6.0
      },
      "geometry": {
        "type": "MultiLineString",
        "coordinates": [
          [
            [
              4.8912376,
              52.3599811
            ],
            [
              4.8906245,
              52.3600169
            ]
          ]
        ]
      }
    },
    {
      "type": "Feature",
      "properties": {
        "osm_id": "1322637159",
        "code": 8103,
        "fclass": "canal",
        "width": 0,
        "name": "Lijnbaansgracht",
        "oneway": "NO",
        "speed_kmh": 6.0
      },
      "geometry": {
        "type": "MultiLineString",
        "coordinates": [
          [
            [
              4.8961428,
              52.3597257
            ],
            [
              4.8960256,
              52.3596927
            ],
            [
              4.894716,
              52.359784
            ],
            [
              4.8912376,
              52.3599811
            ]
          ]
        ]
      }
    },
    {
      "type": "Feature",
      "properties": {
        "osm_id": "1322637160",
        "code": 8103,
        "fclass": "canal",
        "width": 0,
        "name": "Lijnbaansgracht",
        "oneway": "NO",
        "speed_kmh": 6.0
      },
      "geometry": {
        "type": "MultiLineString",
        "coordinates": [
          [
            [
              4.8885562,
              52.3607852
            ],
            [
              4.8883949,
              52.3608553
            ]
          ]
        ]
      }
    },
    {
      "type": "Feature",
      "properties": {
        "osm_id": "1322637161",
        "code": 8103,
        "fclass": "canal",
        "width": 0,
        "name": "Singelgracht",
        "oneway": "YES",
        "speed_kmh": 6.0
      },
      "geometry": {
        "type": "MultiLineString",
        "coordinates": [
          [
            [
              4.904671,
              52.3591671
            ],
            [
              4.9018739,
              52.3586251
            ]
          ]
        ]
      }
    },
    {
      "type": "Feature",
      "properties": {
        "osm_id": "1322637162",
        "code": 8103,
        "fclass": "canal",
        "width": 0,
        "name": "Singelgracht",
        "oneway": "YES",
        "speed_kmh": 6.0
      },
      "geometry": {
        "type": "MultiLineString",
        "coordinates": [
          [
            [
              4.9014595,
              52.3585424
            ],
            [
              4.8995454,
              52.3581513
            ]
          ]
        ]
      }
    },
    {
      "type": "Feature",
      "properties": {
        "osm_id": "1322637163",
        "code": 8103,
        "fclass": "canal",
        "width": 0,
        "name": "Singelgracht",
        "oneway": "YES",
        "speed_kmh": 6.0
      },
      "geometry": {
        "type": "MultiLineString",
        "coordinates": [
          [
            [
              4.8995454,
              52.3581513
            ],
            [
              4.8992363,
              52.3580881
            ],
            [
              4.89894,
              52.3580381
            ]
          ]
        ]
      }
    },
    {
      "type": "Feature",
      "properties": {
        "osm_id": "1322637164",
        "code": 8103,
        "fclass": "canal",
        "width": 0,
        "name": "Singelgracht",
        "oneway": "YES",
        "speed_kmh": 6.0
      },
      "geometry": {
        "type": "MultiLineString",
        "coordinates": [
          [
            [
              4.89894,
              52.3580381
            ],
            [
              4.8981667,
              52.3579342
            ],
            [
              4.8978069,
              52.3579591
            ],
            [
              4.891145,
              52.3583454
            ]
          ]
        ]
      }
    },
    {
      "type": "Feature",
      "properties": {
        "osm_id": "1322637165",
        "code": 8103,
        "fclass": "canal",
        "width": 0,
        "name": "Singelgracht",
        "oneway": "YES",
        "speed_kmh": 6.0
      },
      "geometry": {
        "type": "MultiLineString",
        "coordinates": [
          [
            [
              4.891145,
              52.3583454
            ],
            [
              4.8909101,
              52.358359
            ],
            [
              4.8905597,
              52.3583955
            ]
          ]
        ]
      }
    },
    {
      "type": "Feature",
      "properties": {
        "osm_id": "1322637166",
        "code": 8103,
        "fclass": "canal",
        "width": 0,
        "name": "Singelgracht",
        "oneway": "YES",
        "speed_kmh": 6.0
      },
      "geometry": {
        "type": "MultiLineString",
        "coordinates": [
          [
            [
              4.9018739,
              52.3586251
            ],
            [
              4.9016869,
              52.3585889
            ],
            [
              4.9014595,
              52.3585424
            ]
          ]
        ]
      }
    },
    {
      "type": "Feature",
      "properties": {
        "osm_id": "1322637167",
        "code": 8103,
        "fclass": "canal",
        "width": 0,
        "name": null,
        "oneway": "NO",
        "speed_kmh": 6.0
      },
      "geometry": {
        "type": "MultiLineString",
        "coordinates": [
          [
            [
              4.8885562,
              52.3607852
            ],
            [
              4.888426,
              52.3606908
            ]
          ]
        ]
      }
    },
    {
      "type": "Feature",
      "properties": {
        "osm_id": "1322637168",
        "code": 8103,
        "fclass": "canal",
        "width": 0,
        "name": null,
        "oneway": "NO",
        "speed_kmh": 6.0
      },
      "geometry": {
        "type": "MultiLineString",
        "coordinates": [
          [
            [
              4.8880146,
              52.360393
            ],
            [
              4.8876487,
              52.360146
            ]
          ]
        ]
      }
    },
    {
      "type": "Feature",
      "properties": {
        "osm_id": "1322637169",
        "code": 8103,
        "fclass": "canal",
        "width": 0,
        "name": "Singelgracht",
        "oneway": "NO",
        "speed_kmh": 6.0
      },
      "geometry": {
        "type": "MultiLineString",
        "coordinates": [
          [
            [
              4.8864181,
              52.3607261
            ],
            [
              4.8863057,
              52.3607805
            ],
            [
              4.8861913,
              52.3608357
            ]
          ]
        ]
      }
    },
    {
      "type": "Feature",
      "properties": {
        "osm_id": "1322637170",
        "code": 8103,
        "fclass": "canal",
        "width": 0,
        "name": "Singelgracht",
        "oneway": "NO",
        "speed_kmh": 6.0
      },
      "geometry": {
        "type": "MultiLineString",
        "coordinates": [
          [
            [
              4.8876487,
              52.360146
            ],
            [
              4.8873865,
              52.3602753
            ],
            [
              4.8864181,
              52.3607261
            ]
          ]
        ]
      }
    },
    {
      "type": "Feature",
      "properties": {
        "osm_id": "1322637171",
        "code": 8103,
        "fclass": "canal",
        "width": 0,
        "name": "Boerenwetering",
        "oneway": "NO",
        "speed_kmh": 6.0
      },
      "geometry": {
        "type": "MultiLineString",
        "coordinates": [
          [
            [
              4.8864372,
              52.3496259
            ],
            [
              4.8864592,
              52.3498978
            ]
          ]
        ]
      }
    },
    {
      "type": "Feature",
      "properties": {
        "osm_id": "1322637172",
        "code": 8103,
        "fclass": "canal",
        "width": 0,
        "name": "Boerenwetering",
        "oneway": "NO",
        "speed_kmh": 6.0
      },
      "geometry": {
        "type": "MultiLineString",
        "coordinates": [
          [
            [
              4.8863297,
              52.3484595
            ],
            [
              4.8864007,
              52.3492259
            ],
            [
              4.8864372,
              52.3496259
            ]
          ]
        ]
      }
    },
    {
      "type": "Feature",
      "properties": {
        "osm_id": "1322637173",
        "code": 8103,
        "fclass": "canal",
        "width": 0,
        "name": "Boerenwetering",
        "oneway": "NO",
        "speed_kmh": 6.0
      },
      "geometry": {
        "type": "MultiLineString",
        "coordinates": [
          [
            [
              4.8865075,
              52.3520955
            ],
            [
              4.8865002,
              52.3524012
            ]
          ]
        ]
      }
    },
    {
      "type": "Feature",
      "properties": {
        "osm_id": "1322637174",
        "code": 8103,
        "fclass": "canal",
        "width": 0,
        "name": "Boerenwetering",
        "oneway": "NO",
        "speed_kmh": 6.0
      },
      "geometry": {
        "type": "MultiLineString",
        "coordinates": [
          [
            [
              4.8865002,
              52.3524012
            ],
            [
              4.8864944,
              52.3528481
            ],
            [
              4.8866151,
              52.3531418
            ],
            [
              4.8867396,
              52.3533995
            ]
          ]
        ]
      }
    },
    {
      "type": "Feature",
      "properties": {
        "osm_id": "1322637176",
        "code": 8103,
        "fclass": "canal",
        "width": 0,
        "name": "Boerenwetering",
        "oneway": "NO",
        "speed_kmh": 6.0
      },
      "geometry": {
        "type": "MultiLineString",
        "coordinates": [
          [
            [
              4.8867396,
              52.3533995
            ],
            [
              4.8867623,
              52.3545358
            ]
          ]
        ]
      }
    },
    {
      "type": "Feature",
      "properties": {
        "osm_id": "1322637177",
        "code": 8103,
        "fclass": "canal",
        "width": 0,
        "name": "Boerenwetering",
        "oneway": "NO",
        "speed_kmh": 6.0
      },
      "geometry": {
        "type": "MultiLineString",
        "coordinates": [
          [
            [
              4.8867623,
              52.3545358
            ],
            [
              4.8867545,
              52.3547049
            ]
          ]
        ]
      }
    },
    {
      "type": "Feature",
      "properties": {
        "osm_id": "1322637178",
        "code": 8103,
        "fclass": "canal",
        "width": 0,
        "name": "Boerenwetering",
        "oneway": "NO",
        "speed_kmh": 6.0
      },
      "geometry": {
        "type": "MultiLineString",
        "coordinates": [
          [
            [
              4.8867545,
              52.3547049
            ],
            [
              4.8865991,
              52.3567081
            ],
            [
              4.8866316,
              52.3575446
            ]
          ]
        ]
      }
    },
    {
      "type": "Feature",
      "properties": {
        "osm_id": "1322637179",
        "code": 8103,
        "fclass": "canal",
        "width": 0,
        "name": "Boerenwetering",
        "oneway": "NO",
        "speed_kmh": 6.0
      },
      "geometry": {
        "type": "MultiLineString",
        "coordinates": [
          [
            [
              4.8866316,
              52.3575446
            ],
            [
              4.8866449,
              52.3576659
            ]
          ]
        ]
      }
    },
    {
      "type": "Feature",
      "properties": {
        "osm_id": "1322637180",
        "code": 8103,
        "fclass": "canal",
        "width": 0,
        "name": "Boerenwetering",
        "oneway": "NO",
        "speed_kmh": 6.0
      },
      "geometry": {
        "type": "MultiLineString",
        "coordinates": [
          [
            [
              4.8866449,
              52.3576659
            ],
            [
              4.8868222,
              52.3596225
            ],
            [
              4.8869193,
              52.3598854
            ]
          ]
        ]
      }
    },
    {
      "type": "Feature",
      "properties": {
        "osm_id": "1322637181",
        "code": 8103,
        "fclass": "canal",
        "width": 0,
        "name": "Boerenwetering",
        "oneway": "NO",
        "speed_kmh": 6.0
      },
      "geometry": {
        "type": "MultiLineString",
        "coordinates": [
          [
            [
              4.8869193,
              52.3598854
            ],
            [
              4.8872202,
              52.3601194
            ]
          ]
        ]
      }
    },
    {
      "type": "Feature",
      "properties": {
        "osm_id": "1322637182",
        "code": 8103,
        "fclass": "canal",
        "width": 0,
        "name": "Boerenwetering",
        "oneway": "NO",
        "speed_kmh": 6.0
      },
      "geometry": {
        "type": "MultiLineString",
        "coordinates": [
          [
            [
              4.8872202,
              52.3601194
            ],
            [
              4.8873865,
              52.3602753
            ]
          ]
        ]
      }
    },
    {
      "type": "Feature",
      "properties": {
        "osm_id": "1322637183",
        "code": 8103,
        "fclass": "canal",
        "width": 0,
        "name": "Jacob van Lennepkanaal",
        "oneway": "NO",
        "speed_kmh": 6.0
      },
      "geometry": {
        "type": "MultiLineString",
        "coordinates": [
          [
            [
              4.8735647,
              52.3656093
            ],
            [
              4.8731217,
              52.3654784
            ]
          ]
        ]
      }
    },
    {
      "type": "Feature",
      "properties": {
        "osm_id": "1322637184",
        "code": 8103,
        "fclass": "canal",
        "width": 0,
        "name": "Da Costagracht",
        "oneway": "NO",
        "speed_kmh": 6.0
      },
      "geometry": {
        "type": "MultiLineString",
        "coordinates": [
          [
            [
              4.8743126,
              52.366508
            ],
            [
              4.8742376,
              52.3666119
            ]
          ]
        ]
      }
    },
    {
      "type": "Feature",
      "properties": {
        "osm_id": "1322637185",
        "code": 8103,
        "fclass": "canal",
        "width": 0,
        "name": "Da Costagracht",
        "oneway": "NO",
        "speed_kmh": 6.0
      },
      "geometry": {
        "type": "MultiLineString",
        "coordinates": [
          [
            [
              4.8742376,
              52.3666119
            ],
            [
              4.8735899,
              52.3675414
            ]
          ]
        ]
      }
    },
    {
      "type": "Feature",
      "properties": {
        "osm_id": "1322637186",
        "code": 8103,
        "fclass": "canal",
        "width": 0,
        "name": "Da Costagracht",
        "oneway": "NO",
        "speed_kmh": 6.0
      },
      "geometry": {
        "type": "MultiLineString",
        "coordinates": [
          [
            [
              4.8735899,
              52.3675414
            ],
            [
              4.8734607,
              52.367729
            ]
          ]
        ]
      }
    },
    {
      "type": "Feature",
      "properties": {
        "osm_id": "1322637187",
        "code": 8103,
        "fclass": "canal",
        "width": 0,
        "name": "Da Costagracht",
        "oneway": "NO",
        "speed_kmh": 6.0
      },
      "geometry": {
        "type": "MultiLineString",
        "coordinates": [
          [
            [
              4.8734607,
              52.367729
            ],
            [
              4.8724298,
              52.3692252
            ]
          ]
        ]
      }
    },
    {
      "type": "Feature",
      "properties": {
        "osm_id": "1322637188",
        "code": 8103,
        "fclass": "canal",
        "width": 0,
        "name": "Da Costagracht",
        "oneway": "NO",
        "speed_kmh": 6.0
      },
      "geometry": {
        "type": "MultiLineString",
        "coordinates": [
          [
            [
              4.8724298,
              52.3692252
            ],
            [
              4.8723423,
              52.3693558
            ]
          ]
        ]
      }
    },
    {
      "type": "Feature",
      "properties": {
        "osm_id": "1322637189",
        "code": 8103,
        "fclass": "canal",
        "width": 0,
        "name": "Da Costagracht",
        "oneway": "NO",
        "speed_kmh": 6.0
      },
      "geometry": {
        "type": "MultiLineString",
        "coordinates": [
          [
            [
              4.8747022,
              52.365927
            ],
            [
              4.8743126,
              52.366508
            ]
          ]
        ]
      }
    },
    {
      "type": "Feature",
      "properties": {
        "osm_id": "1322637190",
        "code": 8103,
        "fclass": "canal",
        "width": 0,
        "name": "Da Costagracht",
        "oneway": "NO",
        "speed_kmh": 6.0
      },
      "geometry": {
        "type": "MultiLineString",
        "coordinates": [
          [
            [
              4.87206,
              52.3711749
            ],
            [
              4.8722843,
              52.3715276
            ]
          ]
        ]
      }
    },
    {
      "type": "Feature",
      "properties": {
        "osm_id": "1322637191",
        "code": 8103,
        "fclass": "canal",
        "width": 0,
        "name": "Da Costagracht",
        "oneway": "NO",
        "speed_kmh": 6.0
      },
      "geometry": {
        "type": "MultiLineString",
        "coordinates": [
          [
            [
              4.8722843,
              52.3715276
            ],
            [
              4.8729703,
              52.3725938
            ],
            [
              4.8729166,
              52.3728875
            ]
          ]
        ]
      }
    },
    {
      "type": "Feature",
      "properties": {
        "osm_id": "1322637192",
        "code": 8103,
        "fclass": "canal",
        "width": 0,
        "name": "Singelgracht",
        "oneway": "NO",
        "speed_kmh": 6.0
      },
      "geometry": {
        "type": "MultiLineString",
        "coordinates": [
          [
            [
              4.8810919,
              52.3633596
            ],
            [
              4.8808253,
              52.3635272
            ]
          ]
        ]
      }
    },
    {
      "type": "Feature",
      "properties": {
        "osm_id": "1322637193",
        "code": 8103,
        "fclass": "canal",
        "width": 0,
        "name": "Singelgracht",
        "oneway": "NO",
        "speed_kmh": 6.0
      },
      "geometry": {
        "type": "MultiLineString",
        "coordinates": [
          [
            [
              4.8783083,
              52.366206
            ],
            [
              4.8782454,
              52.3662441
            ]
          ]
        ]
      }
    },
    {
      "type": "Feature",
      "properties": {
        "osm_id": "1322637194",
        "code": 8103,
        "fclass": "canal",
        "width": 0,
        "name": "Singelgracht",
        "oneway": "NO",
        "speed_kmh": 6.0
      },
      "geometry": {
        "type": "MultiLineString",
        "coordinates": [
          [
            [
              4.8781756,
              52.3662885
            ],
            [
              4.8775365,
              52.366768
            ]
          ]
        ]
      }
    },
    {
      "type": "Feature",
      "properties": {
        "osm_id": "1322637195",
        "code": 8103,
        "fclass": "canal",
        "width": 0,
        "name": "Jacob van Lennepkanaal",
        "oneway": "NO",
        "speed_kmh": 6.0
      },
      "geometry": {
        "type": "MultiLineString",
        "coordinates": [
          [
            [
              4.8773023,
              52.3666985
            ],
            [
              4.8769508,
              52.3665942
            ]
          ]
        ]
      }
    },
    {
      "type": "Feature",
      "properties": {
        "osm_id": "1322637196",
        "code": 8103,
        "fclass": "canal",
        "width": 0,
        "name": "Jacob van Lennepkanaal",
        "oneway": "NO",
        "speed_kmh": 6.0
      },
      "geometry": {
        "type": "MultiLineString",
        "coordinates": [
          [
            [
              4.8775365,
              52.366768
            ],
            [
              4.8773023,
              52.3666985
            ]
          ]
        ]
      }
    },
    {
      "type": "Feature",
      "properties": {
        "osm_id": "1322985970",
        "code": 8103,
        "fclass": "canal",
        "width": 0,
        "name": "Nieuwe Keizersgracht",
        "oneway": "NO",
        "speed_kmh": 6.0
      },
      "geometry": {
        "type": "MultiLineString",
        "coordinates": [
          [
            [
              4.9053202,
              52.3651415
            ],
            [
              4.9027012,
              52.3646441
            ]
          ]
        ]
      }
    },
    {
      "type": "Feature",
      "properties": {
        "osm_id": "1322985971",
        "code": 8103,
        "fclass": "canal",
        "width": 0,
        "name": "Nieuwe Keizersgracht",
        "oneway": "NO",
        "speed_kmh": 6.0
      },
      "geometry": {
        "type": "MultiLineString",
        "coordinates": [
          [
            [
              4.9058674,
              52.3652529
            ],
            [
              4.9053202,
              52.3651415
            ]
          ]
        ]
      }
    },
    {
      "type": "Feature",
      "properties": {
        "osm_id": "1322985972",
        "code": 8103,
        "fclass": "canal",
        "width": 0,
        "name": "Nieuwe Prinsengracht",
        "oneway": "NO",
        "speed_kmh": 6.0
      },
      "geometry": {
        "type": "MultiLineString",
        "coordinates": [
          [
            [
              4.9063287,
              52.3634481
            ],
            [
              4.906899,
              52.3635539
            ]
          ]
        ]
      }
    },
    {
      "type": "Feature",
      "properties": {
        "osm_id": "1322985973",
        "code": 8103,
        "fclass": "canal",
        "width": 0,
        "name": "Nieuwe Prinsengracht",
        "oneway": "NO",
        "speed_kmh": 6.0
      },
      "geometry": {
        "type": "MultiLineString",
        "coordinates": [
          [
            [
              4.906899,
              52.3635539
            ],
            [
              4.9107697,
              52.3642791
            ]
          ]
        ]
      }
    },
    {
      "type": "Feature",
      "properties": {
        "osm_id": "1322985974",
        "code": 8103,
        "fclass": "canal",
        "width": 0,
        "name": "Nieuwe Prinsengracht",
        "oneway": "NO",
        "speed_kmh": 6.0
      },
      "geometry": {
        "type": "MultiLineString",
        "coordinates": [
          [
            [
              4.9107697,
              52.3642791
            ],
            [
              4.9110479,
              52.3643278
            ]
          ]
        ]
      }
    },
    {
      "type": "Feature",
      "properties": {
        "osm_id": "1322985975",
        "code": 8103,
        "fclass": "canal",
        "width": 0,
        "name": "Nieuwe Prinsengracht",
        "oneway": "NO",
        "speed_kmh": 6.0
      },
      "geometry": {
        "type": "MultiLineString",
        "coordinates": [
          [
            [
              4.9110479,
              52.3643278
            ],
            [
              4.9116143,
              52.3644482
            ],
            [
              4.911981,
              52.3647576
            ]
          ]
        ]
      }
    },
    {
      "type": "Feature",
      "properties": {
        "osm_id": "1322985976",
        "code": 8103,
        "fclass": "canal",
        "width": 0,
        "name": "Plantage Muidergracht",
        "oneway": "NO",
        "speed_kmh": 6.0
      },
      "geometry": {
        "type": "MultiLineString",
        "coordinates": [
          [
            [
              4.910524,
              52.3652682
            ],
            [
              4.9089932,
              52.3657991
            ]
          ]
        ]
      }
    },
    {
      "type": "Feature",
      "properties": {
        "osm_id": "1322985977",
        "code": 8103,
        "fclass": "canal",
        "width": 0,
        "name": "Plantage Muidergracht",
        "oneway": "NO",
        "speed_kmh": 6.0
      },
      "geometry": {
        "type": "MultiLineString",
        "coordinates": [
          [
            [
              4.910778,
              52.3651792
            ],
            [
              4.910524,
              52.3652682
            ]
          ]
        ]
      }
    },
    {
      "type": "Feature",
      "properties": {
        "osm_id": "1322985978",
        "code": 8103,
        "fclass": "canal",
        "width": 0,
        "name": "Plantage Muidergracht",
        "oneway": "NO",
        "speed_kmh": 6.0
      },
      "geometry": {
        "type": "MultiLineString",
        "coordinates": [
          [
            [
              4.911981,
              52.3647576
            ],
            [
              4.910778,
              52.3651792
            ]
          ]
        ]
      }
    },
    {
      "type": "Feature",
      "properties": {
        "osm_id": "1322985979",
        "code": 8103,
        "fclass": "canal",
        "width": 0,
        "name": "Plantage Muidergracht",
        "oneway": "NO",
        "speed_kmh": 6.0
      },
      "geometry": {
        "type": "MultiLineString",
        "coordinates": [
          [
            [
              4.9141194,
              52.3640151
            ],
            [
              4.9140355,
              52.3640442
            ]
          ]
        ]
      }
    },
    {
      "type": "Feature",
      "properties": {
        "osm_id": "1322985980",
        "code": 8103,
        "fclass": "canal",
        "width": 0,
        "name": "Plantage Muidergracht",
        "oneway": "NO",
        "speed_kmh": 6.0
      },
      "geometry": {
        "type": "MultiLineString",
        "coordinates": [
          [
            [
              4.9140355,
              52.3640442
            ],
            [
              4.911981,
              52.3647576
            ]
          ]
        ]
      }
    },
    {
      "type": "Feature",
      "properties": {
        "osm_id": "1322985981",
        "code": 8103,
        "fclass": "canal",
        "width": 0,
        "name": "Nieuwe Achtergracht",
        "oneway": "NO",
        "speed_kmh": 6.0
      },
      "geometry": {
        "type": "MultiLineString",
        "coordinates": [
          [
            [
              4.9137908,
              52.3636709
            ],
            [
              4.9138751,
              52.3636871
            ]
          ]
        ]
      }
    },
    {
      "type": "Feature",
      "properties": {
        "osm_id": "1322985982",
        "code": 8103,
        "fclass": "canal",
        "width": 0,
        "name": "Nieuwe Achtergracht",
        "oneway": "NO",
        "speed_kmh": 6.0
      },
      "geometry": {
        "type": "MultiLineString",
        "coordinates": [
          [
            [
              4.9138751,
              52.3636871
            ],
            [
              4.9142394,
              52.3637574
            ],
            [
              4.9144046,
              52.3639161
            ]
          ]
        ]
      }
    },
    {
      "type": "Feature",
      "properties": {
        "osm_id": "1322985983",
        "code": 8103,
        "fclass": "canal",
        "width": 0,
        "name": "Nieuwe Achtergracht",
        "oneway": "NO",
        "speed_kmh": 6.0
      },
      "geometry": {
        "type": "MultiLineString",
        "coordinates": [
          [
            [
              4.9117609,
              52.3632751
            ],
            [
              4.9118837,
              52.3632985
            ]
          ]
        ]
      }
    },
    {
      "type": "Feature",
      "properties": {
        "osm_id": "1322985984",
        "code": 8103,
        "fclass": "canal",
        "width": 0,
        "name": "Nieuwe Achtergracht",
        "oneway": "NO",
        "speed_kmh": 6.0
      },
      "geometry": {
        "type": "MultiLineString",
        "coordinates": [
          [
            [
              4.9108028,
              52.3630927
            ],
            [
              4.9117609,
              52.3632751
            ]
          ]
        ]
      }
    },
    {
      "type": "Feature",
      "properties": {
        "osm_id": "1322985985",
        "code": 8103,
        "fclass": "canal",
        "width": 0,
        "name": "Nieuwe Achtergracht",
        "oneway": "NO",
        "speed_kmh": 6.0
      },
      "geometry": {
        "type": "MultiLineString",
        "coordinates": [
          [
            [
              4.9105487,
              52.363048
            ],
            [
              4.9108028,
              52.3630927
            ]
          ]
        ]
      }
    },
    {
      "type": "Feature",
      "properties": {
        "osm_id": "1322985986",
        "code": 8103,
        "fclass": "canal",
        "width": 0,
        "name": "Nieuwe Achtergracht",
        "oneway": "NO",
        "speed_kmh": 6.0
      },
      "geometry": {
        "type": "MultiLineString",
        "coordinates": [
          [
            [
              4.9118837,
              52.3632985
            ],
            [
              4.9137908,
              52.3636709
            ]
          ]
        ]
      }
    },
    {
      "type": "Feature",
      "properties": {
        "osm_id": "1322985987",
        "code": 8103,
        "fclass": "canal",
        "width": 0,
        "name": "Nieuwe Achtergracht",
        "oneway": "NO",
        "speed_kmh": 6.0
      },
      "geometry": {
        "type": "MultiLineString",
        "coordinates": [
          [
            [
              4.906982,
              52.3623581
            ],
            [
              4.9075654,
              52.3624703
            ]
          ]
        ]
      }
    },
    {
      "type": "Feature",
      "properties": {
        "osm_id": "1322985988",
        "code": 8103,
        "fclass": "canal",
        "width": 0,
        "name": "Nieuwe Achtergracht",
        "oneway": "NO",
        "speed_kmh": 6.0
      },
      "geometry": {
        "type": "MultiLineString",
        "coordinates": [
          [
            [
              4.9050227,
              52.3620018
            ],
            [
              4.9055858,
              52.3621069
            ],
            [
              4.9060092,
              52.3621824
            ],
            [
              4.906982,
              52.3623581
            ]
          ]
        ]
      }
    },
    {
      "type": "Feature",
      "properties": {
        "osm_id": "1322985989",
        "code": 8103,
        "fclass": "canal",
        "width": 0,
        "name": "Onbekendegracht",
        "oneway": "NO",
        "speed_kmh": 6.0
      },
      "geometry": {
        "type": "MultiLineString",
        "coordinates": [
          [
            [
              4.9045562,
              52.3629222
            ],
            [
              4.9050227,
              52.3620018
            ]
          ]
        ]
      }
    },
    {
      "type": "Feature",
      "properties": {
        "osm_id": "1322985990",
        "code": 8103,
        "fclass": "canal",
        "width": 0,
        "name": "Nieuwe Prinsengracht",
        "oneway": "NO",
        "speed_kmh": 6.0
      },
      "geometry": {
        "type": "MultiLineString",
        "coordinates": [
          [
            [
              4.9033553,
              52.3629122
            ],
            [
              4.9035619,
              52.36295
            ]
          ]
        ]
      }
    },
    {
      "type": "Feature",
      "properties": {
        "osm_id": "1322985991",
        "code": 8103,
        "fclass": "canal",
        "width": 0,
        "name": "Nieuwe Prinsengracht",
        "oneway": "NO",
        "speed_kmh": 6.0
      },
      "geometry": {
        "type": "MultiLineString",
        "coordinates": [
          [
            [
              4.9027595,
              52.362808
            ],
            [
              4.9033553,
              52.3629122
            ]
          ]
        ]
      }
    },
    {
      "type": "Feature",
      "properties": {
        "osm_id": "1322985992",
        "code": 8103,
        "fclass": "canal",
        "width": 0,
        "name": "Singelgracht",
        "oneway": "NO",
        "speed_kmh": 6.0
      },
      "geometry": {
        "type": "MultiLineString",
        "coordinates": [
          [
            [
              4.9271601,
              52.3664587
            ],
            [
              4.9266743,
              52.3662919
            ]
          ]
        ]
      }
    },
    {
      "type": "Feature",
      "properties": {
        "osm_id": "1322985993",
        "code": 8103,
        "fclass": "canal",
        "width": 0,
        "name": "Singelgracht",
        "oneway": "NO",
        "speed_kmh": 6.0
      },
      "geometry": {
        "type": "MultiLineString",
        "coordinates": [
          [
            [
              4.9263397,
              52.3660839
            ],
            [
              4.9252995,
              52.3655384
            ],
            [
              4.92385,
              52.3646954
            ]
          ]
        ]
      }
    },
    {
      "type": "Feature",
      "properties": {
        "osm_id": "1322985994",
        "code": 8103,
        "fclass": "canal",
        "width": 0,
        "name": "Singelgracht",
        "oneway": "NO",
        "speed_kmh": 6.0
      },
      "geometry": {
        "type": "MultiLineString",
        "coordinates": [
          [
            [
              4.92385,
              52.3646954
            ],
            [
              4.9237932,
              52.3646611
            ]
          ]
        ]
      }
    },
    {
      "type": "Feature",
      "properties": {
        "osm_id": "1322985995",
        "code": 8103,
        "fclass": "canal",
        "width": 0,
        "name": "Singelgracht",
        "oneway": "NO",
        "speed_kmh": 6.0
      },
      "geometry": {
        "type": "MultiLineString",
        "coordinates": [
          [
            [
              4.9266743,
              52.3662919
            ],
            [
              4.9264873,
              52.3661756
            ],
            [
              4.9263397,
              52.3660839
            ]
          ]
        ]
      }
    },
    {
      "type": "Feature",
      "properties": {
        "osm_id": "1322985996",
        "code": 8103,
        "fclass": "canal",
        "width": 0,
        "name": "Singelgracht",
        "oneway": "NO",
        "speed_kmh": 6.0
      },
      "geometry": {
        "type": "MultiLineString",
        "coordinates": [
          [
            [
              4.9201729,
              52.3633218
            ],
            [
              4.9198104,
              52.3631799
            ]
          ]
        ]
      }
    },
    {
      "type": "Feature",
      "properties": {
        "osm_id": "1322985997",
        "code": 8103,
        "fclass": "canal",
        "width": 0,
        "name": "Singelgracht",
        "oneway": "NO",
        "speed_kmh": 6.0
      },
      "geometry": {
        "type": "MultiLineString",
        "coordinates": [
          [
            [
              4.9237932,
              52.3646611
            ],
            [
              4.922186,
              52.3637028
            ],
            [
              4.9219057,
              52.3635681
            ],
            [
              4.9215441,
              52.3634885
            ],
            [
              4.9201729,
              52.3633218
            ]
          ]
        ]
      }
    },
    {
      "type": "Feature",
      "properties": {
        "osm_id": "1322985998",
        "code": 8103,
        "fclass": "canal",
        "width": 0,
        "name": "Singelgracht",
        "oneway": "NO",
        "speed_kmh": 6.0
      },
      "geometry": {
        "type": "MultiLineString",
        "coordinates": [
          [
            [
              4.9152654,
              52.3618078
            ],
            [
              4.9149406,
              52.3617216
            ]
          ]
        ]
      }
    },
    {
      "type": "Feature",
      "properties": {
        "osm_id": "1322985999",
        "code": 8103,
        "fclass": "canal",
        "width": 0,
        "name": "Singelgracht",
        "oneway": "NO",
        "speed_kmh": 6.0
      },
      "geometry": {
        "type": "MultiLineString",
        "coordinates": [
          [
            [
              4.9149406,
              52.3617216
            ],
            [
              4.9141078,
              52.3615004
            ],
            [
              4.9135469,
              52.3614226
            ],
            [
              4.9132649,
              52.3613849
            ],
            [
              4.9124802,
              52.3613193
            ]
          ]
        ]
      }
    },
    {
      "type": "Feature",
      "properties": {
        "osm_id": "1322986000",
        "code": 8103,
        "fclass": "canal",
        "width": 0,
        "name": "Singelgracht",
        "oneway": "NO",
        "speed_kmh": 6.0
      },
      "geometry": {
        "type": "MultiLineString",
        "coordinates": [
          [
            [
              4.9124802,
              52.3613193
            ],
            [
              4.9117833,
              52.361269
            ]
          ]
        ]
      }
    },
    {
      "type": "Feature",
      "properties": {
        "osm_id": "1322986001",
        "code": 8103,
        "fclass": "canal",
        "width": 0,
        "name": "Singelgracht",
        "oneway": "NO",
        "speed_kmh": 6.0
      },
      "geometry": {
        "type": "MultiLineString",
        "coordinates": [
          [
            [
              4.9117833,
              52.361269
            ],
            [
              4.9116173,
              52.3612296
            ],
            [
              4.9114914,
              52.3611821
            ],
            [
              4.9113894,
              52.3611268
            ],
            [
              4.9109002,
              52.3608169
            ],
            [
              4.9106909,
              52.3607207
            ],
            [
              4.9104797,
              52.3606418
            ],
            [
              4.9102431,
              52.3605953
            ],
            [
              4.9100375,
              52.3605757
            ],
            [
              4.9097222,
              52.36058
            ],
            [
              4.9091299,
              52.3606305
            ],
            [
              4.9087438,
              52.3606678
            ]
          ]
        ]
      }
    },
    {
      "type": "Feature",
      "properties": {
        "osm_id": "1322986002",
        "code": 8103,
        "fclass": "canal",
        "width": 0,
        "name": "Singelgracht",
        "oneway": "NO",
        "speed_kmh": 6.0
      },
      "geometry": {
        "type": "MultiLineString",
        "coordinates": [
          [
            [
              4.9087438,
              52.3606678
            ],
            [
              4.9078982,
              52.3604843
            ]
          ]
        ]
      }
    },
    {
      "type": "Feature",
      "properties": {
        "osm_id": "1322986003",
        "code": 8103,
        "fclass": "canal",
        "width": 0,
        "name": "Singelgracht",
        "oneway": "NO",
        "speed_kmh": 6.0
      },
      "geometry": {
        "type": "MultiLineString",
        "coordinates": [
          [
            [
              4.9078982,
              52.3604843
            ],
            [
              4.9066842,
              52.3597461
            ],
            [
              4.9058237,
              52.359536
            ]
          ]
        ]
      }
    },
    {
      "type": "Feature",
      "properties": {
        "osm_id": "1322986004",
        "code": 8103,
        "fclass": "canal",
        "width": 0,
        "name": "Singelgracht",
        "oneway": "NO",
        "speed_kmh": 6.0
      },
      "geometry": {
        "type": "MultiLineString",
        "coordinates": [
          [
            [
              4.9058237,
              52.359536
            ],
            [
              4.9053687,
              52.3594493
            ]
          ]
        ]
      }
    },
    {
      "type": "Feature",
      "properties": {
        "osm_id": "1322986005",
        "code": 8103,
        "fclass": "canal",
        "width": 0,
        "name": "Singelgracht",
        "oneway": "YES",
        "speed_kmh": 6.0
      },
      "geometry": {
        "type": "MultiLineString",
        "coordinates": [
          [
            [
              4.9053687,
              52.3594493
            ],
            [
              4.904671,
              52.3591671
            ]
          ]
        ]
      }
    },
    {
      "type": "Feature",
      "properties": {
        "osm_id": "1322986006",
        "code": 8101,
        "fclass": "river",
        "width": 0,
        "name": "Amstel",
        "oneway": "NO",
        "speed_kmh": 7.5
      },
      "geometry": {
        "type": "MultiLineString",
        "coordinates": [
          [
            [
              4.9009762,
              52.3662138
            ],
            [
              4.9008916,
              52.3663531
            ],
            [
              4.900783,
              52.3665108
            ]
          ]
        ]
      }
    },
    {
      "type": "Feature",
      "properties": {
        "osm_id": "1322986007",
        "code": 8101,
        "fclass": "river",
        "width": 0,
        "name": "Amstel",
        "oneway": "NO",
        "speed_kmh": 7.5
      },
      "geometry": {
        "type": "MultiLineString",
        "coordinates": [
          [
            [
              4.9012072,
              52.3657805
            ],
            [
              4.9009762,
              52.3662138
            ]
          ]
        ]
      }
    },
    {
      "type": "Feature",
      "properties": {
        "osm_id": "1322986008",
        "code": 8101,
        "fclass": "river",
        "width": 0,
        "name": "Amstel",
        "oneway": "NO",
        "speed_kmh": 7.5
      },
      "geometry": {
        "type": "MultiLineString",
        "coordinates": [
          [
            [
              4.901892,
              52.364479
            ],
            [
              4.9012072,
              52.3657805
            ]
          ]
        ]
      }
    },
    {
      "type": "Feature",
      "properties": {
        "osm_id": "1322986009",
        "code": 8101,
        "fclass": "river",
        "width": 0,
        "name": "Amstel",
        "oneway": "NO",
        "speed_kmh": 7.5
      },
      "geometry": {
        "type": "MultiLineString",
        "coordinates": [
          [
            [
              4.9024089,
              52.3635045
            ],
            [
              4.9023731,
              52.3635837
            ],
            [
              4.9023302,
              52.3636588
            ]
          ]
        ]
      }
    },
    {
      "type": "Feature",
      "properties": {
        "osm_id": "1322986010",
        "code": 8101,
        "fclass": "river",
        "width": 0,
        "name": "Amstel",
        "oneway": "NO",
        "speed_kmh": 7.5
      },
      "geometry": {
        "type": "MultiLineString",
        "coordinates": [
          [
            [
              4.9027595,
              52.362808
            ],
            [
              4.9024089,
              52.3635045
            ]
          ]
        ]
      }
    },
    {
      "type": "Feature",
      "properties": {
        "osm_id": "1322986011",
        "code": 8101,
        "fclass": "river",
        "width": 0,
        "name": "Amstel",
        "oneway": "NO",
        "speed_kmh": 7.5
      },
      "geometry": {
        "type": "MultiLineString",
        "coordinates": [
          [
            [
              4.9061118,
              52.3560256
            ],
            [
              4.906034,
              52.3561612
            ],
            [
              4.9059667,
              52.356311
            ]
          ]
        ]
      }
    },
    {
      "type": "Feature",
      "properties": {
        "osm_id": "1322986012",
        "code": 8101,
        "fclass": "river",
        "width": 0,
        "name": "Amstel",
        "oneway": "NO",
        "speed_kmh": 7.5
      },
      "geometry": {
        "type": "MultiLineString",
        "coordinates": [
          [
            [
              4.9059667,
              52.356311
            ],
            [
              4.9048843,
              52.3587222
            ]
          ]
        ]
      }
    },
    {
      "type": "Feature",
      "properties": {
        "osm_id": "1322986013",
        "code": 8101,
        "fclass": "river",
        "width": 0,
        "name": "Amstel",
        "oneway": "NO",
        "speed_kmh": 7.5
      },
      "geometry": {
        "type": "MultiLineString",
        "coordinates": [
          [
            [
              4.9048843,
              52.3587222
            ],
            [
              4.9048025,
              52.3589043
            ],
            [
              4.904671,
              52.3591671
            ]
          ]
        ]
      }
    },
    {
      "type": "Feature",
      "properties": {
        "osm_id": "1322986014",
        "code": 8101,
        "fclass": "river",
        "width": 0,
        "name": "Amstel",
        "oneway": "NO",
        "speed_kmh": 7.5
      },
      "geometry": {
        "type": "MultiLineString",
        "coordinates": [
          [
            [
              4.9038703,
              52.3605021
            ],
            [
              4.9033221,
              52.3616382
            ]
          ]
        ]
      }
    },
    {
      "type": "Feature",
      "properties": {
        "osm_id": "1322986015",
        "code": 8101,
        "fclass": "river",
        "width": 0,
        "name": "Amstel",
        "oneway": "NO",
        "speed_kmh": 7.5
      },
      "geometry": {
        "type": "MultiLineString",
        "coordinates": [
          [
            [
              4.904348,
              52.3596598
            ],
            [
              4.9040616,
              52.3601271
            ]
          ]
        ]
      }
    },
    {
      "type": "Feature",
      "properties": {
        "osm_id": "1322986016",
        "code": 8103,
        "fclass": "canal",
        "width": 0,
        "name": "Achtergracht",
        "oneway": "NO",
        "speed_kmh": 6.0
      },
      "geometry": {
        "type": "MultiLineString",
        "coordinates": [
          [
            [
              4.9027065,
              52.3615219
            ],
            [
              4.9033221,
              52.3616382
            ]
          ]
        ]
      }
    },
    {
      "type": "Feature",
      "properties": {
        "osm_id": "1322986017",
        "code": 8103,
        "fclass": "canal",
        "width": 0,
        "name": "Achtergracht",
        "oneway": "NO",
        "speed_kmh": 6.0
      },
      "geometry": {
        "type": "MultiLineString",
        "coordinates": [
          [
            [
              4.9025616,
              52.3614952
            ],
            [
              4.9027065,
              52.3615219
            ]
          ]
        ]
      }
    },
    {
      "type": "Feature",
      "properties": {
        "osm_id": "1322987241",
        "code": 8103,
        "fclass": "canal",
        "width": 0,
        "name": "Nieuwe Herengracht",
        "oneway": "NO",
        "speed_kmh": 6.0
      },
      "geometry": {
        "type": "MultiLineString",
        "coordinates": [
          [
            [
              4.9100932,
              52.3693233
            ],
            [
              4.9107411,
              52.3697113
            ],
            [
              4.9110914,
              52.3699446
            ]
          ]
        ]
      }
    },
    {
      "type": "Feature",
      "properties": {
        "osm_id": "1322987242",
        "code": 8103,
        "fclass": "canal",
        "width": 0,
        "name": "Nieuwe Herengracht",
        "oneway": "NO",
        "speed_kmh": 6.0
      },
      "geometry": {
        "type": "MultiLineString",
        "coordinates": [
          [
            [
              4.9073553,
              52.3675032
            ],
            [
              4.9095803,
              52.3689961
            ]
          ]
        ]
      }
    },
    {
      "type": "Feature",
      "properties": {
        "osm_id": "1322987243",
        "code": 8103,
        "fclass": "canal",
        "width": 0,
        "name": "Nieuwe Herengracht",
        "oneway": "NO",
        "speed_kmh": 6.0
      },
      "geometry": {
        "type": "MultiLineString",
        "coordinates": [
          [
            [
              4.9068697,
              52.3671865
            ],
            [
              4.907137,
              52.3673479
            ],
            [
              4.9073553,
              52.3675032
            ]
          ]
        ]
      }
    },
    {
      "type": "Feature",
      "properties": {
        "osm_id": "1322987244",
        "code": 8103,
        "fclass": "canal",
        "width": 0,
        "name": "Nieuwe Herengracht",
        "oneway": "NO",
        "speed_kmh": 6.0
      },
      "geometry": {
        "type": "MultiLineString",
        "coordinates": [
          [
            [
              4.9095803,
              52.3689961
            ],
            [
              4.9098588,
              52.3691829
            ],
            [
              4.9100932,
              52.3693233
            ]
          ]
        ]
      }
    },
    {
      "type": "Feature",
      "properties": {
        "osm_id": "1322987245",
        "code": 8103,
        "fclass": "canal",
        "width": 0,
        "name": "Nieuwe Herengracht",
        "oneway": "NO",
        "speed_kmh": 6.0
      },
      "geometry": {
        "type": "MultiLineString",
        "coordinates": [
          [
            [
              4.9044467,
              52.3663866
            ],
            [
              4.9047853,
              52.3664477
            ],
            [
              4.9051342,
              52.3665197
            ]
          ]
        ]
      }
    },
    {
      "type": "Feature",
      "properties": {
        "osm_id": "1322987246",
        "code": 8103,
        "fclass": "canal",
        "width": 0,
        "name": "Nieuwe Herengracht",
        "oneway": "NO",
        "speed_kmh": 6.0
      },
      "geometry": {
        "type": "MultiLineString",
        "coordinates": [
          [
            [
              4.902085,
              52.3659368
            ],
            [
              4.9044467,
              52.3663866
            ]
          ]
        ]
      }
    },
    {
      "type": "Feature",
      "properties": {
        "osm_id": "1322987247",
        "code": 8103,
        "fclass": "canal",
        "width": 0,
        "name": "Nieuwe Herengracht",
        "oneway": "NO",
        "speed_kmh": 6.0
      },
      "geometry": {
        "type": "MultiLineString",
        "coordinates": [
          [
            [
              4.9018053,
              52.3658859
            ],
            [
              4.9019471,
              52.3659104
            ],
            [
              4.902085,
              52.3659368
            ]
          ]
        ]
      }
    },
    {
      "type": "Feature",
      "properties": {
        "osm_id": "1322987248",
        "code": 8103,
        "fclass": "canal",
        "width": 0,
        "name": "Nieuwe Herengracht",
        "oneway": "NO",
        "speed_kmh": 6.0
      },
      "geometry": {
        "type": "MultiLineString",
        "coordinates": [
          [
            [
              4.9012072,
              52.3657805
            ],
            [
              4.9018053,
              52.3658859
            ]
          ]
        ]
      }
    },
    {
      "type": "Feature",
      "properties": {
        "osm_id": "1322987249",
        "code": 8103,
        "fclass": "canal",
        "width": 0,
        "name": "Nieuwe Keizersgracht",
        "oneway": "NO",
        "speed_kmh": 6.0
      },
      "geometry": {
        "type": "MultiLineString",
        "coordinates": [
          [
            [
              4.9027012,
              52.3646441
            ],
            [
              4.9025255,
              52.3646095
            ]
          ]
        ]
      }
    },
    {
      "type": "Feature",
      "properties": {
        "osm_id": "1322987250",
        "code": 8103,
        "fclass": "canal",
        "width": 0,
        "name": "Nieuwe Keizersgracht",
        "oneway": "NO",
        "speed_kmh": 6.0
      },
      "geometry": {
        "type": "MultiLineString",
        "coordinates": [
          [
            [
              4.9025255,
              52.3646095
            ],
            [
              4.901892,
              52.364479
            ]
          ]
        ]
      }
    },
    {
      "type": "Feature",
      "properties": {
        "osm_id": "1322987361",
        "code": 8103,
        "fclass": "canal",
        "width": 0,
        "name": "Plantage Muidergracht",
        "oneway": "NO",
        "speed_kmh": 6.0
      },
      "geometry": {
        "type": "MultiLineString",
        "coordinates": [
          [
            [
              4.9187501,
              52.3639898
            ],
            [
              4.9184336,
              52.3638802
            ]
          ]
        ]
      }
    },
    {
      "type": "Feature",
      "properties": {
        "osm_id": "1322987362",
        "code": 8103,
        "fclass": "canal",
        "width": 0,
        "name": "Plantage Muidergracht",
        "oneway": "NO",
        "speed_kmh": 6.0
      },
      "geometry": {
        "type": "MultiLineString",
        "coordinates": [
          [
            [
              4.9184336,
              52.3638802
            ],
            [
              4.9164918,
              52.3633285
            ],
            [
              4.9162397,
              52.3633195
            ],
            [
              4.9159875,
              52.3633629
            ],
            [
              4.9144046,
              52.3639161
            ],
            [
              4.9141194,
              52.3640151
            ]
          ]
        ]
      }
    },
    {
      "type": "Feature",
      "properties": {
        "osm_id": "1322995827",
        "code": 8103,
        "fclass": "canal",
        "width": 0,
        "name": "Oudezijds Achterburgwal",
        "oneway": "NO",
        "speed_kmh": 6.0
      },
      "geometry": {
        "type": "MultiLineString",
        "coordinates": [
          [
            [
              4.8957003,
              52.3702213
            ],
            [
              4.8958025,
              52.37033
            ]
          ]
        ]
      }
    },
    {
      "type": "Feature",
      "properties": {
        "osm_id": "1322995828",
        "code": 8103,
        "fclass": "canal",
        "width": 0,
        "name": "Oudezijds Achterburgwal",
        "oneway": "NO",
        "speed_kmh": 6.0
      },
      "geometry": {
        "type": "MultiLineString",
        "coordinates": [
          [
            [
              4.8958025,
              52.37033
            ],
            [
              4.8961518,
              52.3707183
            ],
            [
              4.8968332,
              52.3714482
            ]
          ]
        ]
      }
    },
    {
      "type": "Feature",
      "properties": {
        "osm_id": "1322995829",
        "code": 8103,
        "fclass": "canal",
        "width": 0,
        "name": "Oudezijds Achterburgwal",
        "oneway": "NO",
        "speed_kmh": 6.0
      },
      "geometry": {
        "type": "MultiLineString",
        "coordinates": [
          [
            [
              4.8968332,
              52.3714482
            ],
            [
              4.8969457,
              52.3715574
            ]
          ]
        ]
      }
    },
    {
      "type": "Feature",
      "properties": {
        "osm_id": "1322995830",
        "code": 8103,
        "fclass": "canal",
        "width": 0,
        "name": "Oudezijds Achterburgwal",
        "oneway": "NO",
        "speed_kmh": 6.0
      },
      "geometry": {
        "type": "MultiLineString",
        "coordinates": [
          [
            [
              4.8969457,
              52.3715574
            ],
            [
              4.8978194,
              52.372373
            ]
          ]
        ]
      }
    },
    {
      "type": "Feature",
      "properties": {
        "osm_id": "1322995831",
        "code": 8103,
        "fclass": "canal",
        "width": 0,
        "name": "Oudezijds Achterburgwal",
        "oneway": "NO",
        "speed_kmh": 6.0
      },
      "geometry": {
        "type": "MultiLineString",
        "coordinates": [
          [
            [
              4.8978194,
              52.372373
            ],
            [
              4.897916,
              52.3724605
            ],
            [
              4.8986595,
              52.3731438
            ],
            [
              4.8992263,
              52.3736576
            ]
          ]
        ]
      }
    },
    {
      "type": "Feature",
      "properties": {
        "osm_id": "1322995833",
        "code": 8103,
        "fclass": "canal",
        "width": 0,
        "name": "Oudezijds Achterburgwal",
        "oneway": "NO",
        "speed_kmh": 6.0
      },
      "geometry": {
        "type": "MultiLineString",
        "coordinates": [
          [
            [
              4.8992263,
              52.3736576
            ],
            [
              4.8993142,
              52.3737417
            ]
          ]
        ]
      }
    },
    {
      "type": "Feature",
      "properties": {
        "osm_id": "1322995834",
        "code": 8103,
        "fclass": "canal",
        "width": 0,
        "name": "Oudezijds Achterburgwal",
        "oneway": "NO",
        "speed_kmh": 6.0
      },
      "geometry": {
        "type": "MultiLineString",
        "coordinates": [
          [
            [
              4.8993142,
              52.3737417
            ],
            [
              4.8997517,
              52.3741377
            ],
            [
              4.9001338,
              52.3744593
            ]
          ]
        ]
      }
    },
    {
      "type": "Feature",
      "properties": {
        "osm_id": "1322995835",
        "code": 8103,
        "fclass": "canal",
        "width": 0,
        "name": "Oudezijds Achterburgwal",
        "oneway": "NO",
        "speed_kmh": 6.0
      },
      "geometry": {
        "type": "MultiLineString",
        "coordinates": [
          [
            [
              4.9001338,
              52.3744593
            ],
            [
              4.9002138,
              52.3745375
            ]
          ]
        ]
      }
    },
    {
      "type": "Feature",
      "properties": {
        "osm_id": "1322995836",
        "code": 8103,
        "fclass": "canal",
        "width": 0,
        "name": "Oudezijds Achterburgwal",
        "oneway": "NO",
        "speed_kmh": 6.0
      },
      "geometry": {
        "type": "MultiLineString",
        "coordinates": [
          [
            [
              4.9002138,
              52.3745375
            ],
            [
              4.900563,
              52.374888
            ],
            [
              4.900673,
              52.3750313
            ],
            [
              4.9007122,
              52.3751387
            ]
          ]
        ]
      }
    },
    {
      "type": "Feature",
      "properties": {
        "osm_id": "1322995837",
        "code": 8103,
        "fclass": "canal",
        "width": 0,
        "name": "Oudezijds Achterburgwal",
        "oneway": "NO",
        "speed_kmh": 6.0
      },
      "geometry": {
        "type": "MultiLineString",
        "coordinates": [
          [
            [
              4.9007122,
              52.3751387
            ],
            [
              4.9007176,
              52.3751879
            ]
          ]
        ]
      }
    },
    {
      "type": "Feature",
      "properties": {
        "osm_id": "1322995838",
        "code": 8103,
        "fclass": "canal",
        "width": 0,
        "name": "Oudezijds Achterburgwal",
        "oneway": "NO",
        "speed_kmh": 6.0
      },
      "geometry": {
        "type": "MultiLineString",
        "coordinates": [
          [
            [
              4.9007176,
              52.3751879
            ],
            [
              4.9007004,
              52.3752907
            ],
            [
              4.9006371,
              52.3753984
            ],
            [
              4.9004999,
              52.375513
            ],
            [
              4.9003422,
              52.3756554
            ]
          ]
        ]
      }
    },
    {
      "type": "Feature",
      "properties": {
        "osm_id": "1322995839",
        "code": 8103,
        "fclass": "canal",
        "width": 0,
        "name": "Oudezijds Voorburgwal",
        "oneway": "NO",
        "speed_kmh": 6.0
      },
      "geometry": {
        "type": "MultiLineString",
        "coordinates": [
          [
            [
              4.900079,
              52.3754132
            ],
            [
              4.9003422,
              52.3756554
            ]
          ]
        ]
      }
    },
    {
      "type": "Feature",
      "properties": {
        "osm_id": "1322995840",
        "code": 8103,
        "fclass": "canal",
        "width": 0,
        "name": "Oudezijds Voorburgwal",
        "oneway": "NO",
        "speed_kmh": 6.0
      },
      "geometry": {
        "type": "MultiLineString",
        "coordinates": [
          [
            [
              4.899975,
              52.3753174
            ],
            [
              4.900079,
              52.3754132
            ]
          ]
        ]
      }
    },
    {
      "type": "Feature",
      "properties": {
        "osm_id": "1322995841",
        "code": 8103,
        "fclass": "canal",
        "width": 0,
        "name": "Oudezijds Voorburgwal",
        "oneway": "NO",
        "speed_kmh": 6.0
      },
      "geometry": {
        "type": "MultiLineString",
        "coordinates": [
          [
            [
              4.8993598,
              52.3747026
            ],
            [
              4.8994518,
              52.3747925
            ]
          ]
        ]
      }
    },
    {
      "type": "Feature",
      "properties": {
        "osm_id": "1322995842",
        "code": 8103,
        "fclass": "canal",
        "width": 0,
        "name": "Oudezijds Voorburgwal",
        "oneway": "NO",
        "speed_kmh": 6.0
      },
      "geometry": {
        "type": "MultiLineString",
        "coordinates": [
          [
            [
              4.8994518,
              52.3747925
            ],
            [
              4.899975,
              52.3753174
            ]
          ]
        ]
      }
    },
    {
      "type": "Feature",
      "properties": {
        "osm_id": "1322995843",
        "code": 8103,
        "fclass": "canal",
        "width": 0,
        "name": "Oudezijds Voorburgwal",
        "oneway": "NO",
        "speed_kmh": 6.0
      },
      "geometry": {
        "type": "MultiLineString",
        "coordinates": [
          [
            [
              4.8984028,
              52.3738806
            ],
            [
              4.8984944,
              52.3739514
            ]
          ]
        ]
      }
    },
    {
      "type": "Feature",
      "properties": {
        "osm_id": "1322995844",
        "code": 8103,
        "fclass": "canal",
        "width": 0,
        "name": "Oudezijds Voorburgwal",
        "oneway": "NO",
        "speed_kmh": 6.0
      },
      "geometry": {
        "type": "MultiLineString",
        "coordinates": [
          [
            [
              4.8968921,
              52.3727111
            ],
            [
              4.8984028,
              52.3738806
            ]
          ]
        ]
      }
    },
    {
      "type": "Feature",
      "properties": {
        "osm_id": "1322995845",
        "code": 8103,
        "fclass": "canal",
        "width": 0,
        "name": "Oudezijds Voorburgwal",
        "oneway": "NO",
        "speed_kmh": 6.0
      },
      "geometry": {
        "type": "MultiLineString",
        "coordinates": [
          [
            [
              4.896833,
              52.3726611
            ],
            [
              4.8968921,
              52.3727111
            ]
          ]
        ]
      }
    },
    {
      "type": "Feature",
      "properties": {
        "osm_id": "1322995846",
        "code": 8103,
        "fclass": "canal",
        "width": 0,
        "name": "Oudezijds Voorburgwal",
        "oneway": "NO",
        "speed_kmh": 6.0
      },
      "geometry": {
        "type": "MultiLineString",
        "coordinates": [
          [
            [
              4.8984944,
              52.3739514
            ],
            [
              4.899048,
              52.3743979
            ],
            [
              4.8993598,
              52.3747026
            ]
          ]
        ]
      }
    },
    {
      "type": "Feature",
      "properties": {
        "osm_id": "1322995847",
        "code": 8103,
        "fclass": "canal",
        "width": 0,
        "name": "Oudezijds Voorburgwal",
        "oneway": "NO",
        "speed_kmh": 6.0
      },
      "geometry": {
        "type": "MultiLineString",
        "coordinates": [
          [
            [
              4.8957454,
              52.3717528
            ],
            [
              4.8959406,
              52.3719185
            ]
          ]
        ]
      }
    },
    {
      "type": "Feature",
      "properties": {
        "osm_id": "1322995848",
        "code": 8103,
        "fclass": "canal",
        "width": 0,
        "name": "Oudezijds Voorburgwal",
        "oneway": "NO",
        "speed_kmh": 6.0
      },
      "geometry": {
        "type": "MultiLineString",
        "coordinates": [
          [
            [
              4.8947548,
              52.3707903
            ],
            [
              4.8948595,
              52.3709477
            ],
            [
              4.8954181,
              52.3715189
            ],
            [
              4.8957454,
              52.3717528
            ]
          ]
        ]
      }
    },
    {
      "type": "Feature",
      "properties": {
        "osm_id": "1322995849",
        "code": 8103,
        "fclass": "canal",
        "width": 0,
        "name": "Oudezijds Voorburgwal",
        "oneway": "NO",
        "speed_kmh": 6.0
      },
      "geometry": {
        "type": "MultiLineString",
        "coordinates": [
          [
            [
              4.89473,
              52.3707147
            ],
            [
              4.8947548,
              52.3707903
            ]
          ]
        ]
      }
    },
    {
      "type": "Feature",
      "properties": {
        "osm_id": "1322995850",
        "code": 8103,
        "fclass": "canal",
        "width": 0,
        "name": "Oudezijds Voorburgwal",
        "oneway": "NO",
        "speed_kmh": 6.0
      },
      "geometry": {
        "type": "MultiLineString",
        "coordinates": [
          [
            [
              4.8945534,
              52.3701801
            ],
            [
              4.89473,
              52.3707147
            ]
          ]
        ]
      }
    },
    {
      "type": "Feature",
      "properties": {
        "osm_id": "1322995851",
        "code": 8103,
        "fclass": "canal",
        "width": 0,
        "name": "Oudezijds Voorburgwal",
        "oneway": "NO",
        "speed_kmh": 6.0
      },
      "geometry": {
        "type": "MultiLineString",
        "coordinates": [
          [
            [
              4.8945296,
              52.3701063
            ],
            [
              4.8945534,
              52.3701801
            ]
          ]
        ]
      }
    },
    {
      "type": "Feature",
      "properties": {
        "osm_id": "1322995852",
        "code": 8103,
        "fclass": "canal",
        "width": 0,
        "name": "Oudezijds Voorburgwal",
        "oneway": "NO",
        "speed_kmh": 6.0
      },
      "geometry": {
        "type": "MultiLineString",
        "coordinates": [
          [
            [
              4.8943119,
              52.3693867
            ],
            [
              4.8945296,
              52.3701063
            ]
          ]
        ]
      }
    },
    {
      "type": "Feature",
      "properties": {
        "osm_id": "1322995853",
        "code": 8103,
        "fclass": "canal",
        "width": 0,
        "name": "Oudezijds Voorburgwal",
        "oneway": "NO",
        "speed_kmh": 6.0
      },
      "geometry": {
        "type": "MultiLineString",
        "coordinates": [
          [
            [
              4.8943009,
              52.3692249
            ],
            [
              4.8943119,
              52.3693867
            ]
          ]
        ]
      }
    },
    {
      "type": "Feature",
      "properties": {
        "osm_id": "1322995854",
        "code": 8103,
        "fclass": "canal",
        "width": 0,
        "name": "Oudezijds Achterburgwal",
        "oneway": "NO",
        "speed_kmh": 6.0
      },
      "geometry": {
        "type": "MultiLineString",
        "coordinates": [
          [
            [
              4.8948251,
              52.369259
            ],
            [
              4.8949336,
              52.36936
            ]
          ]
        ]
      }
    },
    {
      "type": "Feature",
      "properties": {
        "osm_id": "1322995855",
        "code": 8103,
        "fclass": "canal",
        "width": 0,
        "name": "Grimburgwal",
        "oneway": "Yes",
        "speed_kmh": 6.0
      },
      "geometry": {
        "type": "MultiLineString",
        "coordinates": [
          [
            [
              4.8925803,
              52.3691016
            ],
            [
              4.8927888,
              52.3691275
            ]
          ]
        ]
      }
    },
    {
      "type": "Feature",
      "properties": {
        "osm_id": "1322995856",
        "code": 8103,
        "fclass": "canal",
        "width": 0,
        "name": "Grimburgwal",
        "oneway": "Yes",
        "speed_kmh": 6.0
      },
      "geometry": {
        "type": "MultiLineString",
        "coordinates": [
          [
            [
              4.8923639,
              52.3690584
            ],
            [
              4.8925803,
              52.3691016
            ]
          ]
        ]
      }
    },
    {
      "type": "Feature",
      "properties": {
        "osm_id": "1322995857",
        "code": 8103,
        "fclass": "canal",
        "width": 0,
        "name": "Raamgracht",
        "oneway": "NO",
        "speed_kmh": 6.0
      },
      "geometry": {
        "type": "MultiLineString",
        "coordinates": [
          [
            [
              4.8981548,
              52.369918
            ],
            [
              4.8977906,
              52.3699892
            ]
          ]
        ]
      }
    },
    {
      "type": "Feature",
      "properties": {
        "osm_id": "1322995858",
        "code": 8103,
        "fclass": "canal",
        "width": 0,
        "name": "Kloveniersburgwal",
        "oneway": "NO",
        "speed_kmh": 6.0
      },
      "geometry": {
        "type": "MultiLineString",
        "coordinates": [
          [
            [
              4.8976613,
              52.3698512
            ],
            [
              4.8963176,
              52.3684169
            ]
          ]
        ]
      }
    },
    {
      "type": "Feature",
      "properties": {
        "osm_id": "1322995859",
        "code": 8103,
        "fclass": "canal",
        "width": 0,
        "name": "Groenburgwal",
        "oneway": "NO",
        "speed_kmh": 6.0
      },
      "geometry": {
        "type": "MultiLineString",
        "coordinates": [
          [
            [
              4.8990669,
              52.3697396
            ],
            [
              4.8989652,
              52.3696302
            ]
          ]
        ]
      }
    },
    {
      "type": "Feature",
      "properties": {
        "osm_id": "1322995860",
        "code": 8103,
        "fclass": "canal",
        "width": 0,
        "name": "Raamgracht",
        "oneway": "NO",
        "speed_kmh": 6.0
      },
      "geometry": {
        "type": "MultiLineString",
        "coordinates": [
          [
            [
              4.9001714,
              52.3694055
            ],
            [
              4.900044,
              52.3694622
            ]
          ]
        ]
      }
    },
    {
      "type": "Feature",
      "properties": {
        "osm_id": "1322995861",
        "code": 8103,
        "fclass": "canal",
        "width": 0,
        "name": "Raamgracht",
        "oneway": "NO",
        "speed_kmh": 6.0
      },
      "geometry": {
        "type": "MultiLineString",
        "coordinates": [
          [
            [
              4.9003768,
              52.3691823
            ],
            [
              4.9001714,
              52.3694055
            ]
          ]
        ]
      }
    },
    {
      "type": "Feature",
      "properties": {
        "osm_id": "1322995862",
        "code": 8103,
        "fclass": "canal",
        "width": 0,
        "name": "Oudeschans",
        "oneway": "NO",
        "speed_kmh": 6.0
      },
      "geometry": {
        "type": "MultiLineString",
        "coordinates": [
          [
            [
              4.9016053,
              52.3699487
            ],
            [
              4.9018729,
              52.370111
            ]
          ]
        ]
      }
    },
    {
      "type": "Feature",
      "properties": {
        "osm_id": "1322995863",
        "code": 8103,
        "fclass": "canal",
        "width": 0,
        "name": "Zwanenburgwal",
        "oneway": "NO",
        "speed_kmh": 6.0
      },
      "geometry": {
        "type": "MultiLineString",
        "coordinates": [
          [
            [
              4.8989176,
              52.3680356
            ],
            [
              4.8990047,
              52.3681084
            ],
            [
              4.8990486,
              52.3681523
            ]
          ]
        ]
      }
    },
    {
      "type": "Feature",
      "properties": {
        "osm_id": "1322995864",
        "code": 8103,
        "fclass": "canal",
        "width": 0,
        "name": "Zwanenburgwal",
        "oneway": "NO",
        "speed_kmh": 6.0
      },
      "geometry": {
        "type": "MultiLineString",
        "coordinates": [
          [
            [
              4.8984665,
              52.3673285
            ],
            [
              4.8984976,
              52.3676263
            ],
            [
              4.8989176,
              52.3680356
            ]
          ]
        ]
      }
    },
    {
      "type": "Feature",
      "properties": {
        "osm_id": "1323000246",
        "code": 8103,
        "fclass": "canal",
        "width": 0,
        "name": null,
        "oneway": "NO",
        "speed_kmh": 6.0
      },
      "geometry": {
        "type": "MultiLineString",
        "coordinates": [
          [
            [
              4.902826,
              52.3696244
            ],
            [
              4.9018729,
              52.370111
            ]
          ]
        ]
      }
    },
    {
      "type": "Feature",
      "properties": {
        "osm_id": "1323000247",
        "code": 8103,
        "fclass": "canal",
        "width": 0,
        "name": null,
        "oneway": "NO",
        "speed_kmh": 6.0
      },
      "geometry": {
        "type": "MultiLineString",
        "coordinates": [
          [
            [
              4.903715,
              52.3692526
            ],
            [
              4.9030683,
              52.3695297
            ]
          ]
        ]
      }
    },
    {
      "type": "Feature",
      "properties": {
        "osm_id": "1323000248",
        "code": 8103,
        "fclass": "canal",
        "width": 0,
        "name": "Rapenburgwal",
        "oneway": "NO",
        "speed_kmh": 6.0
      },
      "geometry": {
        "type": "MultiLineString",
        "coordinates": [
          [
            [
              4.9072561,
              52.3715851
            ],
            [
              4.907455,
              52.3714192
            ]
          ]
        ]
      }
    },
    {
      "type": "Feature",
      "properties": {
        "osm_id": "1323000249",
        "code": 8103,
        "fclass": "canal",
        "width": 0,
        "name": "Rapenburgwal",
        "oneway": "NO",
        "speed_kmh": 6.0
      },
      "geometry": {
        "type": "MultiLineString",
        "coordinates": [
          [
            [
              4.9063988,
              52.3720583
            ],
            [
              4.9072561,
              52.3715851
            ]
          ]
        ]
      }
    },
    {
      "type": "Feature",
      "properties": {
        "osm_id": "1323000250",
        "code": 8103,
        "fclass": "canal",
        "width": 0,
        "name": "Oudeschans",
        "oneway": "NO",
        "speed_kmh": 6.0
      },
      "geometry": {
        "type": "MultiLineString",
        "coordinates": [
          [
            [
              4.9063988,
              52.3720583
            ],
            [
              4.9075627,
              52.3726289
            ]
          ]
        ]
      }
    },
    {
      "type": "Feature",
      "properties": {
        "osm_id": "1323000251",
        "code": 8103,
        "fclass": "canal",
        "width": 0,
        "name": "Waalseilandgracht",
        "oneway": "NO",
        "speed_kmh": 6.0
      },
      "geometry": {
        "type": "MultiLineString",
        "coordinates": [
          [
            [
              4.9059946,
              52.3722364
            ],
            [
              4.9063988,
              52.3720583
            ]
          ]
        ]
      }
    },
    {
      "type": "Feature",
      "properties": {
        "osm_id": "1323000252",
        "code": 8103,
        "fclass": "canal",
        "width": 0,
        "name": "Waalseilandgracht",
        "oneway": "NO",
        "speed_kmh": 6.0
      },
      "geometry": {
        "type": "MultiLineString",
        "coordinates": [
          [
            [
              4.9058893,
              52.3723213
            ],
            [
              4.9059946,
              52.3722364
            ]
          ]
        ]
      }
    },
    {
      "type": "Feature",
      "properties": {
        "osm_id": "1323000253",
        "code": 8103,
        "fclass": "canal",
        "width": 0,
        "name": "Geldersekade",
        "oneway": "NO",
        "speed_kmh": 6.0
      },
      "geometry": {
        "type": "MultiLineString",
        "coordinates": [
          [
            [
              4.9012629,
              52.374086
            ],
            [
              4.901342,
              52.3742419
            ]
          ]
        ]
      }
    },
    {
      "type": "Feature",
      "properties": {
        "osm_id": "1323000254",
        "code": 8103,
        "fclass": "canal",
        "width": 0,
        "name": "Geldersekade",
        "oneway": "NO",
        "speed_kmh": 6.0
      },
      "geometry": {
        "type": "MultiLineString",
        "coordinates": [
          [
            [
              4.9009489,
              52.3734672
            ],
            [
              4.9012629,
              52.374086
            ]
          ]
        ]
      }
    },
    {
      "type": "Feature",
      "properties": {
        "osm_id": "1323000255",
        "code": 8103,
        "fclass": "canal",
        "width": 0,
        "name": "Geldersekade",
        "oneway": "NO",
        "speed_kmh": 6.0
      },
      "geometry": {
        "type": "MultiLineString",
        "coordinates": [
          [
            [
              4.901119,
              52.373426
            ],
            [
              4.9009489,
              52.3734672
            ]
          ]
        ]
      }
    },
    {
      "type": "Feature",
      "properties": {
        "osm_id": "1323000256",
        "code": 8103,
        "fclass": "canal",
        "width": 0,
        "name": "Geldersekade",
        "oneway": "NO",
        "speed_kmh": 6.0
      },
      "geometry": {
        "type": "MultiLineString",
        "coordinates": [
          [
            [
              4.9009489,
              52.3734672
            ],
            [
              4.9008572,
              52.3732821
            ]
          ]
        ]
      }
    },
    {
      "type": "Feature",
      "properties": {
        "osm_id": "1323000257",
        "code": 8103,
        "fclass": "canal",
        "width": 0,
        "name": "Recht Boomssloot",
        "oneway": "NO",
        "speed_kmh": 6.0
      },
      "geometry": {
        "type": "MultiLineString",
        "coordinates": [
          [
            [
              4.9013406,
              52.3733687
            ],
            [
              4.901119,
              52.373426
            ]
          ]
        ]
      }
    },
    {
      "type": "Feature",
      "properties": {
        "osm_id": "1323000258",
        "code": 8103,
        "fclass": "canal",
        "width": 0,
        "name": "Recht Boomssloot",
        "oneway": "NO",
        "speed_kmh": 6.0
      },
      "geometry": {
        "type": "MultiLineString",
        "coordinates": [
          [
            [
              4.9019715,
              52.3730086
            ],
            [
              4.9019088,
              52.3730424
            ]
          ]
        ]
      }
    },
    {
      "type": "Feature",
      "properties": {
        "osm_id": "1323000259",
        "code": 8103,
        "fclass": "canal",
        "width": 0,
        "name": "Recht Boomssloot",
        "oneway": "NO",
        "speed_kmh": 6.0
      },
      "geometry": {
        "type": "MultiLineString",
        "coordinates": [
          [
            [
              4.9028427,
              52.3725388
            ],
            [
              4.9019715,
              52.3730086
            ]
          ]
        ]
      }
    },
    {
      "type": "Feature",
      "properties": {
        "osm_id": "1323000260",
        "code": 8103,
        "fclass": "canal",
        "width": 0,
        "name": "Snoekjesgracht",
        "oneway": "NO",
        "speed_kmh": 6.0
      },
      "geometry": {
        "type": "MultiLineString",
        "coordinates": [
          [
            [
              4.9012665,
              52.3705639
            ],
            [
              4.9013337,
              52.3704711
            ]
          ]
        ]
      }
    },
    {
      "type": "Feature",
      "properties": {
        "osm_id": "1323000261",
        "code": 8103,
        "fclass": "canal",
        "width": 0,
        "name": "Snoekjesgracht",
        "oneway": "NO",
        "speed_kmh": 6.0
      },
      "geometry": {
        "type": "MultiLineString",
        "coordinates": [
          [
            [
              4.9013337,
              52.3704711
            ],
            [
              4.9014955,
              52.3702881
            ],
            [
              4.9018729,
              52.370111
            ]
          ]
        ]
      }
    },
    {
      "type": "Feature",
      "properties": {
        "osm_id": "1323000262",
        "code": 8103,
        "fclass": "canal",
        "width": 0,
        "name": "Krom Boomssloot",
        "oneway": "NO",
        "speed_kmh": 6.0
      },
      "geometry": {
        "type": "MultiLineString",
        "coordinates": [
          [
            [
              4.901677,
              52.3710211
            ],
            [
              4.9015793,
              52.3709719
            ]
          ]
        ]
      }
    },
    {
      "type": "Feature",
      "properties": {
        "osm_id": "1323000263",
        "code": 8103,
        "fclass": "canal",
        "width": 0,
        "name": "Krom Boomssloot",
        "oneway": "NO",
        "speed_kmh": 6.0
      },
      "geometry": {
        "type": "MultiLineString",
        "coordinates": [
          [
            [
              4.9015793,
              52.3709719
            ],
            [
              4.9011437,
              52.3707644
            ]
          ]
        ]
      }
    },
    {
      "type": "Feature",
      "properties": {
        "osm_id": "1323000264",
        "code": 8103,
        "fclass": "canal",
        "width": 0,
        "name": "Krom Boomssloot",
        "oneway": "NO",
        "speed_kmh": 6.0
      },
      "geometry": {
        "type": "MultiLineString",
        "coordinates": [
          [
            [
              4.9023183,
              52.3715653
            ],
            [
              4.9022655,
              52.3714829
            ]
          ]
        ]
      }
    },
    {
      "type": "Feature",
      "properties": {
        "osm_id": "1323000265",
        "code": 8103,
        "fclass": "canal",
        "width": 0,
        "name": "Krom Boomssloot",
        "oneway": "NO",
        "speed_kmh": 6.0
      },
      "geometry": {
        "type": "MultiLineString",
        "coordinates": [
          [
            [
              4.9024969,
              52.371966
            ],
            [
              4.9023183,
              52.3715653
            ]
          ]
        ]
      }
    },
    {
      "type": "Feature",
      "properties": {
        "osm_id": "1323000266",
        "code": 8103,
        "fclass": "canal",
        "width": 0,
        "name": "Krom Boomssloot",
        "oneway": "NO",
        "speed_kmh": 6.0
      },
      "geometry": {
        "type": "MultiLineString",
        "coordinates": [
          [
            [
              4.9025403,
              52.372043
            ],
            [
              4.9024969,
              52.371966
            ]
          ]
        ]
      }
    },
    {
      "type": "Feature",
      "properties": {
        "osm_id": "1323000267",
        "code": 8103,
        "fclass": "canal",
        "width": 0,
        "name": "Krom Boomssloot",
        "oneway": "NO",
        "speed_kmh": 6.0
      },
      "geometry": {
        "type": "MultiLineString",
        "coordinates": [
          [
            [
              4.9027402,
              52.3724274
            ],
            [
              4.9025403,
              52.372043
            ]
          ]
        ]
      }
    },
    {
      "type": "Feature",
      "properties": {
        "osm_id": "1323000268",
        "code": 8103,
        "fclass": "canal",
        "width": 0,
        "name": "Krom Boomssloot",
        "oneway": "NO",
        "speed_kmh": 6.0
      },
      "geometry": {
        "type": "MultiLineString",
        "coordinates": [
          [
            [
              4.9028427,
              52.3725388
            ],
            [
              4.9027402,
              52.3724274
            ]
          ]
        ]
      }
    },
    {
      "type": "Feature",
      "properties": {
        "osm_id": "1323000269",
        "code": 8103,
        "fclass": "canal",
        "width": 0,
        "name": "Recht Boomssloot",
        "oneway": "NO",
        "speed_kmh": 6.0
      },
      "geometry": {
        "type": "MultiLineString",
        "coordinates": [
          [
            [
              4.9029864,
              52.372458
            ],
            [
              4.9028427,
              52.3725388
            ]
          ]
        ]
      }
    },
    {
      "type": "Feature",
      "properties": {
        "osm_id": "1323000270",
        "code": 8103,
        "fclass": "canal",
        "width": 0,
        "name": "Recht Boomssloot",
        "oneway": "NO",
        "speed_kmh": 6.0
      },
      "geometry": {
        "type": "MultiLineString",
        "coordinates": [
          [
            [
              4.9044038,
              52.3716609
            ],
            [
              4.9029864,
              52.372458
            ]
          ]
        ]
      }
    },
    {
      "type": "Feature",
      "properties": {
        "osm_id": "1323000271",
        "code": 8103,
        "fclass": "canal",
        "width": 0,
        "name": "Recht Boomssloot",
        "oneway": "NO",
        "speed_kmh": 6.0
      },
      "geometry": {
        "type": "MultiLineString",
        "coordinates": [
          [
            [
              4.9045595,
              52.3715634
            ],
            [
              4.9044038,
              52.3716609
            ]
          ]
        ]
      }
    },
    {
      "type": "Feature",
      "properties": {
        "osm_id": "1323000272",
        "code": 8103,
        "fclass": "canal",
        "width": 0,
        "name": "Recht Boomssloot",
        "oneway": "NO",
        "speed_kmh": 6.0
      },
      "geometry": {
        "type": "MultiLineString",
        "coordinates": [
          [
            [
              4.9047393,
              52.3713819
            ],
            [
              4.9045595,
              52.3715634
            ]
          ]
        ]
      }
    },
    {
      "type": "Feature",
      "properties": {
        "osm_id": "1323000273",
        "code": 8103,
        "fclass": "canal",
        "width": 0,
        "name": "Oudeschans",
        "oneway": "NO",
        "speed_kmh": 6.0
      },
      "geometry": {
        "type": "MultiLineString",
        "coordinates": [
          [
            [
              4.9038756,
              52.3710301
            ],
            [
              4.9039956,
              52.3710838
            ],
            [
              4.9041393,
              52.3711414
            ]
          ]
        ]
      }
    },
    {
      "type": "Feature",
      "properties": {
        "osm_id": "1323000274",
        "code": 8103,
        "fclass": "canal",
        "width": 0,
        "name": "Oudeschans",
        "oneway": "NO",
        "speed_kmh": 6.0
      },
      "geometry": {
        "type": "MultiLineString",
        "coordinates": [
          [
            [
              4.9041393,
              52.3711414
            ],
            [
              4.9047393,
              52.3713819
            ],
            [
              4.9063988,
              52.3720583
            ]
          ]
        ]
      }
    },
    {
      "type": "Feature",
      "properties": {
        "osm_id": "1323622722",
        "code": 8103,
        "fclass": "canal",
        "width": 0,
        "name": "Dijksgracht",
        "oneway": "NO",
        "speed_kmh": 6.0
      },
      "geometry": {
        "type": "MultiLineString",
        "coordinates": [
          [
            [
              4.9124928,
              52.3755272
            ],
            [
              4.9138468,
              52.3760495
            ]
          ]
        ]
      }
    },
    {
      "type": "Feature",
      "properties": {
        "osm_id": "1323622723",
        "code": 8103,
        "fclass": "canal",
        "width": 0,
        "name": "Dijksgracht",
        "oneway": "NO",
        "speed_kmh": 6.0
      },
      "geometry": {
        "type": "MultiLineString",
        "coordinates": [
          [
            [
              4.9138468,
              52.3760495
            ],
            [
              4.9141721,
              52.3760819
            ],
            [
              4.9143888,
              52.3761012
            ]
          ]
        ]
      }
    },
    {
      "type": "Feature",
      "properties": {
        "osm_id": "1323622724",
        "code": 8103,
        "fclass": "canal",
        "width": 0,
        "name": "Oosterdok",
        "oneway": "NO",
        "speed_kmh": 6.0
      },
      "geometry": {
        "type": "MultiLineString",
        "coordinates": [
          [
            [
              4.9104327,
              52.3746298
            ],
            [
              4.9106232,
              52.3747636
            ],
            [
              4.91084,
              52.3749193
            ]
          ]
        ]
      }
    },
    {
      "type": "Feature",
      "properties": {
        "osm_id": "1323622725",
        "code": 8103,
        "fclass": "canal",
        "width": 0,
        "name": "Oosterdok",
        "oneway": "NO",
        "speed_kmh": 6.0
      },
      "geometry": {
        "type": "MultiLineString",
        "coordinates": [
          [
            [
              4.91084,
              52.3749193
            ],
            [
              4.9111702,
              52.3754794
            ]
          ]
        ]
      }
    },
    {
      "type": "Feature",
      "properties": {
        "osm_id": "1323622726",
        "code": 8103,
        "fclass": "canal",
        "width": 0,
        "name": "Waalseilandgracht",
        "oneway": "NO",
        "speed_kmh": 6.0
      },
      "geometry": {
        "type": "MultiLineString",
        "coordinates": [
          [
            [
              4.9034516,
              52.3736895
            ],
            [
              4.9035097,
              52.3736261
            ]
          ]
        ]
      }
    },
    {
      "type": "Feature",
      "properties": {
        "osm_id": "1323622727",
        "code": 8103,
        "fclass": "canal",
        "width": 0,
        "name": "Waalseilandgracht",
        "oneway": "NO",
        "speed_kmh": 6.0
      },
      "geometry": {
        "type": "MultiLineString",
        "coordinates": [
          [
            [
              4.9035097,
              52.3736261
            ],
            [
              4.9036662,
              52.3734955
            ],
            [
              4.9058893,
              52.3723213
            ]
          ]
        ]
      }
    },
    {
      "type": "Feature",
      "properties": {
        "osm_id": "1323622728",
        "code": 8103,
        "fclass": "canal",
        "width": 0,
        "name": "Waalseilandgracht",
        "oneway": "NO",
        "speed_kmh": 6.0
      },
      "geometry": {
        "type": "MultiLineString",
        "coordinates": [
          [
            [
              4.9038205,
              52.3754147
            ],
            [
              4.903268,
              52.3750195
            ]
          ]
        ]
      }
    },
    {
      "type": "Feature",
      "properties": {
        "osm_id": "1323622729",
        "code": 8103,
        "fclass": "canal",
        "width": 0,
        "name": "Waalseilandgracht",
        "oneway": "NO",
        "speed_kmh": 6.0
      },
      "geometry": {
        "type": "MultiLineString",
        "coordinates": [
          [
            [
              4.9045623,
              52.3760417
            ],
            [
              4.9038205,
              52.3754147
            ]
          ]
        ]
      }
    },
    {
      "type": "Feature",
      "properties": {
        "osm_id": "1323622730",
        "code": 8103,
        "fclass": "canal",
        "width": 0,
        "name": "Oostertoegang",
        "oneway": "NO",
        "speed_kmh": 6.0
      },
      "geometry": {
        "type": "MultiLineString",
        "coordinates": [
          [
            [
              4.9057217,
              52.3798952
            ],
            [
              4.905041,
              52.3786817
            ]
          ]
        ]
      }
    },
    {
      "type": "Feature",
      "properties": {
        "osm_id": "1323622731",
        "code": 8103,
        "fclass": "canal",
        "width": 0,
        "name": null,
        "oneway": "NO",
        "speed_kmh": 6.0
      },
      "geometry": {
        "type": "MultiLineString",
        "coordinates": [
          [
            [
              4.9035107,
              52.3764082
            ],
            [
              4.9045623,
              52.3760417
            ],
            [
              4.9046946,
              52.3759927
            ]
          ]
        ]
      }
    },
    {
      "type": "Feature",
      "properties": {
        "osm_id": "1323622732",
        "code": 8103,
        "fclass": "canal",
        "width": 0,
        "name": null,
        "oneway": "NO",
        "speed_kmh": 6.0
      },
      "geometry": {
        "type": "MultiLineString",
        "coordinates": [
          [
            [
              4.9030451,
              52.3765962
            ],
            [
              4.9032942,
              52.3764837
            ],
            [
              4.9035107,
              52.3764082
            ]
          ]
        ]
      }
    },
    {
      "type": "Feature",
      "properties": {
        "osm_id": "1323622733",
        "code": 8103,
        "fclass": "canal",
        "width": 0,
        "name": "Geldersekade",
        "oneway": "NO",
        "speed_kmh": 6.0
      },
      "geometry": {
        "type": "MultiLineString",
        "coordinates": [
          [
            [
              4.9029872,
              52.37647
            ],
            [
              4.9030451,
              52.3765962
            ]
          ]
        ]
      }
    },
    {
      "type": "Feature",
      "properties": {
        "osm_id": "1323622734",
        "code": 8103,
        "fclass": "canal",
        "width": 0,
        "name": "Geldersekade",
        "oneway": "NO",
        "speed_kmh": 6.0
      },
      "geometry": {
        "type": "MultiLineString",
        "coordinates": [
          [
            [
              4.9024431,
              52.3762225
            ],
            [
              4.9029872,
              52.37647
            ]
          ]
        ]
      }
    },
    {
      "type": "Feature",
      "properties": {
        "osm_id": "1323622735",
        "code": 8103,
        "fclass": "canal",
        "width": 0,
        "name": "Oudezijds Kolk",
        "oneway": "NO",
        "speed_kmh": 6.0
      },
      "geometry": {
        "type": "MultiLineString",
        "coordinates": [
          [
            [
              4.9026363,
              52.3767694
            ],
            [
              4.9027817,
              52.3768364
            ]
          ]
        ]
      }
    },
    {
      "type": "Feature",
      "properties": {
        "osm_id": "1323622736",
        "code": 8103,
        "fclass": "canal",
        "width": 0,
        "name": "Oudezijds Kolk",
        "oneway": "NO",
        "speed_kmh": 6.0
      },
      "geometry": {
        "type": "MultiLineString",
        "coordinates": [
          [
            [
              4.9021036,
              52.3765236
            ],
            [
              4.9026363,
              52.3767694
            ]
          ]
        ]
      }
    },
    {
      "type": "Feature",
      "properties": {
        "osm_id": "1323622737",
        "code": 8103,
        "fclass": "canal",
        "width": 0,
        "name": "Open Havenfront",
        "oneway": "NO",
        "speed_kmh": 6.0
      },
      "geometry": {
        "type": "MultiLineString",
        "coordinates": [
          [
            [
              4.9018556,
              52.3772606
            ],
            [
              4.9021498,
              52.3771981
            ],
            [
              4.9023716,
              52.3771511
            ]
          ]
        ]
      }
    },
    {
      "type": "Feature",
      "properties": {
        "osm_id": "1323622738",
        "code": 8103,
        "fclass": "canal",
        "width": 0,
        "name": "Open Havenfront",
        "oneway": "NO",
        "speed_kmh": 6.0
      },
      "geometry": {
        "type": "MultiLineString",
        "coordinates": [
          [
            [
              4.8996416,
              52.3773686
            ],
            [
              4.9018556,
              52.3772606
            ]
          ]
        ]
      }
    },
    {
      "type": "Feature",
      "properties": {
        "osm_id": "1323622739",
        "code": 8103,
        "fclass": "canal",
        "width": 0,
        "name": "Open Havenfront",
        "oneway": "NO",
        "speed_kmh": 6.0
      },
      "geometry": {
        "type": "MultiLineString",
        "coordinates": [
          [
            [
              4.8989845,
              52.3770386
            ],
            [
              4.8996416,
              52.3773686
            ]
          ]
        ]
      }
    },
    {
      "type": "Feature",
      "properties": {
        "osm_id": "1323622740",
        "code": 8103,
        "fclass": "canal",
        "width": 0,
        "name": "Damrak",
        "oneway": "NO",
        "speed_kmh": 6.0
      },
      "geometry": {
        "type": "MultiLineString",
        "coordinates": [
          [
            [
              4.8985257,
              52.37675
            ],
            [
              4.8988777,
              52.3769698
            ]
          ]
        ]
      }
    },
    {
      "type": "Feature",
      "properties": {
        "osm_id": "1323622741",
        "code": 8103,
        "fclass": "canal",
        "width": 0,
        "name": "Open Havenfront",
        "oneway": "NO",
        "speed_kmh": 6.0
      },
      "geometry": {
        "type": "MultiLineString",
        "coordinates": [
          [
            [
              4.8988361,
              52.3777575
            ],
            [
              4.8991586,
              52.3775773
            ]
          ]
        ]
      }
    },
    {
      "type": "Feature",
      "properties": {
        "osm_id": "1323622742",
        "code": 8103,
        "fclass": "canal",
        "width": 0,
        "name": "Open Havenfront",
        "oneway": "NO",
        "speed_kmh": 6.0
      },
      "geometry": {
        "type": "MultiLineString",
        "coordinates": [
          [
            [
              4.8975814,
              52.3787988
            ],
            [
              4.8978963,
              52.3786583
            ]
          ]
        ]
      }
    },
    {
      "type": "Feature",
      "properties": {
        "osm_id": "1323632231",
        "code": 8103,
        "fclass": "canal",
        "width": 0,
        "name": null,
        "oneway": "NO",
        "speed_kmh": 6.0
      },
      "geometry": {
        "type": "MultiLineString",
        "coordinates": [
          [
            [
              4.9269104,
              52.3667968
            ],
            [
              4.9269992,
              52.366661
            ]
          ]
        ]
      }
    },
    {
      "type": "Feature",
      "properties": {
        "osm_id": "1323632232",
        "code": 8103,
        "fclass": "canal",
        "width": 0,
        "name": null,
        "oneway": "NO",
        "speed_kmh": 6.0
      },
      "geometry": {
        "type": "MultiLineString",
        "coordinates": [
          [
            [
              4.9269992,
              52.366661
            ],
            [
              4.9271601,
              52.3664587
            ]
          ]
        ]
      }
    },
    {
      "type": "Feature",
      "properties": {
        "osm_id": "1323632233",
        "code": 8103,
        "fclass": "canal",
        "width": 0,
        "name": "Oostenburgerdwarsvaart",
        "oneway": "NO",
        "speed_kmh": 6.0
      },
      "geometry": {
        "type": "MultiLineString",
        "coordinates": [
          [
            [
              4.9253882,
              52.370159
            ],
            [
              4.9251598,
              52.3702873
            ]
          ]
        ]
      }
    },
    {
      "type": "Feature",
      "properties": {
        "osm_id": "1323632234",
        "code": 8103,
        "fclass": "canal",
        "width": 0,
        "name": "Oostenburgervaart",
        "oneway": "NO",
        "speed_kmh": 6.0
      },
      "geometry": {
        "type": "MultiLineString",
        "coordinates": [
          [
            [
              4.9268275,
              52.3698357
            ],
            [
              4.9264105,
              52.3695602
            ]
          ]
        ]
      }
    },
    {
      "type": "Feature",
      "properties": {
        "osm_id": "1323632235",
        "code": 8103,
        "fclass": "canal",
        "width": 0,
        "name": "Oostenburgervaart",
        "oneway": "NO",
        "speed_kmh": 6.0
      },
      "geometry": {
        "type": "MultiLineString",
        "coordinates": [
          [
            [
              4.9268915,
              52.3698745
            ],
            [
              4.9268275,
              52.3698357
            ]
          ]
        ]
      }
    },
    {
      "type": "Feature",
      "properties": {
        "osm_id": "1323632236",
        "code": 8103,
        "fclass": "canal",
        "width": 0,
        "name": "Oostenburgerdwarsvaart",
        "oneway": "NO",
        "speed_kmh": 6.0
      },
      "geometry": {
        "type": "MultiLineString",
        "coordinates": [
          [
            [
              4.9251598,
              52.3702873
            ],
            [
              4.9250919,
              52.370327
            ]
          ]
        ]
      }
    },
    {
      "type": "Feature",
      "properties": {
        "osm_id": "1323632237",
        "code": 8103,
        "fclass": "canal",
        "width": 0,
        "name": "Oostenburgerdwarsvaart",
        "oneway": "NO",
        "speed_kmh": 6.0
      },
      "geometry": {
        "type": "MultiLineString",
        "coordinates": [
          [
            [
              4.9250919,
              52.370327
            ],
            [
              4.9238155,
              52.3710376
            ]
          ]
        ]
      }
    },
    {
      "type": "Feature",
      "properties": {
        "osm_id": "1323632238",
        "code": 8103,
        "fclass": "canal",
        "width": 0,
        "name": "Dijksgracht",
        "oneway": "NO",
        "speed_kmh": 6.0
      },
      "geometry": {
        "type": "MultiLineString",
        "coordinates": [
          [
            [
              4.9210376,
              52.3752261
            ],
            [
              4.9212412,
              52.3751908
            ],
            [
              4.9214459,
              52.3751553
            ]
          ]
        ]
      }
    },
    {
      "type": "Feature",
      "properties": {
        "osm_id": "1323632239",
        "code": 8103,
        "fclass": "canal",
        "width": 0,
        "name": "Dijksgracht",
        "oneway": "NO",
        "speed_kmh": 6.0
      },
      "geometry": {
        "type": "MultiLineString",
        "coordinates": [
          [
            [
              4.9143888,
              52.3761012
            ],
            [
              4.9160167,
              52.3759443
            ],
            [
              4.9210376,
              52.3752261
            ]
          ]
        ]
      }
    },
    {
      "type": "Feature",
      "properties": {
        "osm_id": "1323632240",
        "code": 8103,
        "fclass": "canal",
        "width": 0,
        "name": "Kattenburgervaart",
        "oneway": "NO",
        "speed_kmh": 6.0
      },
      "geometry": {
        "type": "MultiLineString",
        "coordinates": [
          [
            [
              4.9231616,
              52.3736841
            ],
            [
              4.9232811,
              52.3737579
            ]
          ]
        ]
      }
    },
    {
      "type": "Feature",
      "properties": {
        "osm_id": "1323632241",
        "code": 8103,
        "fclass": "canal",
        "width": 0,
        "name": "Kattenburgervaart",
        "oneway": "NO",
        "speed_kmh": 6.0
      },
      "geometry": {
        "type": "MultiLineString",
        "coordinates": [
          [
            [
              4.9216475,
              52.372731
            ],
            [
              4.9231616,
              52.3736841
            ]
          ]
        ]
      }
    },
    {
      "type": "Feature",
      "properties": {
        "osm_id": "1323632242",
        "code": 8103,
        "fclass": "canal",
        "width": 0,
        "name": "Kattenburgervaart",
        "oneway": "NO",
        "speed_kmh": 6.0
      },
      "geometry": {
        "type": "MultiLineString",
        "coordinates": [
          [
            [
              4.9215702,
              52.372683
            ],
            [
              4.9216475,
              52.372731
            ]
          ]
        ]
      }
    },
    {
      "type": "Feature",
      "properties": {
        "osm_id": "1323632243",
        "code": 8103,
        "fclass": "canal",
        "width": 0,
        "name": "Kattenburgervaart",
        "oneway": "NO",
        "speed_kmh": 6.0
      },
      "geometry": {
        "type": "MultiLineString",
        "coordinates": [
          [
            [
              4.9232811,
              52.3737579
            ],
            [
              4.9240205,
              52.3742145
            ],
            [
              4.9242697,
              52.3744942
            ]
          ]
        ]
      }
    },
    {
      "type": "Feature",
      "properties": {
        "osm_id": "1323632244",
        "code": 8103,
        "fclass": "canal",
        "width": 0,
        "name": "Kattenburgervaart",
        "oneway": "NO",
        "speed_kmh": 6.0
      },
      "geometry": {
        "type": "MultiLineString",
        "coordinates": [
          [
            [
              4.9194122,
              52.3716525
            ],
            [
              4.9195639,
              52.3717511
            ]
          ]
        ]
      }
    },
    {
      "type": "Feature",
      "properties": {
        "osm_id": "1323632245",
        "code": 8103,
        "fclass": "canal",
        "width": 0,
        "name": "Kattenburgervaart",
        "oneway": "NO",
        "speed_kmh": 6.0
      },
      "geometry": {
        "type": "MultiLineString",
        "coordinates": [
          [
            [
              4.9177932,
              52.3706686
            ],
            [
              4.9183482,
              52.3708142
            ],
            [
              4.9192607,
              52.3714153
            ],
            [
              4.9194122,
              52.3716525
            ]
          ]
        ]
      }
    },
    {
      "type": "Feature",
      "properties": {
        "osm_id": "1323632246",
        "code": 8103,
        "fclass": "canal",
        "width": 0,
        "name": "Nieuwe Vaart",
        "oneway": "NO",
        "speed_kmh": 6.0
      },
      "geometry": {
        "type": "MultiLineString",
        "coordinates": [
          [
            [
              4.9135219,
              52.3715129
            ],
            [
              4.9140726,
              52.3710417
            ],
            [
              4.9143739,
              52.3708894
            ],
            [
              4.9146749,
              52.3707179
            ],
            [
              4.9151432,
              52.3705719
            ]
          ]
        ]
      }
    },
    {
      "type": "Feature",
      "properties": {
        "osm_id": "1323632247",
        "code": 8103,
        "fclass": "canal",
        "width": 0,
        "name": "Nieuwe Vaart",
        "oneway": "NO",
        "speed_kmh": 6.0
      },
      "geometry": {
        "type": "MultiLineString",
        "coordinates": [
          [
            [
              4.9188825,
              52.369357
            ],
            [
              4.9189459,
              52.3693355
            ],
            [
              4.9190673,
              52.3692943
            ]
          ]
        ]
      }
    },
    {
      "type": "Feature",
      "properties": {
        "osm_id": "1323632248",
        "code": 8103,
        "fclass": "canal",
        "width": 0,
        "name": "Nieuwe Vaart",
        "oneway": "NO",
        "speed_kmh": 6.0
      },
      "geometry": {
        "type": "MultiLineString",
        "coordinates": [
          [
            [
              4.9190673,
              52.3692943
            ],
            [
              4.9201623,
              52.3688147
            ],
            [
              4.9211065,
              52.3685081
            ],
            [
              4.9234193,
              52.3676647
            ],
            [
              4.9234454,
              52.3676552
            ],
            [
              4.9247504,
              52.3673537
            ]
          ]
        ]
      }
    },
    {
      "type": "Feature",
      "properties": {
        "osm_id": "1323632249",
        "code": 8103,
        "fclass": "canal",
        "width": 0,
        "name": "Entrepotdoksluis",
        "oneway": "NO",
        "speed_kmh": 6.0
      },
      "geometry": {
        "type": "MultiLineString",
        "coordinates": [
          [
            [
              4.9193335,
              52.3680363
            ],
            [
              4.9191359,
              52.3678273
            ]
          ]
        ]
      }
    },
    {
      "type": "Feature",
      "properties": {
        "osm_id": "1323632250",
        "code": 8103,
        "fclass": "canal",
        "width": 0,
        "name": "Entrepotdoksluis",
        "oneway": "NO",
        "speed_kmh": 6.0
      },
      "geometry": {
        "type": "MultiLineString",
        "coordinates": [
          [
            [
              4.9186601,
              52.3673195
            ],
            [
              4.9184457,
              52.3670906
            ]
          ]
        ]
      }
    },
    {
      "type": "Feature",
      "properties": {
        "osm_id": "1323632251",
        "code": 8103,
        "fclass": "canal",
        "width": 0,
        "name": "Entrepotdoksluis",
        "oneway": "NO",
        "speed_kmh": 6.0
      },
      "geometry": {
        "type": "MultiLineString",
        "coordinates": [
          [
            [
              4.9188499,
              52.3675221
            ],
            [
              4.9186601,
              52.3673195
            ]
          ]
        ]
      }
    },
    {
      "type": "Feature",
      "properties": {
        "osm_id": "1323632252",
        "code": 8103,
        "fclass": "canal",
        "width": 0,
        "name": "Wittenburgervaart",
        "oneway": "NO",
        "speed_kmh": 6.0
      },
      "geometry": {
        "type": "MultiLineString",
        "coordinates": [
          [
            [
              4.9225545,
              52.370261
            ],
            [
              4.9224971,
              52.3702247
            ],
            [
              4.9224083,
              52.3701687
            ]
          ]
        ]
      }
    },
    {
      "type": "Feature",
      "properties": {
        "osm_id": "1323632253",
        "code": 8103,
        "fclass": "canal",
        "width": 0,
        "name": "Wittenburgervaart",
        "oneway": "NO",
        "speed_kmh": 6.0
      },
      "geometry": {
        "type": "MultiLineString",
        "coordinates": [
          [
            [
              4.9210971,
              52.3695448
            ],
            [
              4.920782,
              52.3693643
            ]
          ]
        ]
      }
    },
    {
      "type": "Feature",
      "properties": {
        "osm_id": "1323632254",
        "code": 8103,
        "fclass": "canal",
        "width": 0,
        "name": "Entrepotdok",
        "oneway": "NO",
        "speed_kmh": 6.0
      },
      "geometry": {
        "type": "MultiLineString",
        "coordinates": [
          [
            [
              4.9214175,
              52.3658452
            ],
            [
              4.9214924,
              52.3657435
            ]
          ]
        ]
      }
    },
    {
      "type": "Feature",
      "properties": {
        "osm_id": "1323632255",
        "code": 8103,
        "fclass": "canal",
        "width": 0,
        "name": "Entrepotdok",
        "oneway": "NO",
        "speed_kmh": 6.0
      },
      "geometry": {
        "type": "MultiLineString",
        "coordinates": [
          [
            [
              4.9137076,
              52.3686435
            ],
            [
              4.9138922,
              52.3685797
            ]
          ]
        ]
      }
    },
    {
      "type": "Feature",
      "properties": {
        "osm_id": "1323632256",
        "code": 8103,
        "fclass": "canal",
        "width": 0,
        "name": "Entrepotdok",
        "oneway": "NO",
        "speed_kmh": 6.0
      },
      "geometry": {
        "type": "MultiLineString",
        "coordinates": [
          [
            [
              4.9107411,
              52.3697113
            ],
            [
              4.9112061,
              52.3694985
            ],
            [
              4.9137076,
              52.3686435
            ]
          ]
        ]
      }
    },
    {
      "type": "Feature",
      "properties": {
        "osm_id": "1323632257",
        "code": 8103,
        "fclass": "canal",
        "width": 0,
        "name": "Schippersgracht",
        "oneway": "NO",
        "speed_kmh": 6.0
      },
      "geometry": {
        "type": "MultiLineString",
        "coordinates": [
          [
            [
              4.9115738,
              52.3702665
            ],
            [
              4.9116706,
              52.3703307
            ],
            [
              4.9117791,
              52.3704021
            ]
          ]
        ]
      }
    },
    {
      "type": "Feature",
      "properties": {
        "osm_id": "1323632258",
        "code": 8103,
        "fclass": "canal",
        "width": 0,
        "name": "Schippersgracht",
        "oneway": "NO",
        "speed_kmh": 6.0
      },
      "geometry": {
        "type": "MultiLineString",
        "coordinates": [
          [
            [
              4.9131256,
              52.3712712
            ],
            [
              4.9135219,
              52.3715129
            ]
          ]
        ]
      }
    },
    {
      "type": "Feature",
      "properties": {
        "osm_id": "1323632259",
        "code": 8103,
        "fclass": "canal",
        "width": 0,
        "name": "Schippersgracht",
        "oneway": "NO",
        "speed_kmh": 6.0
      },
      "geometry": {
        "type": "MultiLineString",
        "coordinates": [
          [
            [
              4.9124763,
              52.3708603
            ],
            [
              4.9127904,
              52.3710668
            ],
            [
              4.9131256,
              52.3712712
            ]
          ]
        ]
      }
    },
    {
      "type": "Feature",
      "properties": {
        "osm_id": "1331115498",
        "code": 8104,
        "fclass": "drain",
        "width": 0,
        "name": "Ringwater",
        "oneway": "NO",
        "speed_kmh": 6.0
      },
      "geometry": {
        "type": "MultiLineString",
        "coordinates": [
          [
            [
              4.9503326,
              52.3422049
            ],
            [
              4.9503942,
              52.3422375
            ],
            [
              4.9506439,
              52.3423918
            ],
            [
              4.9507181,
              52.3424492
            ],
            [
              4.9508009,
              52.3425131
            ],
            [
              4.9508882,
              52.3426111
            ],
            [
              4.9509712,
              52.342737
            ],
            [
              4.9511749,
              52.3430802
            ],
            [
              4.9512089,
              52.3431121
            ],
            [
              4.9512853,
              52.3431617
            ],
            [
              4.9513905,
              52.3432539
            ],
            [
              4.9514645,
              52.3432893
            ],
            [
              4.9515739,
              52.3433545
            ],
            [
              4.9517806,
              52.343477
            ],
            [
              4.9518097,
              52.3434867
            ],
            [
              4.9519942,
              52.3435938
            ]
          ]
        ]
      }
    },
    {
      "type": "Feature",
      "properties": {
        "osm_id": "1331115499",
        "code": 8104,
        "fclass": "drain",
        "width": 0,
        "name": "Ringwater",
        "oneway": "NO",
        "speed_kmh": 6.0
      },
      "geometry": {
        "type": "MultiLineString",
        "coordinates": [
          [
            [
              4.9502574,
              52.3421651
            ],
            [
              4.9503326,
              52.3422049
            ]
          ]
        ]
      }
    },
    {
      "type": "Feature",
      "properties": {
        "osm_id": "1333516460",
        "code": 8103,
        "fclass": "canal",
        "width": 0,
        "name": "Keizersgracht",
        "oneway": "NO",
        "speed_kmh": 6.0
      },
      "geometry": {
        "type": "MultiLineString",
        "coordinates": [
          [
            [
              4.901263,
              52.36436
            ],
            [
              4.9011075,
              52.3643306
            ]
          ]
        ]
      }
    },
    {
      "type": "Feature",
      "properties": {
        "osm_id": "1333516461",
        "code": 8103,
        "fclass": "canal",
        "width": 0,
        "name": "Keizersgracht",
        "oneway": "NO",
        "speed_kmh": 6.0
      },
      "geometry": {
        "type": "MultiLineString",
        "coordinates": [
          [
            [
              4.9011075,
              52.3643306
            ],
            [
              4.8986844,
              52.3638722
            ]
          ]
        ]
      }
    },
    {
      "type": "Feature",
      "properties": {
        "osm_id": "1333527288",
        "code": 8103,
        "fclass": "canal",
        "width": 0,
        "name": "Kloveniersburgwal",
        "oneway": "NO",
        "speed_kmh": 6.0
      },
      "geometry": {
        "type": "MultiLineString",
        "coordinates": [
          [
            [
              4.8987929,
              52.3710337
            ],
            [
              4.8987098,
              52.3709434
            ]
          ]
        ]
      }
    },
    {
      "type": "Feature",
      "properties": {
        "osm_id": "1333527289",
        "code": 8103,
        "fclass": "canal",
        "width": 0,
        "name": "Kloveniersburgwal",
        "oneway": "NO",
        "speed_kmh": 6.0
      },
      "geometry": {
        "type": "MultiLineString",
        "coordinates": [
          [
            [
              4.8987098,
              52.3709434
            ],
            [
              4.8977906,
              52.3699892
            ]
          ]
        ]
      }
    },
    {
      "type": "Feature",
      "properties": {
        "osm_id": "1333527582",
        "code": 8103,
        "fclass": "canal",
        "width": 0,
        "name": "Oudeschans",
        "oneway": "NO",
        "speed_kmh": 6.0
      },
      "geometry": {
        "type": "MultiLineString",
        "coordinates": [
          [
            [
              4.9075627,
              52.3726289
            ],
            [
              4.9077849,
              52.3727379
            ]
          ]
        ]
      }
    },
    {
      "type": "Feature",
      "properties": {
        "osm_id": "1333527583",
        "code": 8103,
        "fclass": "canal",
        "width": 0,
        "name": "Oosterdok",
        "oneway": "NO",
        "speed_kmh": 6.0
      },
      "geometry": {
        "type": "MultiLineString",
        "coordinates": [
          [
            [
              4.9077849,
              52.3727379
            ],
            [
              4.9079726,
              52.3728316
            ]
          ]
        ]
      }
    },
    {
      "type": "Feature",
      "properties": {
        "osm_id": "1333528007",
        "code": 8103,
        "fclass": "canal",
        "width": 0,
        "name": "Oosterdoksdoorgang",
        "oneway": "NO",
        "speed_kmh": 6.0
      },
      "geometry": {
        "type": "MultiLineString",
        "coordinates": [
          [
            [
              4.9101605,
              52.379712
            ],
            [
              4.9106169,
              52.3783535
            ]
          ]
        ]
      }
    },
    {
      "type": "Feature",
      "properties": {
        "osm_id": "1333529237",
        "code": 8103,
        "fclass": "canal",
        "width": 0,
        "name": "Prinsengracht",
        "oneway": "Yes",
        "speed_kmh": 6.0
      },
      "geometry": {
        "type": "MultiLineString",
        "coordinates": [
          [
            [
              4.8846084,
              52.3649434
            ],
            [
              4.8878863,
              52.3627347
            ]
          ]
        ]
      }
    },
    {
      "type": "Feature",
      "properties": {
        "osm_id": "1333529238",
        "code": 8103,
        "fclass": "canal",
        "width": 0,
        "name": "Prinsengracht",
        "oneway": "Yes",
        "speed_kmh": 6.0
      },
      "geometry": {
        "type": "MultiLineString",
        "coordinates": [
          [
            [
              4.8827893,
              52.3661752
            ],
            [
              4.8843386,
              52.3651257
            ]
          ]
        ]
      }
    },
    {
      "type": "Feature",
      "properties": {
        "osm_id": "1333529239",
        "code": 8103,
        "fclass": "canal",
        "width": 0,
        "name": "Singel",
        "oneway": "NO",
        "speed_kmh": 6.0
      },
      "geometry": {
        "type": "MultiLineString",
        "coordinates": [
          [
            [
              4.8884978,
              52.3722496
            ],
            [
              4.888817,
              52.3731379
            ]
          ]
        ]
      }
    },
    {
      "type": "Feature",
      "properties": {
        "osm_id": "1333530967",
        "code": 8103,
        "fclass": "canal",
        "width": 0,
        "name": "Kostverlorenvaart",
        "oneway": "NO",
        "speed_kmh": 6.0
      },
      "geometry": {
        "type": "MultiLineString",
        "coordinates": [
          [
            [
              4.8782013,
              52.383908
            ],
            [
              4.8771762,
              52.3832675
            ]
          ]
        ]
      }
    },
    {
      "type": "Feature",
      "properties": {
        "osm_id": "1333530968",
        "code": 8103,
        "fclass": "canal",
        "width": 0,
        "name": "Kostverlorenvaart",
        "oneway": "NO",
        "speed_kmh": 6.0
      },
      "geometry": {
        "type": "MultiLineString",
        "coordinates": [
          [
            [
              4.8782586,
              52.3839438
            ],
            [
              4.8782013,
              52.383908
            ]
          ]
        ]
      }
    },
    {
      "type": "Feature",
      "properties": {
        "osm_id": "1333530969",
        "code": 8103,
        "fclass": "canal",
        "width": 0,
        "name": "Kostverlorenvaart",
        "oneway": "NO",
        "speed_kmh": 6.0
      },
      "geometry": {
        "type": "MultiLineString",
        "coordinates": [
          [
            [
              4.880616,
              52.3853465
            ],
            [
              4.8800812,
              52.3850566
            ]
          ]
        ]
      }
    },
    {
      "type": "Feature",
      "properties": {
        "osm_id": "1333530970",
        "code": 8103,
        "fclass": "canal",
        "width": 0,
        "name": "Kostverlorenvaart",
        "oneway": "NO",
        "speed_kmh": 6.0
      },
      "geometry": {
        "type": "MultiLineString",
        "coordinates": [
          [
            [
              4.8800812,
              52.3850566
            ],
            [
              4.8797684,
              52.3848869
            ],
            [
              4.8782586,
              52.3839438
            ]
          ]
        ]
      }
    },
    {
      "type": "Feature",
      "properties": {
        "osm_id": "1333530971",
        "code": 8103,
        "fclass": "canal",
        "width": 0,
        "name": "Kostverlorenvaart",
        "oneway": "NO",
        "speed_kmh": 6.0
      },
      "geometry": {
        "type": "MultiLineString",
        "coordinates": [
          [
            [
              4.8771762,
              52.3832675
            ],
            [
              4.8770418,
              52.3831836
            ]
          ]
        ]
      }
    },
    {
      "type": "Feature",
      "properties": {
        "osm_id": "1333530972",
        "code": 8103,
        "fclass": "canal",
        "width": 0,
        "name": "Kostverlorenvaart",
        "oneway": "NO",
        "speed_kmh": 6.0
      },
      "geometry": {
        "type": "MultiLineString",
        "coordinates": [
          [
            [
              4.8770418,
              52.3831836
            ],
            [
              4.8769081,
              52.3831001
            ]
          ]
        ]
      }
    },
    {
      "type": "Feature",
      "properties": {
        "osm_id": "1333530973",
        "code": 8103,
        "fclass": "canal",
        "width": 0,
        "name": "Kostverlorenvaart",
        "oneway": "NO",
        "speed_kmh": 6.0
      },
      "geometry": {
        "type": "MultiLineString",
        "coordinates": [
          [
            [
              4.8737366,
              52.3809697
            ],
            [
              4.8738594,
              52.3804434
            ]
          ]
        ]
      }
    },
    {
      "type": "Feature",
      "properties": {
        "osm_id": "1333530974",
        "code": 8103,
        "fclass": "canal",
        "width": 0,
        "name": "Kostverlorenvaart",
        "oneway": "NO",
        "speed_kmh": 6.0
      },
      "geometry": {
        "type": "MultiLineString",
        "coordinates": [
          [
            [
              4.873783,
              52.3810479
            ],
            [
              4.8737366,
              52.3809697
            ]
          ]
        ]
      }
    },
    {
      "type": "Feature",
      "properties": {
        "osm_id": "1333532556",
        "code": 8103,
        "fclass": "canal",
        "width": 0,
        "name": "Oostelijk Marktkanaal",
        "oneway": "NO",
        "speed_kmh": 6.0
      },
      "geometry": {
        "type": "MultiLineString",
        "coordinates": [
          [
            [
              4.86971,
              52.3760143
            ],
            [
              4.8696859,
              52.3760889
            ]
          ]
        ]
      }
    },
    {
      "type": "Feature",
      "properties": {
        "osm_id": "1333532557",
        "code": 8103,
        "fclass": "canal",
        "width": 0,
        "name": "Oostelijk Marktkanaal",
        "oneway": "NO",
        "speed_kmh": 6.0
      },
      "geometry": {
        "type": "MultiLineString",
        "coordinates": [
          [
            [
              4.8701251,
              52.3757447
            ],
            [
              4.8697351,
              52.3759366
            ],
            [
              4.86971,
              52.3760143
            ]
          ]
        ]
      }
    },
    {
      "type": "Feature",
      "properties": {
        "osm_id": "1333532558",
        "code": 8103,
        "fclass": "canal",
        "width": 0,
        "name": null,
        "oneway": "NO",
        "speed_kmh": 6.0
      },
      "geometry": {
        "type": "MultiLineString",
        "coordinates": [
          [
            [
              4.8693847,
              52.3759786
            ],
            [
              4.8695339,
              52.3759291
            ]
          ]
        ]
      }
    },
    {
      "type": "Feature",
      "properties": {
        "osm_id": "1333532559",
        "code": 8103,
        "fclass": "canal",
        "width": 0,
        "name": null,
        "oneway": "NO",
        "speed_kmh": 6.0
      },
      "geometry": {
        "type": "MultiLineString",
        "coordinates": [
          [
            [
              4.8695339,
              52.3759291
            ],
            [
              4.8697351,
              52.3759366
            ]
          ]
        ]
      }
    },
    {
      "type": "Feature",
      "properties": {
        "osm_id": "1333532560",
        "code": 8103,
        "fclass": "canal",
        "width": 0,
        "name": "Kostverlorenvaart",
        "oneway": "NO",
        "speed_kmh": 6.0
      },
      "geometry": {
        "type": "MultiLineString",
        "coordinates": [
          [
            [
              4.8696929,
              52.3752387
            ],
            [
              4.869959,
              52.3755431
            ]
          ]
        ]
      }
    },
    {
      "type": "Feature",
      "properties": {
        "osm_id": "1333532561",
        "code": 8103,
        "fclass": "canal",
        "width": 0,
        "name": "Kostverlorenvaart",
        "oneway": "NO",
        "speed_kmh": 6.0
      },
      "geometry": {
        "type": "MultiLineString",
        "coordinates": [
          [
            [
              4.869959,
              52.3755431
            ],
            [
              4.8701251,
              52.3757447
            ],
            [
              4.8706393,
              52.3764055
            ],
            [
              4.8708637,
              52.3766546
            ],
            [
              4.8725105,
              52.3785195
            ],
            [
              4.8728461,
              52.3788988
            ]
          ]
        ]
      }
    },
    {
      "type": "Feature",
      "properties": {
        "osm_id": "1333532562",
        "code": 8103,
        "fclass": "canal",
        "width": 0,
        "name": "Kostverlorenvaart",
        "oneway": "NO",
        "speed_kmh": 6.0
      },
      "geometry": {
        "type": "MultiLineString",
        "coordinates": [
          [
            [
              4.8728461,
              52.3788988
            ],
            [
              4.8731041,
              52.3791937
            ]
          ]
        ]
      }
    },
    {
      "type": "Feature",
      "properties": {
        "osm_id": "1333532563",
        "code": 8103,
        "fclass": "canal",
        "width": 0,
        "name": "Kostverlorenvaart",
        "oneway": "NO",
        "speed_kmh": 6.0
      },
      "geometry": {
        "type": "MultiLineString",
        "coordinates": [
          [
            [
              4.8731041,
              52.3791937
            ],
            [
              4.8735933,
              52.3796995
            ],
            [
              4.8738594,
              52.3804434
            ]
          ]
        ]
      }
    },
    {
      "type": "Feature",
      "properties": {
        "osm_id": "1333533155",
        "code": 8103,
        "fclass": "canal",
        "width": 0,
        "name": "De Rijpgracht",
        "oneway": "NO",
        "speed_kmh": 6.0
      },
      "geometry": {
        "type": "MultiLineString",
        "coordinates": [
          [
            [
              4.862432,
              52.3775778
            ],
            [
              4.8626257,
              52.3776005
            ],
            [
              4.8628701,
              52.3776315
            ]
          ]
        ]
      }
    },
    {
      "type": "Feature",
      "properties": {
        "osm_id": "1333533156",
        "code": 8103,
        "fclass": "canal",
        "width": 0,
        "name": "De Rijpgracht",
        "oneway": "NO",
        "speed_kmh": 6.0
      },
      "geometry": {
        "type": "MultiLineString",
        "coordinates": [
          [
            [
              4.8628701,
              52.3776315
            ],
            [
              4.8636126,
              52.3777255
            ]
          ]
        ]
      }
    },
    {
      "type": "Feature",
      "properties": {
        "osm_id": "1333533157",
        "code": 8103,
        "fclass": "canal",
        "width": 0,
        "name": "Westelijk Marktkanaal",
        "oneway": "NO",
        "speed_kmh": 6.0
      },
      "geometry": {
        "type": "MultiLineString",
        "coordinates": [
          [
            [
              4.8644835,
              52.3752408
            ],
            [
              4.8643464,
              52.3755811
            ]
          ]
        ]
      }
    },
    {
      "type": "Feature",
      "properties": {
        "osm_id": "1333533158",
        "code": 8103,
        "fclass": "canal",
        "width": 0,
        "name": "Westelijk Marktkanaal",
        "oneway": "NO",
        "speed_kmh": 6.0
      },
      "geometry": {
        "type": "MultiLineString",
        "coordinates": [
          [
            [
              4.8672498,
              52.3726542
            ],
            [
              4.86685,
              52.3728966
            ],
            [
              4.8648255,
              52.3746033
            ],
            [
              4.8645798,
              52.3750313
            ],
            [
              4.8644835,
              52.3752408
            ]
          ]
        ]
      }
    },
    {
      "type": "Feature",
      "properties": {
        "osm_id": "1333534372",
        "code": 8103,
        "fclass": "canal",
        "width": 0,
        "name": "Bilderdijkgracht",
        "oneway": "NO",
        "speed_kmh": 6.0
      },
      "geometry": {
        "type": "MultiLineString",
        "coordinates": [
          [
            [
              4.871583,
              52.3657401
            ],
            [
              4.8715039,
              52.3658542
            ]
          ]
        ]
      }
    },
    {
      "type": "Feature",
      "properties": {
        "osm_id": "1333534373",
        "code": 8103,
        "fclass": "canal",
        "width": 0,
        "name": "Bilderdijkgracht",
        "oneway": "NO",
        "speed_kmh": 6.0
      },
      "geometry": {
        "type": "MultiLineString",
        "coordinates": [
          [
            [
              4.8715039,
              52.3658542
            ],
            [
              4.8708868,
              52.3667448
            ]
          ]
        ]
      }
    },
    {
      "type": "Feature",
      "properties": {
        "osm_id": "1333534374",
        "code": 8103,
        "fclass": "canal",
        "width": 0,
        "name": "Bilderdijkgracht",
        "oneway": "NO",
        "speed_kmh": 6.0
      },
      "geometry": {
        "type": "MultiLineString",
        "coordinates": [
          [
            [
              4.8708868,
              52.3667448
            ],
            [
              4.8707388,
              52.3669585
            ]
          ]
        ]
      }
    },
    {
      "type": "Feature",
      "properties": {
        "osm_id": "1333534375",
        "code": 8103,
        "fclass": "canal",
        "width": 0,
        "name": "Bilderdijkgracht",
        "oneway": "NO",
        "speed_kmh": 6.0
      },
      "geometry": {
        "type": "MultiLineString",
        "coordinates": [
          [
            [
              4.8707388,
              52.3669585
            ],
            [
              4.8696437,
              52.368539
            ]
          ]
        ]
      }
    },
    {
      "type": "Feature",
      "properties": {
        "osm_id": "1333534376",
        "code": 8103,
        "fclass": "canal",
        "width": 0,
        "name": "Bilderdijkgracht",
        "oneway": "NO",
        "speed_kmh": 6.0
      },
      "geometry": {
        "type": "MultiLineString",
        "coordinates": [
          [
            [
              4.8696437,
              52.368539
            ],
            [
              4.8695484,
              52.3686776
            ]
          ]
        ]
      }
    },
    {
      "type": "Feature",
      "properties": {
        "osm_id": "1333534377",
        "code": 8103,
        "fclass": "canal",
        "width": 0,
        "name": "Bilderdijkgracht",
        "oneway": "NO",
        "speed_kmh": 6.0
      },
      "geometry": {
        "type": "MultiLineString",
        "coordinates": [
          [
            [
              4.8695484,
              52.3686776
            ],
            [
              4.869021,
              52.3694667
            ],
            [
              4.8683649,
              52.3703609
            ]
          ]
        ]
      }
    },
    {
      "type": "Feature",
      "properties": {
        "osm_id": "1333534378",
        "code": 8103,
        "fclass": "canal",
        "width": 0,
        "name": "Bilderdijkgracht",
        "oneway": "NO",
        "speed_kmh": 6.0
      },
      "geometry": {
        "type": "MultiLineString",
        "coordinates": [
          [
            [
              4.8683649,
              52.3703609
            ],
            [
              4.8681965,
              52.3706147
            ]
          ]
        ]
      }
    },
    {
      "type": "Feature",
      "properties": {
        "osm_id": "1333534379",
        "code": 8103,
        "fclass": "canal",
        "width": 0,
        "name": "Bilderdijkgracht",
        "oneway": "NO",
        "speed_kmh": 6.0
      },
      "geometry": {
        "type": "MultiLineString",
        "coordinates": [
          [
            [
              4.8719855,
              52.3651602
            ],
            [
              4.8716814,
              52.365598
            ],
            [
              4.871583,
              52.3657401
            ]
          ]
        ]
      }
    },
    {
      "type": "Feature",
      "properties": {
        "osm_id": "1333534380",
        "code": 8103,
        "fclass": "canal",
        "width": 0,
        "name": "Kostverlorenvaart",
        "oneway": "NO",
        "speed_kmh": 6.0
      },
      "geometry": {
        "type": "MultiLineString",
        "coordinates": [
          [
            [
              4.8599516,
              52.3644689
            ],
            [
              4.8602016,
              52.3647594
            ]
          ]
        ]
      }
    },
    {
      "type": "Feature",
      "properties": {
        "osm_id": "1333534381",
        "code": 8103,
        "fclass": "canal",
        "width": 0,
        "name": "Kostverlorenvaart",
        "oneway": "NO",
        "speed_kmh": 6.0
      },
      "geometry": {
        "type": "MultiLineString",
        "coordinates": [
          [
            [
              4.8592479,
              52.3637046
            ],
            [
              4.8594392,
              52.3638507
            ],
            [
              4.8599516,
              52.3644689
            ]
          ]
        ]
      }
    },
    {
      "type": "Feature",
      "properties": {
        "osm_id": "1333534382",
        "code": 8103,
        "fclass": "canal",
        "width": 0,
        "name": "Kostverlorenvaart",
        "oneway": "NO",
        "speed_kmh": 6.0
      },
      "geometry": {
        "type": "MultiLineString",
        "coordinates": [
          [
            [
              4.8648879,
              52.3699791
            ],
            [
              4.865185,
              52.3703088
            ]
          ]
        ]
      }
    },
    {
      "type": "Feature",
      "properties": {
        "osm_id": "1333534383",
        "code": 8103,
        "fclass": "canal",
        "width": 0,
        "name": "Kostverlorenvaart",
        "oneway": "NO",
        "speed_kmh": 6.0
      },
      "geometry": {
        "type": "MultiLineString",
        "coordinates": [
          [
            [
              4.865185,
              52.3703088
            ],
            [
              4.8668171,
              52.3719809
            ],
            [
              4.8672498,
              52.3726542
            ],
            [
              4.8696929,
              52.3752387
            ]
          ]
        ]
      }
    },
    {
      "type": "Feature",
      "properties": {
        "osm_id": "1333534384",
        "code": 8103,
        "fclass": "canal",
        "width": 0,
        "name": "Hugo de Grootgracht",
        "oneway": "NO",
        "speed_kmh": 6.0
      },
      "geometry": {
        "type": "MultiLineString",
        "coordinates": [
          [
            [
              4.8678312,
              52.3718711
            ],
            [
              4.8710624,
              52.3725262
            ]
          ]
        ]
      }
    },
    {
      "type": "Feature",
      "properties": {
        "osm_id": "1333534385",
        "code": 8103,
        "fclass": "canal",
        "width": 0,
        "name": "Hugo de Grootgracht",
        "oneway": "NO",
        "speed_kmh": 6.0
      },
      "geometry": {
        "type": "MultiLineString",
        "coordinates": [
          [
            [
              4.8673818,
              52.3718034
            ],
            [
              4.8676702,
              52.371835
            ]
          ]
        ]
      }
    },
    {
      "type": "Feature",
      "properties": {
        "osm_id": "1333535579",
        "code": 8103,
        "fclass": "canal",
        "width": 0,
        "name": "Jacob van Lennepkanaal",
        "oneway": "NO",
        "speed_kmh": 6.0
      },
      "geometry": {
        "type": "MultiLineString",
        "coordinates": [
          [
            [
              4.8600574,
              52.3621686
            ],
            [
              4.86022,
              52.3622051
            ]
          ]
        ]
      }
    },
    {
      "type": "Feature",
      "properties": {
        "osm_id": "1333535580",
        "code": 8103,
        "fclass": "canal",
        "width": 0,
        "name": "Jacob van Lennepkanaal",
        "oneway": "NO",
        "speed_kmh": 6.0
      },
      "geometry": {
        "type": "MultiLineString",
        "coordinates": [
          [
            [
              4.86022,
              52.3622051
            ],
            [
              4.8636301,
              52.3630252
            ]
          ]
        ]
      }
    },
    {
      "type": "Feature",
      "properties": {
        "osm_id": "1333535581",
        "code": 8103,
        "fclass": "canal",
        "width": 0,
        "name": "Jacob van Lennepkanaal",
        "oneway": "NO",
        "speed_kmh": 6.0
      },
      "geometry": {
        "type": "MultiLineString",
        "coordinates": [
          [
            [
              4.8636301,
              52.3630252
            ],
            [
              4.8639529,
              52.3631023
            ]
          ]
        ]
      }
    },
    {
      "type": "Feature",
      "properties": {
        "osm_id": "1333535582",
        "code": 8103,
        "fclass": "canal",
        "width": 0,
        "name": "Jacob van Lennepkanaal",
        "oneway": "NO",
        "speed_kmh": 6.0
      },
      "geometry": {
        "type": "MultiLineString",
        "coordinates": [
          [
            [
              4.8639529,
              52.3631023
            ],
            [
              4.8665815,
              52.3637454
            ]
          ]
        ]
      }
    },
    {
      "type": "Feature",
      "properties": {
        "osm_id": "1333535583",
        "code": 8103,
        "fclass": "canal",
        "width": 0,
        "name": "Jacob van Lennepkanaal",
        "oneway": "NO",
        "speed_kmh": 6.0
      },
      "geometry": {
        "type": "MultiLineString",
        "coordinates": [
          [
            [
              4.8665815,
              52.3637454
            ],
            [
              4.8668613,
              52.3638117
            ]
          ]
        ]
      }
    },
    {
      "type": "Feature",
      "properties": {
        "osm_id": "1333535584",
        "code": 8103,
        "fclass": "canal",
        "width": 0,
        "name": "Jacob van Lennepkanaal",
        "oneway": "NO",
        "speed_kmh": 6.0
      },
      "geometry": {
        "type": "MultiLineString",
        "coordinates": [
          [
            [
              4.8668613,
              52.3638117
            ],
            [
              4.8686465,
              52.364235
            ]
          ]
        ]
      }
    },
    {
      "type": "Feature",
      "properties": {
        "osm_id": "1333535585",
        "code": 8103,
        "fclass": "canal",
        "width": 0,
        "name": "Jacob van Lennepkanaal",
        "oneway": "NO",
        "speed_kmh": 6.0
      },
      "geometry": {
        "type": "MultiLineString",
        "coordinates": [
          [
            [
              4.8686465,
              52.364235
            ],
            [
              4.868749,
              52.3642601
            ]
          ]
        ]
      }
    },
    {
      "type": "Feature",
      "properties": {
        "osm_id": "1333535586",
        "code": 8103,
        "fclass": "canal",
        "width": 0,
        "name": "Jacob van Lennepkanaal",
        "oneway": "NO",
        "speed_kmh": 6.0
      },
      "geometry": {
        "type": "MultiLineString",
        "coordinates": [
          [
            [
              4.868749,
              52.3642601
            ],
            [
              4.8703865,
              52.364651
            ],
            [
              4.8717416,
              52.3650498
            ]
          ]
        ]
      }
    },
    {
      "type": "Feature",
      "properties": {
        "osm_id": "1333535587",
        "code": 8103,
        "fclass": "canal",
        "width": 0,
        "name": "Jacob van Lennepkanaal",
        "oneway": "NO",
        "speed_kmh": 6.0
      },
      "geometry": {
        "type": "MultiLineString",
        "coordinates": [
          [
            [
              4.8717416,
              52.3650498
            ],
            [
              4.8718548,
              52.365085
            ]
          ]
        ]
      }
    },
    {
      "type": "Feature",
      "properties": {
        "osm_id": "1333535588",
        "code": 8103,
        "fclass": "canal",
        "width": 0,
        "name": "Jacob van Lennepkanaal",
        "oneway": "NO",
        "speed_kmh": 6.0
      },
      "geometry": {
        "type": "MultiLineString",
        "coordinates": [
          [
            [
              4.8718548,
              52.365085
            ],
            [
              4.8719855,
              52.3651602
            ]
          ]
        ]
      }
    },
    {
      "type": "Feature",
      "properties": {
        "osm_id": "1333535896",
        "code": 8103,
        "fclass": "canal",
        "width": 0,
        "name": "Kostverlorenvaart",
        "oneway": "NO",
        "speed_kmh": 6.0
      },
      "geometry": {
        "type": "MultiLineString",
        "coordinates": [
          [
            [
              4.8547411,
              52.357698
            ],
            [
              4.8549948,
              52.3580143
            ]
          ]
        ]
      }
    },
    {
      "type": "Feature",
      "properties": {
        "osm_id": "1333694437",
        "code": 8103,
        "fclass": "canal",
        "width": 0,
        "name": "Ringvaart",
        "oneway": "NO",
        "speed_kmh": 6.0
      },
      "geometry": {
        "type": "MultiLineString",
        "coordinates": [
          [
            [
              4.9121846,
              52.348229
            ],
            [
              4.9128498,
              52.3483947
            ]
          ]
        ]
      }
    },
    {
      "type": "Feature",
      "properties": {
        "osm_id": "1333694438",
        "code": 8103,
        "fclass": "canal",
        "width": 0,
        "name": "Ringvaart",
        "oneway": "NO",
        "speed_kmh": 6.0
      },
      "geometry": {
        "type": "MultiLineString",
        "coordinates": [
          [
            [
              4.9128498,
              52.3483947
            ],
            [
              4.9130928,
              52.3484998
            ],
            [
              4.9133164,
              52.3485996
            ]
          ]
        ]
      }
    },
    {
      "type": "Feature",
      "properties": {
        "osm_id": "1334229368",
        "code": 8103,
        "fclass": "canal",
        "width": 0,
        "name": "Haarlemmertrekvaart",
        "oneway": "NO",
        "speed_kmh": 6.0
      },
      "geometry": {
        "type": "MultiLineString",
        "coordinates": [
          [
            [
              4.8692607,
              52.3855274
            ],
            [
              4.8693358,
              52.3855281
            ],
            [
              4.8693788,
              52.3855286
            ],
            [
              4.8694219,
              52.385529
            ],
            [
              4.8694454,
              52.3855295
            ],
            [
              4.8695585,
              52.3855318
            ]
          ]
        ]
      }
    },
    {
      "type": "Feature",
      "properties": {
        "osm_id": "1334229369",
        "code": 8103,
        "fclass": "canal",
        "width": 0,
        "name": "Haarlemmertrekvaart",
        "oneway": "NO",
        "speed_kmh": 6.0
      },
      "geometry": {
        "type": "MultiLineString",
        "coordinates": [
          [
            [
              4.8655822,
              52.3854665
            ],
            [
              4.8669435,
              52.3855039
            ],
            [
              4.8692607,
              52.3855274
            ]
          ]
        ]
      }
    },
    {
      "type": "Feature",
      "properties": {
        "osm_id": "1334250170",
        "code": 8103,
        "fclass": "canal",
        "width": 0,
        "name": "Admiralengracht",
        "oneway": "NO",
        "speed_kmh": 6.0
      },
      "geometry": {
        "type": "MultiLineString",
        "coordinates": [
          [
            [
              4.856633,
              52.3708723
            ],
            [
              4.856495,
              52.3713067
            ]
          ]
        ]
      }
    },
    {
      "type": "Feature",
      "properties": {
        "osm_id": "1334250171",
        "code": 8103,
        "fclass": "canal",
        "width": 0,
        "name": "Admiralengracht",
        "oneway": "NO",
        "speed_kmh": 6.0
      },
      "geometry": {
        "type": "MultiLineString",
        "coordinates": [
          [
            [
              4.856495,
              52.3713067
            ],
            [
              4.8560404,
              52.3727377
            ],
            [
              4.8556232,
              52.3741369
            ]
          ]
        ]
      }
    },
    {
      "type": "Feature",
      "properties": {
        "osm_id": "1334250172",
        "code": 8103,
        "fclass": "canal",
        "width": 0,
        "name": "Admiralengracht",
        "oneway": "NO",
        "speed_kmh": 6.0
      },
      "geometry": {
        "type": "MultiLineString",
        "coordinates": [
          [
            [
              4.8556232,
              52.3741369
            ],
            [
              4.8554953,
              52.3745661
            ]
          ]
        ]
      }
    },
    {
      "type": "Feature",
      "properties": {
        "osm_id": "1334250173",
        "code": 8103,
        "fclass": "canal",
        "width": 0,
        "name": "Admiralengracht",
        "oneway": "NO",
        "speed_kmh": 6.0
      },
      "geometry": {
        "type": "MultiLineString",
        "coordinates": [
          [
            [
              4.8554953,
              52.3745661
            ],
            [
              4.8552105,
              52.374982
            ],
            [
              4.8547048,
              52.3765238
            ]
          ]
        ]
      }
    },
    {
      "type": "Feature",
      "properties": {
        "osm_id": "1334250174",
        "code": 8103,
        "fclass": "canal",
        "width": 0,
        "name": "Erasmusgracht",
        "oneway": "NO",
        "speed_kmh": 6.0
      },
      "geometry": {
        "type": "MultiLineString",
        "coordinates": [
          [
            [
              4.8470758,
              52.3753901
            ],
            [
              4.8477221,
              52.3755122
            ]
          ]
        ]
      }
    },
    {
      "type": "Feature",
      "properties": {
        "osm_id": "1334250175",
        "code": 8103,
        "fclass": "canal",
        "width": 0,
        "name": "Erasmusgracht",
        "oneway": "NO",
        "speed_kmh": 6.0
      },
      "geometry": {
        "type": "MultiLineString",
        "coordinates": [
          [
            [
              4.8477221,
              52.3755122
            ],
            [
              4.8484504,
              52.3756774
            ],
            [
              4.8512047,
              52.3762132
            ],
            [
              4.8522189,
              52.376328
            ],
            [
              4.8528438,
              52.3763705
            ],
            [
              4.8537978,
              52.3764761
            ]
          ]
        ]
      }
    },
    {
      "type": "Feature",
      "properties": {
        "osm_id": "1334250176",
        "code": 8103,
        "fclass": "canal",
        "width": 0,
        "name": "Erasmusgracht",
        "oneway": "NO",
        "speed_kmh": 6.0
      },
      "geometry": {
        "type": "MultiLineString",
        "coordinates": [
          [
            [
              4.8537978,
              52.3764761
            ],
            [
              4.8540619,
              52.3765053
            ]
          ]
        ]
      }
    },
    {
      "type": "Feature",
      "properties": {
        "osm_id": "1334250177",
        "code": 8103,
        "fclass": "canal",
        "width": 0,
        "name": "Erasmusgracht",
        "oneway": "NO",
        "speed_kmh": 6.0
      },
      "geometry": {
        "type": "MultiLineString",
        "coordinates": [
          [
            [
              4.8540619,
              52.3765053
            ],
            [
              4.8541227,
              52.376512
            ],
            [
              4.8547048,
              52.3765238
            ]
          ]
        ]
      }
    },
    {
      "type": "Feature",
      "properties": {
        "osm_id": "1334250179",
        "code": 8103,
        "fclass": "canal",
        "width": 0,
        "name": "Haarlemmertrekvaart",
        "oneway": "NO",
        "speed_kmh": 6.0
      },
      "geometry": {
        "type": "MultiLineString",
        "coordinates": [
          [
            [
              4.84755,
              52.3851604
            ],
            [
              4.8479037,
              52.3851642
            ]
          ]
        ]
      }
    },
    {
      "type": "Feature",
      "properties": {
        "osm_id": "1334250180",
        "code": 8103,
        "fclass": "canal",
        "width": 0,
        "name": "Haarlemmertrekvaart",
        "oneway": "NO",
        "speed_kmh": 6.0
      },
      "geometry": {
        "type": "MultiLineString",
        "coordinates": [
          [
            [
              4.8550526,
              52.3852896
            ],
            [
              4.8552406,
              52.3852939
            ]
          ]
        ]
      }
    },
    {
      "type": "Feature",
      "properties": {
        "osm_id": "1334250181",
        "code": 8103,
        "fclass": "canal",
        "width": 0,
        "name": "Haarlemmertrekvaart",
        "oneway": "NO",
        "speed_kmh": 6.0
      },
      "geometry": {
        "type": "MultiLineString",
        "coordinates": [
          [
            [
              4.8555599,
              52.3853028
            ],
            [
              4.8556419,
              52.3853043
            ]
          ]
        ]
      }
    },
    {
      "type": "Feature",
      "properties": {
        "osm_id": "1334250182",
        "code": 8103,
        "fclass": "canal",
        "width": 0,
        "name": "Haarlemmertrekvaart",
        "oneway": "NO",
        "speed_kmh": 6.0
      },
      "geometry": {
        "type": "MultiLineString",
        "coordinates": [
          [
            [
              4.8647037,
              52.3854353
            ],
            [
              4.865032,
              52.385443
            ]
          ]
        ]
      }
    },
    {
      "type": "Feature",
      "properties": {
        "osm_id": "1334250183",
        "code": 8103,
        "fclass": "canal",
        "width": 0,
        "name": "Haarlemmertrekvaart",
        "oneway": "NO",
        "speed_kmh": 6.0
      },
      "geometry": {
        "type": "MultiLineString",
        "coordinates": [
          [
            [
              4.865032,
              52.385443
            ],
            [
              4.8651875,
              52.3854466
            ],
            [
              4.8652435,
              52.38545
            ]
          ]
        ]
      }
    },
    {
      "type": "Feature",
      "properties": {
        "osm_id": "1334250184",
        "code": 8103,
        "fclass": "canal",
        "width": 0,
        "name": "Haarlemmertrekvaart",
        "oneway": "NO",
        "speed_kmh": 6.0
      },
      "geometry": {
        "type": "MultiLineString",
        "coordinates": [
          [
            [
              4.8652435,
              52.38545
            ],
            [
              4.8653521,
              52.3854565
            ]
          ]
        ]
      }
    },
    {
      "type": "Feature",
      "properties": {
        "osm_id": "1334250185",
        "code": 8103,
        "fclass": "canal",
        "width": 0,
        "name": "Haarlemmertrekvaart",
        "oneway": "NO",
        "speed_kmh": 6.0
      },
      "geometry": {
        "type": "MultiLineString",
        "coordinates": [
          [
            [
              4.8653521,
              52.3854565
            ],
            [
              4.8654646,
              52.3854633
            ]
          ]
        ]
      }
    },
    {
      "type": "Feature",
      "properties": {
        "osm_id": "1334250186",
        "code": 8103,
        "fclass": "canal",
        "width": 0,
        "name": "Haarlemmertrekvaart",
        "oneway": "NO",
        "speed_kmh": 6.0
      },
      "geometry": {
        "type": "MultiLineString",
        "coordinates": [
          [
            [
              4.8654646,
              52.3854633
            ],
            [
              4.8655822,
              52.3854665
            ]
          ]
        ]
      }
    },
    {
      "type": "Feature",
      "properties": {
        "osm_id": "1334259352",
        "code": 8103,
        "fclass": "canal",
        "width": 0,
        "name": "Westlandgracht",
        "oneway": "NO",
        "speed_kmh": 6.0
      },
      "geometry": {
        "type": "MultiLineString",
        "coordinates": [
          [
            [
              4.8474839,
              52.355493
            ],
            [
              4.8475608,
              52.3554935
            ],
            [
              4.8480244,
              52.3554919
            ]
          ]
        ]
      }
    },
    {
      "type": "Feature",
      "properties": {
        "osm_id": "1334259353",
        "code": 8103,
        "fclass": "canal",
        "width": 0,
        "name": "Westlandgracht",
        "oneway": "NO",
        "speed_kmh": 6.0
      },
      "geometry": {
        "type": "MultiLineString",
        "coordinates": [
          [
            [
              4.8480244,
              52.3554919
            ],
            [
              4.8488173,
              52.3554891
            ],
            [
              4.8489245,
              52.3555821
            ],
            [
              4.8489371,
              52.3559281
            ],
            [
              4.8489243,
              52.3569772
            ],
            [
              4.8488968,
              52.3576999
            ]
          ]
        ]
      }
    },
    {
      "type": "Feature",
      "properties": {
        "osm_id": "1334259354",
        "code": 8103,
        "fclass": "canal",
        "width": 0,
        "name": "Westlandgracht",
        "oneway": "NO",
        "speed_kmh": 6.0
      },
      "geometry": {
        "type": "MultiLineString",
        "coordinates": [
          [
            [
              4.8488968,
              52.3576999
            ],
            [
              4.8488836,
              52.3580472
            ]
          ]
        ]
      }
    },
    {
      "type": "Feature",
      "properties": {
        "osm_id": "1334259355",
        "code": 8103,
        "fclass": "canal",
        "width": 0,
        "name": "Postjeswetering",
        "oneway": "NO",
        "speed_kmh": 6.0
      },
      "geometry": {
        "type": "MultiLineString",
        "coordinates": [
          [
            [
              4.8488917,
              52.3583716
            ],
            [
              4.8488667,
              52.3595985
            ]
          ]
        ]
      }
    },
    {
      "type": "Feature",
      "properties": {
        "osm_id": "1334259356",
        "code": 8103,
        "fclass": "canal",
        "width": 0,
        "name": "Postjeswetering",
        "oneway": "NO",
        "speed_kmh": 6.0
      },
      "geometry": {
        "type": "MultiLineString",
        "coordinates": [
          [
            [
              4.8488667,
              52.3595985
            ],
            [
              4.8488624,
              52.3598098
            ]
          ]
        ]
      }
    },
    {
      "type": "Feature",
      "properties": {
        "osm_id": "1334259357",
        "code": 8103,
        "fclass": "canal",
        "width": 0,
        "name": "Postjeswetering",
        "oneway": "NO",
        "speed_kmh": 6.0
      },
      "geometry": {
        "type": "MultiLineString",
        "coordinates": [
          [
            [
              4.8488836,
              52.3580472
            ],
            [
              4.848893,
              52.3583097
            ],
            [
              4.8488917,
              52.3583716
            ]
          ]
        ]
      }
    },
    {
      "type": "Feature",
      "properties": {
        "osm_id": "1334259358",
        "code": 8103,
        "fclass": "canal",
        "width": 0,
        "name": "Postjeswetering",
        "oneway": "NO",
        "speed_kmh": 6.0
      },
      "geometry": {
        "type": "MultiLineString",
        "coordinates": [
          [
            [
              4.8494871,
              52.3617147
            ],
            [
              4.8494892,
              52.3619375
            ],
            [
              4.8494895,
              52.3619768
            ]
          ]
        ]
      }
    },
    {
      "type": "Feature",
      "properties": {
        "osm_id": "1334259359",
        "code": 8103,
        "fclass": "canal",
        "width": 0,
        "name": "Postjeswetering",
        "oneway": "NO",
        "speed_kmh": 6.0
      },
      "geometry": {
        "type": "MultiLineString",
        "coordinates": [
          [
            [
              4.8494895,
              52.3619768
            ],
            [
              4.8494985,
              52.362994
            ]
          ]
        ]
      }
    },
    {
      "type": "Feature",
      "properties": {
        "osm_id": "1334259360",
        "code": 8103,
        "fclass": "canal",
        "width": 0,
        "name": "Postjeswetering",
        "oneway": "NO",
        "speed_kmh": 6.0
      },
      "geometry": {
        "type": "MultiLineString",
        "coordinates": [
          [
            [
              4.8494985,
              52.362994
            ],
            [
              4.8495003,
              52.3631987
            ]
          ]
        ]
      }
    },
    {
      "type": "Feature",
      "properties": {
        "osm_id": "1334259361",
        "code": 8103,
        "fclass": "canal",
        "width": 0,
        "name": "Postjeswetering",
        "oneway": "NO",
        "speed_kmh": 6.0
      },
      "geometry": {
        "type": "MultiLineString",
        "coordinates": [
          [
            [
              4.8495003,
              52.3631987
            ],
            [
              4.8495019,
              52.3633831
            ]
          ]
        ]
      }
    },
    {
      "type": "Feature",
      "properties": {
        "osm_id": "1334259362",
        "code": 8103,
        "fclass": "canal",
        "width": 0,
        "name": "Postjeswetering",
        "oneway": "NO",
        "speed_kmh": 6.0
      },
      "geometry": {
        "type": "MultiLineString",
        "coordinates": [
          [
            [
              4.852877,
              52.3635417
            ],
            [
              4.85349,
              52.3635905
            ]
          ]
        ]
      }
    },
    {
      "type": "Feature",
      "properties": {
        "osm_id": "1334259363",
        "code": 8103,
        "fclass": "canal",
        "width": 0,
        "name": "Postjeswetering",
        "oneway": "NO",
        "speed_kmh": 6.0
      },
      "geometry": {
        "type": "MultiLineString",
        "coordinates": [
          [
            [
              4.85349,
              52.3635905
            ],
            [
              4.8557183,
              52.3638642
            ],
            [
              4.8567329,
              52.3641832
            ],
            [
              4.8576992,
              52.364248
            ]
          ]
        ]
      }
    },
    {
      "type": "Feature",
      "properties": {
        "osm_id": "1334259364",
        "code": 8103,
        "fclass": "canal",
        "width": 0,
        "name": "Postjeswetering",
        "oneway": "NO",
        "speed_kmh": 6.0
      },
      "geometry": {
        "type": "MultiLineString",
        "coordinates": [
          [
            [
              4.8576992,
              52.364248
            ],
            [
              4.857727,
              52.3642499
            ],
            [
              4.8580678,
              52.3642667
            ]
          ]
        ]
      }
    },
    {
      "type": "Feature",
      "properties": {
        "osm_id": "1334259365",
        "code": 8103,
        "fclass": "canal",
        "width": 0,
        "name": "Postjeswetering",
        "oneway": "NO",
        "speed_kmh": 6.0
      },
      "geometry": {
        "type": "MultiLineString",
        "coordinates": [
          [
            [
              4.8580678,
              52.3642667
            ],
            [
              4.8582258,
              52.3642752
            ]
          ]
        ]
      }
    },
    {
      "type": "Feature",
      "properties": {
        "osm_id": "1334259366",
        "code": 8103,
        "fclass": "canal",
        "width": 0,
        "name": "Admiralengracht",
        "oneway": "NO",
        "speed_kmh": 6.0
      },
      "geometry": {
        "type": "MultiLineString",
        "coordinates": [
          [
            [
              4.8582258,
              52.3642752
            ],
            [
              4.8581736,
              52.3645222
            ]
          ]
        ]
      }
    },
    {
      "type": "Feature",
      "properties": {
        "osm_id": "1334259367",
        "code": 8103,
        "fclass": "canal",
        "width": 0,
        "name": "Admiralengracht",
        "oneway": "NO",
        "speed_kmh": 6.0
      },
      "geometry": {
        "type": "MultiLineString",
        "coordinates": [
          [
            [
              4.8581736,
              52.3645222
            ],
            [
              4.8580949,
              52.3648947
            ],
            [
              4.8580569,
              52.3651076
            ]
          ]
        ]
      }
    },
    {
      "type": "Feature",
      "properties": {
        "osm_id": "1334259368",
        "code": 8103,
        "fclass": "canal",
        "width": 0,
        "name": "Admiralengracht",
        "oneway": "NO",
        "speed_kmh": 6.0
      },
      "geometry": {
        "type": "MultiLineString",
        "coordinates": [
          [
            [
              4.857404,
              52.3683465
            ],
            [
              4.8573415,
              52.3685514
            ]
          ]
        ]
      }
    },
    {
      "type": "Feature",
      "properties": {
        "osm_id": "1334259369",
        "code": 8103,
        "fclass": "canal",
        "width": 0,
        "name": "Admiralengracht",
        "oneway": "NO",
        "speed_kmh": 6.0
      },
      "geometry": {
        "type": "MultiLineString",
        "coordinates": [
          [
            [
              4.8573415,
              52.3685514
            ],
            [
              4.8566375,
              52.370858
            ],
            [
              4.856633,
              52.3708723
            ]
          ]
        ]
      }
    },
    {
      "type": "Feature",
      "properties": {
        "osm_id": "1334264731",
        "code": 8103,
        "fclass": "canal",
        "width": 0,
        "name": "Stadionsluis",
        "oneway": "NO",
        "speed_kmh": 6.0
      },
      "geometry": {
        "type": "MultiLineString",
        "coordinates": [
          [
            [
              4.8559289,
              52.3420679
            ],
            [
              4.8559791,
              52.3420743
            ]
          ]
        ]
      }
    },
    {
      "type": "Feature",
      "properties": {
        "osm_id": "1334264732",
        "code": 8103,
        "fclass": "canal",
        "width": 0,
        "name": "Stadionsluis",
        "oneway": "NO",
        "speed_kmh": 6.0
      },
      "geometry": {
        "type": "MultiLineString",
        "coordinates": [
          [
            [
              4.8552355,
              52.3419795
            ],
            [
              4.8559289,
              52.3420679
            ]
          ]
        ]
      }
    },
    {
      "type": "Feature",
      "properties": {
        "osm_id": "1334264733",
        "code": 8103,
        "fclass": "canal",
        "width": 0,
        "name": "Stadiongracht",
        "oneway": "NO",
        "speed_kmh": 6.0
      },
      "geometry": {
        "type": "MultiLineString",
        "coordinates": [
          [
            [
              4.8549895,
              52.3419486
            ],
            [
              4.8551774,
              52.3419721
            ]
          ]
        ]
      }
    },
    {
      "type": "Feature",
      "properties": {
        "osm_id": "1334264734",
        "code": 8103,
        "fclass": "canal",
        "width": 0,
        "name": "Stadiongracht",
        "oneway": "NO",
        "speed_kmh": 6.0
      },
      "geometry": {
        "type": "MultiLineString",
        "coordinates": [
          [
            [
              4.8530961,
              52.3417115
            ],
            [
              4.853349,
              52.3417432
            ]
          ]
        ]
      }
    },
    {
      "type": "Feature",
      "properties": {
        "osm_id": "1334264735",
        "code": 8103,
        "fclass": "canal",
        "width": 0,
        "name": "Stadiongracht",
        "oneway": "NO",
        "speed_kmh": 6.0
      },
      "geometry": {
        "type": "MultiLineString",
        "coordinates": [
          [
            [
              4.8536337,
              52.341781
            ],
            [
              4.8549895,
              52.3419486
            ]
          ]
        ]
      }
    },
    {
      "type": "Feature",
      "properties": {
        "osm_id": "1334264736",
        "code": 8103,
        "fclass": "canal",
        "width": 0,
        "name": "Olympiakanaal",
        "oneway": "NO",
        "speed_kmh": 6.0
      },
      "geometry": {
        "type": "MultiLineString",
        "coordinates": [
          [
            [
              4.851268,
              52.3432466
            ],
            [
              4.8516601,
              52.343315
            ]
          ]
        ]
      }
    },
    {
      "type": "Feature",
      "properties": {
        "osm_id": "1334264737",
        "code": 8103,
        "fclass": "canal",
        "width": 0,
        "name": "Olympiakanaal",
        "oneway": "NO",
        "speed_kmh": 6.0
      },
      "geometry": {
        "type": "MultiLineString",
        "coordinates": [
          [
            [
              4.8516601,
              52.343315
            ],
            [
              4.8519644,
              52.3433703
            ]
          ]
        ]
      }
    },
    {
      "type": "Feature",
      "properties": {
        "osm_id": "1334264738",
        "code": 8103,
        "fclass": "canal",
        "width": 0,
        "name": "Stadiongracht",
        "oneway": "NO",
        "speed_kmh": 6.0
      },
      "geometry": {
        "type": "MultiLineString",
        "coordinates": [
          [
            [
              4.8515649,
              52.3443775
            ],
            [
              4.8519644,
              52.3433703
            ]
          ]
        ]
      }
    },
    {
      "type": "Feature",
      "properties": {
        "osm_id": "1334264739",
        "code": 8103,
        "fclass": "canal",
        "width": 0,
        "name": "Stadiongracht",
        "oneway": "NO",
        "speed_kmh": 6.0
      },
      "geometry": {
        "type": "MultiLineString",
        "coordinates": [
          [
            [
              4.851464,
              52.3449243
            ],
            [
              4.8515246,
              52.3445639
            ]
          ]
        ]
      }
    },
    {
      "type": "Feature",
      "properties": {
        "osm_id": "1334264740",
        "code": 8103,
        "fclass": "canal",
        "width": 0,
        "name": "Olympiakanaal",
        "oneway": "NO",
        "speed_kmh": 6.0
      },
      "geometry": {
        "type": "MultiLineString",
        "coordinates": [
          [
            [
              4.8507226,
              52.3449056
            ],
            [
              4.8510688,
              52.3449266
            ]
          ]
        ]
      }
    },
    {
      "type": "Feature",
      "properties": {
        "osm_id": "1334264741",
        "code": 8103,
        "fclass": "canal",
        "width": 0,
        "name": "Olympiakanaal",
        "oneway": "NO",
        "speed_kmh": 6.0
      },
      "geometry": {
        "type": "MultiLineString",
        "coordinates": [
          [
            [
              4.8510688,
              52.3449266
            ],
            [
              4.8511153,
              52.3449294
            ],
            [
              4.851464,
              52.3449243
            ]
          ]
        ]
      }
    },
    {
      "type": "Feature",
      "properties": {
        "osm_id": "1334264743",
        "code": 8103,
        "fclass": "canal",
        "width": 0,
        "name": null,
        "oneway": "NO",
        "speed_kmh": 6.0
      },
      "geometry": {
        "type": "MultiLineString",
        "coordinates": [
          [
            [
              4.8470975,
              52.342287
            ],
            [
              4.8477354,
              52.3421064
            ]
          ]
        ]
      }
    },
    {
      "type": "Feature",
      "properties": {
        "osm_id": "1334264748",
        "code": 8103,
        "fclass": "canal",
        "width": 0,
        "name": "Schinkel",
        "oneway": "NO",
        "speed_kmh": 6.0
      },
      "geometry": {
        "type": "MultiLineString",
        "coordinates": [
          [
            [
              4.8524789,
              52.3512194
            ],
            [
              4.8535024,
              52.35465
            ]
          ]
        ]
      }
    },
    {
      "type": "Feature",
      "properties": {
        "osm_id": "1334264749",
        "code": 8103,
        "fclass": "canal",
        "width": 0,
        "name": "Schinkel",
        "oneway": "NO",
        "speed_kmh": 6.0
      },
      "geometry": {
        "type": "MultiLineString",
        "coordinates": [
          [
            [
              4.8523003,
              52.3506731
            ],
            [
              4.8523905,
              52.3509232
            ]
          ]
        ]
      }
    },
    {
      "type": "Feature",
      "properties": {
        "osm_id": "1334264750",
        "code": 8103,
        "fclass": "canal",
        "width": 0,
        "name": "Schinkel",
        "oneway": "NO",
        "speed_kmh": 6.0
      },
      "geometry": {
        "type": "MultiLineString",
        "coordinates": [
          [
            [
              4.8523905,
              52.3509232
            ],
            [
              4.8524789,
              52.3512194
            ]
          ]
        ]
      }
    },
    {
      "type": "Feature",
      "properties": {
        "osm_id": "1334264751",
        "code": 8103,
        "fclass": "canal",
        "width": 0,
        "name": "Schinkel",
        "oneway": "NO",
        "speed_kmh": 6.0
      },
      "geometry": {
        "type": "MultiLineString",
        "coordinates": [
          [
            [
              4.8535024,
              52.35465
            ],
            [
              4.8535087,
              52.3546712
            ],
            [
              4.8536012,
              52.3549325
            ]
          ]
        ]
      }
    },
    {
      "type": "Feature",
      "properties": {
        "osm_id": "1334808580",
        "code": 8103,
        "fclass": "canal",
        "width": 0,
        "name": "Amstelkanaal",
        "oneway": "NO",
        "speed_kmh": 6.0
      },
      "geometry": {
        "type": "MultiLineString",
        "coordinates": [
          [
            [
              4.9100404,
              52.3498926
            ],
            [
              4.911069,
              52.3500738
            ]
          ]
        ]
      }
    },
    {
      "type": "Feature",
      "properties": {
        "osm_id": "1334808581",
        "code": 8103,
        "fclass": "canal",
        "width": 0,
        "name": "Amstelkanaal",
        "oneway": "NO",
        "speed_kmh": 6.0
      },
      "geometry": {
        "type": "MultiLineString",
        "coordinates": [
          [
            [
              4.909524,
              52.349808
            ],
            [
              4.9098085,
              52.3498518
            ],
            [
              4.9100404,
              52.3498926
            ]
          ]
        ]
      }
    },
    {
      "type": "Feature",
      "properties": {
        "osm_id": "1334808582",
        "code": 8103,
        "fclass": "canal",
        "width": 0,
        "name": "Amstelkanaal",
        "oneway": "NO",
        "speed_kmh": 6.0
      },
      "geometry": {
        "type": "MultiLineString",
        "coordinates": [
          [
            [
              4.9039033,
              52.3490331
            ],
            [
              4.9041546,
              52.3490683
            ],
            [
              4.9044661,
              52.349105
            ]
          ]
        ]
      }
    },
    {
      "type": "Feature",
      "properties": {
        "osm_id": "1334808583",
        "code": 8103,
        "fclass": "canal",
        "width": 0,
        "name": "Amstelkanaal",
        "oneway": "NO",
        "speed_kmh": 6.0
      },
      "geometry": {
        "type": "MultiLineString",
        "coordinates": [
          [
            [
              4.8998859,
              52.3484696
            ],
            [
              4.9039033,
              52.3490331
            ]
          ]
        ]
      }
    },
    {
      "type": "Feature",
      "properties": {
        "osm_id": "1334808584",
        "code": 8103,
        "fclass": "canal",
        "width": 0,
        "name": "Amstelkanaal",
        "oneway": "NO",
        "speed_kmh": 6.0
      },
      "geometry": {
        "type": "MultiLineString",
        "coordinates": [
          [
            [
              4.8997314,
              52.3484477
            ],
            [
              4.8998223,
              52.3484607
            ],
            [
              4.8998859,
              52.3484696
            ]
          ]
        ]
      }
    },
    {
      "type": "Feature",
      "properties": {
        "osm_id": "1334808585",
        "code": 8103,
        "fclass": "canal",
        "width": 0,
        "name": "Amstelkanaal",
        "oneway": "NO",
        "speed_kmh": 6.0
      },
      "geometry": {
        "type": "MultiLineString",
        "coordinates": [
          [
            [
              4.8954512,
              52.3480049
            ],
            [
              4.8964177,
              52.3479766
            ],
            [
              4.8997314,
              52.3484477
            ]
          ]
        ]
      }
    },
    {
      "type": "Feature",
      "properties": {
        "osm_id": "1334808586",
        "code": 8103,
        "fclass": "canal",
        "width": 0,
        "name": "Amstelkanaal",
        "oneway": "NO",
        "speed_kmh": 6.0
      },
      "geometry": {
        "type": "MultiLineString",
        "coordinates": [
          [
            [
              4.8950784,
              52.3480195
            ],
            [
              4.8952424,
              52.348011
            ],
            [
              4.8954512,
              52.3480049
            ]
          ]
        ]
      }
    },
    {
      "type": "Feature",
      "properties": {
        "osm_id": "1334808587",
        "code": 8103,
        "fclass": "canal",
        "width": 0,
        "name": "Amstelkanaal",
        "oneway": "NO",
        "speed_kmh": 6.0
      },
      "geometry": {
        "type": "MultiLineString",
        "coordinates": [
          [
            [
              4.8916253,
              52.3481982
            ],
            [
              4.8950784,
              52.3480195
            ]
          ]
        ]
      }
    },
    {
      "type": "Feature",
      "properties": {
        "osm_id": "1334808588",
        "code": 8103,
        "fclass": "canal",
        "width": 0,
        "name": "Amstelkanaal",
        "oneway": "NO",
        "speed_kmh": 6.0
      },
      "geometry": {
        "type": "MultiLineString",
        "coordinates": [
          [
            [
              4.8909585,
              52.3482288
            ],
            [
              4.8912304,
              52.3482186
            ],
            [
              4.8916253,
              52.3481982
            ]
          ]
        ]
      }
    },
    {
      "type": "Feature",
      "properties": {
        "osm_id": "1334808589",
        "code": 8103,
        "fclass": "canal",
        "width": 0,
        "name": "Amstelkanaal",
        "oneway": "NO",
        "speed_kmh": 6.0
      },
      "geometry": {
        "type": "MultiLineString",
        "coordinates": [
          [
            [
              4.8863297,
              52.3484595
            ],
            [
              4.8899541,
              52.3482665
            ],
            [
              4.8909585,
              52.3482288
            ]
          ]
        ]
      }
    },
    {
      "type": "Feature",
      "properties": {
        "osm_id": "1334808590",
        "code": 8103,
        "fclass": "canal",
        "width": 0,
        "name": "Boerenwetering",
        "oneway": "NO",
        "speed_kmh": 6.0
      },
      "geometry": {
        "type": "MultiLineString",
        "coordinates": [
          [
            [
              4.8855059,
              52.342549
            ],
            [
              4.8855124,
              52.3425945
            ]
          ]
        ]
      }
    },
    {
      "type": "Feature",
      "properties": {
        "osm_id": "1334808591",
        "code": 8103,
        "fclass": "canal",
        "width": 0,
        "name": "Boerenwetering",
        "oneway": "NO",
        "speed_kmh": 6.0
      },
      "geometry": {
        "type": "MultiLineString",
        "coordinates": [
          [
            [
              4.8855124,
              52.3425945
            ],
            [
              4.8857611,
              52.3443307
            ]
          ]
        ]
      }
    },
    {
      "type": "Feature",
      "properties": {
        "osm_id": "1334808592",
        "code": 8103,
        "fclass": "canal",
        "width": 0,
        "name": "Boerenwetering",
        "oneway": "NO",
        "speed_kmh": 6.0
      },
      "geometry": {
        "type": "MultiLineString",
        "coordinates": [
          [
            [
              4.8858148,
              52.3447053
            ],
            [
              4.8861323,
              52.3471592
            ]
          ]
        ]
      }
    },
    {
      "type": "Feature",
      "properties": {
        "osm_id": "1334808593",
        "code": 8103,
        "fclass": "canal",
        "width": 0,
        "name": "Boerenwetering",
        "oneway": "NO",
        "speed_kmh": 6.0
      },
      "geometry": {
        "type": "MultiLineString",
        "coordinates": [
          [
            [
              4.8857611,
              52.3443307
            ],
            [
              4.8858148,
              52.3447053
            ]
          ]
        ]
      }
    },
    {
      "type": "Feature",
      "properties": {
        "osm_id": "1334808594",
        "code": 8103,
        "fclass": "canal",
        "width": 0,
        "name": "Boerenwetering",
        "oneway": "NO",
        "speed_kmh": 6.0
      },
      "geometry": {
        "type": "MultiLineString",
        "coordinates": [
          [
            [
              4.8861828,
              52.3476471
            ],
            [
              4.8863297,
              52.3484595
            ]
          ]
        ]
      }
    },
    {
      "type": "Feature",
      "properties": {
        "osm_id": "1334808595",
        "code": 8103,
        "fclass": "canal",
        "width": 0,
        "name": "Boerenwetering",
        "oneway": "NO",
        "speed_kmh": 6.0
      },
      "geometry": {
        "type": "MultiLineString",
        "coordinates": [
          [
            [
              4.8861323,
              52.3471592
            ],
            [
              4.8861828,
              52.3476471
            ]
          ]
        ]
      }
    },
    {
      "type": "Feature",
      "properties": {
        "osm_id": "1334808596",
        "code": 8103,
        "fclass": "canal",
        "width": 0,
        "name": "Noorder Amstelkanaal",
        "oneway": "NO",
        "speed_kmh": 6.0
      },
      "geometry": {
        "type": "MultiLineString",
        "coordinates": [
          [
            [
              4.8602978,
              52.3488807
            ],
            [
              4.8600084,
              52.3486245
            ]
          ]
        ]
      }
    },
    {
      "type": "Feature",
      "properties": {
        "osm_id": "1334808597",
        "code": 8103,
        "fclass": "canal",
        "width": 0,
        "name": "Noorder Amstelkanaal",
        "oneway": "NO",
        "speed_kmh": 6.0
      },
      "geometry": {
        "type": "MultiLineString",
        "coordinates": [
          [
            [
              4.8600084,
              52.3486245
            ],
            [
              4.8589248,
              52.3476651
            ],
            [
              4.8587629,
              52.3476074
            ],
            [
              4.8583501,
              52.347543
            ]
          ]
        ]
      }
    },
    {
      "type": "Feature",
      "properties": {
        "osm_id": "1334808598",
        "code": 8103,
        "fclass": "canal",
        "width": 0,
        "name": "Noorder Amstelkanaal",
        "oneway": "NO",
        "speed_kmh": 6.0
      },
      "geometry": {
        "type": "MultiLineString",
        "coordinates": [
          [
            [
              4.8655201,
              52.3507618
            ],
            [
              4.8651123,
              52.3506567
            ]
          ]
        ]
      }
    },
    {
      "type": "Feature",
      "properties": {
        "osm_id": "1334808599",
        "code": 8103,
        "fclass": "canal",
        "width": 0,
        "name": "Noorder Amstelkanaal",
        "oneway": "NO",
        "speed_kmh": 6.0
      },
      "geometry": {
        "type": "MultiLineString",
        "coordinates": [
          [
            [
              4.8703813,
              52.3520243
            ],
            [
              4.8701257,
              52.3519588
            ],
            [
              4.8655201,
              52.3507618
            ]
          ]
        ]
      }
    },
    {
      "type": "Feature",
      "properties": {
        "osm_id": "1334808600",
        "code": 8103,
        "fclass": "canal",
        "width": 0,
        "name": "Noorder Amstelkanaal",
        "oneway": "NO",
        "speed_kmh": 6.0
      },
      "geometry": {
        "type": "MultiLineString",
        "coordinates": [
          [
            [
              4.8708974,
              52.3521085
            ],
            [
              4.8703813,
              52.3520243
            ]
          ]
        ]
      }
    },
    {
      "type": "Feature",
      "properties": {
        "osm_id": "1334808601",
        "code": 8103,
        "fclass": "canal",
        "width": 0,
        "name": "Noorder Amstelkanaal",
        "oneway": "NO",
        "speed_kmh": 6.0
      },
      "geometry": {
        "type": "MultiLineString",
        "coordinates": [
          [
            [
              4.8731146,
              52.3522079
            ],
            [
              4.8718337,
              52.3522157
            ],
            [
              4.8708974,
              52.3521085
            ]
          ]
        ]
      }
    },
    {
      "type": "Feature",
      "properties": {
        "osm_id": "1334808602",
        "code": 8103,
        "fclass": "canal",
        "width": 0,
        "name": "Noorder Amstelkanaal",
        "oneway": "NO",
        "speed_kmh": 6.0
      },
      "geometry": {
        "type": "MultiLineString",
        "coordinates": [
          [
            [
              4.8736117,
              52.3521796
            ],
            [
              4.8731146,
              52.3522079
            ]
          ]
        ]
      }
    },
    {
      "type": "Feature",
      "properties": {
        "osm_id": "1334808603",
        "code": 8103,
        "fclass": "canal",
        "width": 0,
        "name": "Noorder Amstelkanaal",
        "oneway": "NO",
        "speed_kmh": 6.0
      },
      "geometry": {
        "type": "MultiLineString",
        "coordinates": [
          [
            [
              4.8787727,
              52.3512437
            ],
            [
              4.8779784,
              52.3513693
            ],
            [
              4.8740317,
              52.3521088
            ],
            [
              4.8736117,
              52.3521796
            ]
          ]
        ]
      }
    },
    {
      "type": "Feature",
      "properties": {
        "osm_id": "1334808604",
        "code": 8103,
        "fclass": "canal",
        "width": 0,
        "name": "Noorder Amstelkanaal",
        "oneway": "NO",
        "speed_kmh": 6.0
      },
      "geometry": {
        "type": "MultiLineString",
        "coordinates": [
          [
            [
              4.8793093,
              52.3511478
            ],
            [
              4.8787727,
              52.3512437
            ]
          ]
        ]
      }
    },
    {
      "type": "Feature",
      "properties": {
        "osm_id": "1334808605",
        "code": 8103,
        "fclass": "canal",
        "width": 0,
        "name": "Noorder Amstelkanaal",
        "oneway": "NO",
        "speed_kmh": 6.0
      },
      "geometry": {
        "type": "MultiLineString",
        "coordinates": [
          [
            [
              4.8846018,
              52.349693
            ],
            [
              4.8838407,
              52.3502421
            ],
            [
              4.8835488,
              52.3503732
            ],
            [
              4.8793093,
              52.3511478
            ]
          ]
        ]
      }
    },
    {
      "type": "Feature",
      "properties": {
        "osm_id": "1334808606",
        "code": 8103,
        "fclass": "canal",
        "width": 0,
        "name": "Noorder Amstelkanaal",
        "oneway": "NO",
        "speed_kmh": 6.0
      },
      "geometry": {
        "type": "MultiLineString",
        "coordinates": [
          [
            [
              4.8849813,
              52.3494193
            ],
            [
              4.8846018,
              52.349693
            ]
          ]
        ]
      }
    },
    {
      "type": "Feature",
      "properties": {
        "osm_id": "1334808607",
        "code": 8103,
        "fclass": "canal",
        "width": 0,
        "name": "Noorder Amstelkanaal",
        "oneway": "NO",
        "speed_kmh": 6.0
      },
      "geometry": {
        "type": "MultiLineString",
        "coordinates": [
          [
            [
              4.8863297,
              52.3484595
            ],
            [
              4.885419,
              52.3491231
            ],
            [
              4.8849813,
              52.3494193
            ]
          ]
        ]
      }
    },
    {
      "type": "Feature",
      "properties": {
        "osm_id": "1334808608",
        "code": 8103,
        "fclass": "canal",
        "width": 0,
        "name": "Zuider Amstelkanaal",
        "oneway": "NO",
        "speed_kmh": 6.0
      },
      "geometry": {
        "type": "MultiLineString",
        "coordinates": [
          [
            [
              4.8848296,
              52.3477706
            ],
            [
              4.8863297,
              52.3484595
            ]
          ]
        ]
      }
    },
    {
      "type": "Feature",
      "properties": {
        "osm_id": "1334808609",
        "code": 8103,
        "fclass": "canal",
        "width": 0,
        "name": "Zuider Amstelkanaal",
        "oneway": "NO",
        "speed_kmh": 6.0
      },
      "geometry": {
        "type": "MultiLineString",
        "coordinates": [
          [
            [
              4.8843225,
              52.3475218
            ],
            [
              4.8848296,
              52.3477706
            ]
          ]
        ]
      }
    },
    {
      "type": "Feature",
      "properties": {
        "osm_id": "1334808610",
        "code": 8103,
        "fclass": "canal",
        "width": 0,
        "name": "Zuider Amstelkanaal",
        "oneway": "NO",
        "speed_kmh": 6.0
      },
      "geometry": {
        "type": "MultiLineString",
        "coordinates": [
          [
            [
              4.8811994,
              52.3459647
            ],
            [
              4.8816931,
              52.3462163
            ]
          ]
        ]
      }
    },
    {
      "type": "Feature",
      "properties": {
        "osm_id": "1334808611",
        "code": 8103,
        "fclass": "canal",
        "width": 0,
        "name": "Zuider Amstelkanaal",
        "oneway": "NO",
        "speed_kmh": 6.0
      },
      "geometry": {
        "type": "MultiLineString",
        "coordinates": [
          [
            [
              4.8816931,
              52.3462163
            ],
            [
              4.8825074,
              52.3466314
            ],
            [
              4.8843225,
              52.3475218
            ]
          ]
        ]
      }
    },
    {
      "type": "Feature",
      "properties": {
        "osm_id": "1334808612",
        "code": 8103,
        "fclass": "canal",
        "width": 0,
        "name": "Zuider Amstelkanaal",
        "oneway": "NO",
        "speed_kmh": 6.0
      },
      "geometry": {
        "type": "MultiLineString",
        "coordinates": [
          [
            [
              4.8763163,
              52.3445986
            ],
            [
              4.8768754,
              52.3446251
            ]
          ]
        ]
      }
    },
    {
      "type": "Feature",
      "properties": {
        "osm_id": "1334808613",
        "code": 8103,
        "fclass": "canal",
        "width": 0,
        "name": "Zuider Amstelkanaal",
        "oneway": "NO",
        "speed_kmh": 6.0
      },
      "geometry": {
        "type": "MultiLineString",
        "coordinates": [
          [
            [
              4.8728562,
              52.3444698
            ],
            [
              4.874981,
              52.3445496
            ],
            [
              4.8763163,
              52.3445986
            ]
          ]
        ]
      }
    },
    {
      "type": "Feature",
      "properties": {
        "osm_id": "1334808614",
        "code": 8103,
        "fclass": "canal",
        "width": 0,
        "name": "Zuider Amstelkanaal",
        "oneway": "NO",
        "speed_kmh": 6.0
      },
      "geometry": {
        "type": "MultiLineString",
        "coordinates": [
          [
            [
              4.8726392,
              52.3444617
            ],
            [
              4.8728562,
              52.3444698
            ]
          ]
        ]
      }
    },
    {
      "type": "Feature",
      "properties": {
        "osm_id": "1334808615",
        "code": 8103,
        "fclass": "canal",
        "width": 0,
        "name": "Zuider Amstelkanaal",
        "oneway": "NO",
        "speed_kmh": 6.0
      },
      "geometry": {
        "type": "MultiLineString",
        "coordinates": [
          [
            [
              4.8682799,
              52.3440015
            ],
            [
              4.8707498,
              52.3443542
            ],
            [
              4.8715633,
              52.3444213
            ],
            [
              4.8726392,
              52.3444617
            ]
          ]
        ]
      }
    },
    {
      "type": "Feature",
      "properties": {
        "osm_id": "1334808616",
        "code": 8103,
        "fclass": "canal",
        "width": 0,
        "name": "Zuider Amstelkanaal",
        "oneway": "NO",
        "speed_kmh": 6.0
      },
      "geometry": {
        "type": "MultiLineString",
        "coordinates": [
          [
            [
              4.867716,
              52.3439209
            ],
            [
              4.8682799,
              52.3440015
            ]
          ]
        ]
      }
    },
    {
      "type": "Feature",
      "properties": {
        "osm_id": "1334808617",
        "code": 8103,
        "fclass": "canal",
        "width": 0,
        "name": "Zuider Amstelkanaal",
        "oneway": "NO",
        "speed_kmh": 6.0
      },
      "geometry": {
        "type": "MultiLineString",
        "coordinates": [
          [
            [
              4.8655136,
              52.3433752
            ],
            [
              4.8671618,
              52.3438418
            ],
            [
              4.867716,
              52.3439209
            ]
          ]
        ]
      }
    },
    {
      "type": "Feature",
      "properties": {
        "osm_id": "1334808618",
        "code": 8103,
        "fclass": "canal",
        "width": 0,
        "name": "Zuider Amstelkanaal",
        "oneway": "NO",
        "speed_kmh": 6.0
      },
      "geometry": {
        "type": "MultiLineString",
        "coordinates": [
          [
            [
              4.8653204,
              52.3433147
            ],
            [
              4.8655136,
              52.3433752
            ]
          ]
        ]
      }
    },
    {
      "type": "Feature",
      "properties": {
        "osm_id": "1334808619",
        "code": 8103,
        "fclass": "canal",
        "width": 0,
        "name": "Zuider Amstelkanaal",
        "oneway": "NO",
        "speed_kmh": 6.0
      },
      "geometry": {
        "type": "MultiLineString",
        "coordinates": [
          [
            [
              4.8605302,
              52.3425426
            ],
            [
              4.8624068,
              52.342519
            ],
            [
              4.8634596,
              52.3426433
            ],
            [
              4.8648242,
              52.3430594
            ],
            [
              4.8653204,
              52.3433147
            ]
          ]
        ]
      }
    },
    {
      "type": "Feature",
      "properties": {
        "osm_id": "1334808620",
        "code": 8103,
        "fclass": "canal",
        "width": 0,
        "name": "Zuider Amstelkanaal",
        "oneway": "NO",
        "speed_kmh": 6.0
      },
      "geometry": {
        "type": "MultiLineString",
        "coordinates": [
          [
            [
              4.8604001,
              52.3425425
            ],
            [
              4.8605302,
              52.3425426
            ]
          ]
        ]
      }
    },
    {
      "type": "Feature",
      "properties": {
        "osm_id": "1334808621",
        "code": 8103,
        "fclass": "canal",
        "width": 0,
        "name": "Zuider Amstelkanaal",
        "oneway": "NO",
        "speed_kmh": 6.0
      },
      "geometry": {
        "type": "MultiLineString",
        "coordinates": [
          [
            [
              4.857802,
              52.3423306
            ],
            [
              4.8593958,
              52.3425336
            ],
            [
              4.8604001,
              52.3425425
            ]
          ]
        ]
      }
    },
    {
      "type": "Feature",
      "properties": {
        "osm_id": "1334808622",
        "code": 8103,
        "fclass": "canal",
        "width": 0,
        "name": "Stadiongracht",
        "oneway": "NO",
        "speed_kmh": 6.0
      },
      "geometry": {
        "type": "MultiLineString",
        "coordinates": [
          [
            [
              4.8572008,
              52.3422477
            ],
            [
              4.8574894,
              52.3422908
            ]
          ]
        ]
      }
    },
    {
      "type": "Feature",
      "properties": {
        "osm_id": "1334808623",
        "code": 8103,
        "fclass": "canal",
        "width": 0,
        "name": "Zuider Amstelkanaal",
        "oneway": "NO",
        "speed_kmh": 6.0
      },
      "geometry": {
        "type": "MultiLineString",
        "coordinates": [
          [
            [
              4.8574894,
              52.3422908
            ],
            [
              4.857802,
              52.3423306
            ]
          ]
        ]
      }
    },
    {
      "type": "Feature",
      "properties": {
        "osm_id": "1334808624",
        "code": 8103,
        "fclass": "canal",
        "width": 0,
        "name": "Stadiongracht",
        "oneway": "NO",
        "speed_kmh": 6.0
      },
      "geometry": {
        "type": "MultiLineString",
        "coordinates": [
          [
            [
              4.853349,
              52.3417432
            ],
            [
              4.8536337,
              52.341781
            ]
          ]
        ]
      }
    },
    {
      "type": "Feature",
      "properties": {
        "osm_id": "1334812560",
        "code": 8103,
        "fclass": "canal",
        "width": 0,
        "name": "Weespertrekvaart",
        "oneway": "NO",
        "speed_kmh": 6.0
      },
      "geometry": {
        "type": "MultiLineString",
        "coordinates": [
          [
            [
              4.9250682,
              52.3407796
            ],
            [
              4.9254557,
              52.3406027
            ]
          ]
        ]
      }
    },
    {
      "type": "Feature",
      "properties": {
        "osm_id": "1334812561",
        "code": 8103,
        "fclass": "canal",
        "width": 0,
        "name": "Weespertrekvaart",
        "oneway": "NO",
        "speed_kmh": 6.0
      },
      "geometry": {
        "type": "MultiLineString",
        "coordinates": [
          [
            [
              4.9197378,
              52.3426635
            ],
            [
              4.9203255,
              52.3427677
            ],
            [
              4.920554,
              52.3427751
            ],
            [
              4.9207796,
              52.3427348
            ],
            [
              4.9234036,
              52.3415353
            ],
            [
              4.9250682,
              52.3407796
            ]
          ]
        ]
      }
    },
    {
      "type": "Feature",
      "properties": {
        "osm_id": "1334812562",
        "code": 8103,
        "fclass": "canal",
        "width": 0,
        "name": "Weespertrekvaart",
        "oneway": "NO",
        "speed_kmh": 6.0
      },
      "geometry": {
        "type": "MultiLineString",
        "coordinates": [
          [
            [
              4.9191678,
              52.3425406
            ],
            [
              4.9194678,
              52.3426055
            ],
            [
              4.9197378,
              52.3426635
            ]
          ]
        ]
      }
    },
    {
      "type": "Feature",
      "properties": {
        "osm_id": "1334812563",
        "code": 8103,
        "fclass": "canal",
        "width": 0,
        "name": "Weespertrekvaart",
        "oneway": "NO",
        "speed_kmh": 6.0
      },
      "geometry": {
        "type": "MultiLineString",
        "coordinates": [
          [
            [
              4.9185347,
              52.3424037
            ],
            [
              4.918853,
              52.3424725
            ],
            [
              4.9191678,
              52.3425406
            ]
          ]
        ]
      }
    },
    {
      "type": "Feature",
      "properties": {
        "osm_id": "1334812564",
        "code": 8103,
        "fclass": "canal",
        "width": 0,
        "name": "Weespertrekvaart",
        "oneway": "NO",
        "speed_kmh": 6.0
      },
      "geometry": {
        "type": "MultiLineString",
        "coordinates": [
          [
            [
              4.9153538,
              52.3419526
            ],
            [
              4.9173452,
              52.3421915
            ],
            [
              4.9185347,
              52.3424037
            ]
          ]
        ]
      }
    },
    {
      "type": "Feature",
      "properties": {
        "osm_id": "1334812572",
        "code": 8103,
        "fclass": "canal",
        "width": 0,
        "name": "Duivendrechtsevaart",
        "oneway": "NO",
        "speed_kmh": 6.0
      },
      "geometry": {
        "type": "MultiLineString",
        "coordinates": [
          [
            [
              4.9125377,
              52.3386062
            ],
            [
              4.9120288,
              52.3394097
            ]
          ]
        ]
      }
    },
    {
      "type": "Feature",
      "properties": {
        "osm_id": "1334812573",
        "code": 8101,
        "fclass": "river",
        "width": 0,
        "name": "Amstel",
        "oneway": "NO",
        "speed_kmh": 7.5
      },
      "geometry": {
        "type": "MultiLineString",
        "coordinates": [
          [
            [
              4.9128051,
              52.3471924
            ],
            [
              4.9127425,
              52.3473577
            ],
            [
              4.9126888,
              52.3475036
            ]
          ]
        ]
      }
    },
    {
      "type": "Feature",
      "properties": {
        "osm_id": "1334812574",
        "code": 8101,
        "fclass": "river",
        "width": 0,
        "name": "Amstel",
        "oneway": "NO",
        "speed_kmh": 7.5
      },
      "geometry": {
        "type": "MultiLineString",
        "coordinates": [
          [
            [
              4.9153538,
              52.3419526
            ],
            [
              4.9145797,
              52.3430262
            ],
            [
              4.9133649,
              52.3452952
            ],
            [
              4.9133607,
              52.3459842
            ],
            [
              4.9128051,
              52.3471924
            ]
          ]
        ]
      }
    },
    {
      "type": "Feature",
      "properties": {
        "osm_id": "1334812575",
        "code": 8101,
        "fclass": "river",
        "width": 0,
        "name": "Amstel",
        "oneway": "NO",
        "speed_kmh": 7.5
      },
      "geometry": {
        "type": "MultiLineString",
        "coordinates": [
          [
            [
              4.90919,
              52.3386479
            ],
            [
              4.9094575,
              52.3387546
            ],
            [
              4.9097158,
              52.3388577
            ]
          ]
        ]
      }
    },
    {
      "type": "Feature",
      "properties": {
        "osm_id": "1334812576",
        "code": 8101,
        "fclass": "river",
        "width": 0,
        "name": "Amstel",
        "oneway": "NO",
        "speed_kmh": 7.5
      },
      "geometry": {
        "type": "MultiLineString",
        "coordinates": [
          [
            [
              4.9097158,
              52.3388577
            ],
            [
              4.9120288,
              52.3394097
            ],
            [
              4.9123793,
              52.339504
            ],
            [
              4.9140609,
              52.3402015
            ],
            [
              4.9152638,
              52.341169
            ],
            [
              4.915436,
              52.3415058
            ],
            [
              4.9153538,
              52.3419526
            ]
          ]
        ]
      }
    },
    {
      "type": "Feature",
      "properties": {
        "osm_id": "1334816079",
        "code": 8103,
        "fclass": "canal",
        "width": 0,
        "name": "Entrepothaven",
        "oneway": "NO",
        "speed_kmh": 6.0
      },
      "geometry": {
        "type": "MultiLineString",
        "coordinates": [
          [
            [
              4.9387209,
              52.3699033
            ],
            [
              4.9385171,
              52.3699154
            ],
            [
              4.9382969,
              52.369916
            ]
          ]
        ]
      }
    },
    {
      "type": "Feature",
      "properties": {
        "osm_id": "1334816080",
        "code": 8103,
        "fclass": "canal",
        "width": 0,
        "name": "Entrepothaven",
        "oneway": "NO",
        "speed_kmh": 6.0
      },
      "geometry": {
        "type": "MultiLineString",
        "coordinates": [
          [
            [
              4.9368421,
              52.370073
            ],
            [
              4.9365962,
              52.369981
            ],
            [
              4.9362838,
              52.3698207
            ]
          ]
        ]
      }
    },
    {
      "type": "Feature",
      "properties": {
        "osm_id": "1334816081",
        "code": 8103,
        "fclass": "canal",
        "width": 0,
        "name": "Entrepothaven",
        "oneway": "NO",
        "speed_kmh": 6.0
      },
      "geometry": {
        "type": "MultiLineString",
        "coordinates": [
          [
            [
              4.9382969,
              52.369916
            ],
            [
              4.9375401,
              52.3699684
            ],
            [
              4.9371209,
              52.3700683
            ],
            [
              4.9368421,
              52.370073
            ]
          ]
        ]
      }
    },
    {
      "type": "Feature",
      "properties": {
        "osm_id": "1334816082",
        "code": 8103,
        "fclass": "canal",
        "width": 0,
        "name": null,
        "oneway": "NO",
        "speed_kmh": 6.0
      },
      "geometry": {
        "type": "MultiLineString",
        "coordinates": [
          [
            [
              4.9341207,
              52.3688254
            ],
            [
              4.9341207,
              52.3687296
            ]
          ]
        ]
      }
    },
    {
      "type": "Feature",
      "properties": {
        "osm_id": "1334816083",
        "code": 8103,
        "fclass": "canal",
        "width": 0,
        "name": null,
        "oneway": "NO",
        "speed_kmh": 6.0
      },
      "geometry": {
        "type": "MultiLineString",
        "coordinates": [
          [
            [
              4.9341208,
              52.3685478
            ],
            [
              4.9341208,
              52.3684929
            ],
            [
              4.9341229,
              52.3684089
            ]
          ]
        ]
      }
    },
    {
      "type": "Feature",
      "properties": {
        "osm_id": "1334816084",
        "code": 8103,
        "fclass": "canal",
        "width": 0,
        "name": null,
        "oneway": "NO",
        "speed_kmh": 6.0
      },
      "geometry": {
        "type": "MultiLineString",
        "coordinates": [
          [
            [
              4.9341229,
              52.3684089
            ],
            [
              4.9341305,
              52.3679778
            ],
            [
              4.9341581,
              52.3672434
            ]
          ]
        ]
      }
    },
    {
      "type": "Feature",
      "properties": {
        "osm_id": "1334816085",
        "code": 8103,
        "fclass": "canal",
        "width": 0,
        "name": "Nieuwe Vaart",
        "oneway": "NO",
        "speed_kmh": 6.0
      },
      "geometry": {
        "type": "MultiLineString",
        "coordinates": [
          [
            [
              4.9464356,
              52.3673517
            ],
            [
              4.9517743,
              52.3674186
            ],
            [
              4.9526952,
              52.367421
            ]
          ]
        ]
      }
    },
    {
      "type": "Feature",
      "properties": {
        "osm_id": "1334816086",
        "code": 8103,
        "fclass": "canal",
        "width": 0,
        "name": "Nieuwe Vaart",
        "oneway": "NO",
        "speed_kmh": 6.0
      },
      "geometry": {
        "type": "MultiLineString",
        "coordinates": [
          [
            [
              4.9396453,
              52.3672979
            ],
            [
              4.9428765,
              52.3673024
            ],
            [
              4.9458299,
              52.3673444
            ]
          ]
        ]
      }
    },
    {
      "type": "Feature",
      "properties": {
        "osm_id": "1334816087",
        "code": 8103,
        "fclass": "canal",
        "width": 0,
        "name": "Lozingskanaal",
        "oneway": "NO",
        "speed_kmh": 6.0
      },
      "geometry": {
        "type": "MultiLineString",
        "coordinates": [
          [
            [
              4.9458634,
              52.3666497
            ],
            [
              4.9461258,
              52.3666505
            ],
            [
              4.9464037,
              52.3666534
            ]
          ]
        ]
      }
    },
    {
      "type": "Feature",
      "properties": {
        "osm_id": "1334816088",
        "code": 8103,
        "fclass": "canal",
        "width": 0,
        "name": "Lozingskanaal",
        "oneway": "NO",
        "speed_kmh": 6.0
      },
      "geometry": {
        "type": "MultiLineString",
        "coordinates": [
          [
            [
              4.9396554,
              52.3666304
            ],
            [
              4.9458634,
              52.3666497
            ]
          ]
        ]
      }
    },
    {
      "type": "Feature",
      "properties": {
        "osm_id": "1334816089",
        "code": 8103,
        "fclass": "canal",
        "width": 0,
        "name": "Nieuwe Vaart",
        "oneway": "NO",
        "speed_kmh": 6.0
      },
      "geometry": {
        "type": "MultiLineString",
        "coordinates": [
          [
            [
              4.9341581,
              52.3672434
            ],
            [
              4.9393214,
              52.3672962
            ]
          ]
        ]
      }
    },
    {
      "type": "Feature",
      "properties": {
        "osm_id": "1334816090",
        "code": 8103,
        "fclass": "canal",
        "width": 0,
        "name": "Nieuwe Vaart",
        "oneway": "NO",
        "speed_kmh": 6.0
      },
      "geometry": {
        "type": "MultiLineString",
        "coordinates": [
          [
            [
              4.9393214,
              52.3672962
            ],
            [
              4.9394716,
              52.3672977
            ],
            [
              4.9396453,
              52.3672979
            ]
          ]
        ]
      }
    },
    {
      "type": "Feature",
      "properties": {
        "osm_id": "1334816091",
        "code": 8103,
        "fclass": "canal",
        "width": 0,
        "name": "Lozingskanaal",
        "oneway": "NO",
        "speed_kmh": 6.0
      },
      "geometry": {
        "type": "MultiLineString",
        "coordinates": [
          [
            [
              4.939304,
              52.3666277
            ],
            [
              4.9395066,
              52.3666299
            ],
            [
              4.9396554,
              52.3666304
            ]
          ]
        ]
      }
    },
    {
      "type": "Feature",
      "properties": {
        "osm_id": "1334816092",
        "code": 8103,
        "fclass": "canal",
        "width": 0,
        "name": "Lozingskanaal",
        "oneway": "NO",
        "speed_kmh": 6.0
      },
      "geometry": {
        "type": "MultiLineString",
        "coordinates": [
          [
            [
              4.9341542,
              52.3665724
            ],
            [
              4.939304,
              52.3666277
            ]
          ]
        ]
      }
    },
    {
      "type": "Feature",
      "properties": {
        "osm_id": "1334816093",
        "code": 8103,
        "fclass": "canal",
        "width": 0,
        "name": "Nieuwe Vaart",
        "oneway": "NO",
        "speed_kmh": 6.0
      },
      "geometry": {
        "type": "MultiLineString",
        "coordinates": [
          [
            [
              4.9335252,
              52.3672438
            ],
            [
              4.9338096,
              52.3672438
            ],
            [
              4.9341581,
              52.3672434
            ]
          ]
        ]
      }
    },
    {
      "type": "Feature",
      "properties": {
        "osm_id": "1334816094",
        "code": 8103,
        "fclass": "canal",
        "width": 0,
        "name": "Nieuwe Vaart",
        "oneway": "NO",
        "speed_kmh": 6.0
      },
      "geometry": {
        "type": "MultiLineString",
        "coordinates": [
          [
            [
              4.9332059,
              52.3672438
            ],
            [
              4.9335252,
              52.3672438
            ]
          ]
        ]
      }
    },
    {
      "type": "Feature",
      "properties": {
        "osm_id": "1334816095",
        "code": 8103,
        "fclass": "canal",
        "width": 0,
        "name": "Lozingskanaal",
        "oneway": "NO",
        "speed_kmh": 6.0
      },
      "geometry": {
        "type": "MultiLineString",
        "coordinates": [
          [
            [
              4.9335265,
              52.3665704
            ],
            [
              4.9338341,
              52.366569
            ],
            [
              4.9341542,
              52.3665724
            ]
          ]
        ]
      }
    },
    {
      "type": "Feature",
      "properties": {
        "osm_id": "1334816096",
        "code": 8103,
        "fclass": "canal",
        "width": 0,
        "name": "Lozingskanaal",
        "oneway": "NO",
        "speed_kmh": 6.0
      },
      "geometry": {
        "type": "MultiLineString",
        "coordinates": [
          [
            [
              4.9323879,
              52.3665754
            ],
            [
              4.9335265,
              52.3665704
            ]
          ]
        ]
      }
    },
    {
      "type": "Feature",
      "properties": {
        "osm_id": "1334816097",
        "code": 8103,
        "fclass": "canal",
        "width": 0,
        "name": "Lozingskanaal",
        "oneway": "NO",
        "speed_kmh": 6.0
      },
      "geometry": {
        "type": "MultiLineString",
        "coordinates": [
          [
            [
              4.931484,
              52.3665698
            ],
            [
              4.9319039,
              52.3665776
            ],
            [
              4.9321841,
              52.3665764
            ]
          ]
        ]
      }
    },
    {
      "type": "Feature",
      "properties": {
        "osm_id": "1334816098",
        "code": 8103,
        "fclass": "canal",
        "width": 0,
        "name": "Lozingskanaal",
        "oneway": "NO",
        "speed_kmh": 6.0
      },
      "geometry": {
        "type": "MultiLineString",
        "coordinates": [
          [
            [
              4.9321841,
              52.3665764
            ],
            [
              4.9323879,
              52.3665754
            ]
          ]
        ]
      }
    },
    {
      "type": "Feature",
      "properties": {
        "osm_id": "1334816099",
        "code": 8103,
        "fclass": "canal",
        "width": 0,
        "name": "Lozingskanaal",
        "oneway": "NO",
        "speed_kmh": 6.0
      },
      "geometry": {
        "type": "MultiLineString",
        "coordinates": [
          [
            [
              4.9271601,
              52.3664587
            ],
            [
              4.9277854,
              52.3665007
            ],
            [
              4.931484,
              52.3665698
            ]
          ]
        ]
      }
    },
    {
      "type": "Feature",
      "properties": {
        "osm_id": "1334817227",
        "code": 8103,
        "fclass": "canal",
        "width": 0,
        "name": "Spoorwegbassin",
        "oneway": "NO",
        "speed_kmh": 6.0
      },
      "geometry": {
        "type": "MultiLineString",
        "coordinates": [
          [
            [
              4.9490079,
              52.3729467
            ],
            [
              4.9513574,
              52.3731826
            ],
            [
              4.9545326,
              52.3735919
            ]
          ]
        ]
      }
    },
    {
      "type": "Feature",
      "properties": {
        "osm_id": "1334817228",
        "code": 8103,
        "fclass": "canal",
        "width": 0,
        "name": "Spoorwegbassin",
        "oneway": "NO",
        "speed_kmh": 6.0
      },
      "geometry": {
        "type": "MultiLineString",
        "coordinates": [
          [
            [
              4.9487967,
              52.3729255
            ],
            [
              4.9489037,
              52.3729362
            ],
            [
              4.9490079,
              52.3729467
            ]
          ]
        ]
      }
    },
    {
      "type": "Feature",
      "properties": {
        "osm_id": "1334817229",
        "code": 8103,
        "fclass": "canal",
        "width": 0,
        "name": "Spoorwegbassin",
        "oneway": "NO",
        "speed_kmh": 6.0
      },
      "geometry": {
        "type": "MultiLineString",
        "coordinates": [
          [
            [
              4.9427581,
              52.3723189
            ],
            [
              4.9428217,
              52.3723253
            ],
            [
              4.942872,
              52.3723304
            ]
          ]
        ]
      }
    },
    {
      "type": "Feature",
      "properties": {
        "osm_id": "1334817230",
        "code": 8103,
        "fclass": "canal",
        "width": 0,
        "name": "Spoorwegbassin",
        "oneway": "NO",
        "speed_kmh": 6.0
      },
      "geometry": {
        "type": "MultiLineString",
        "coordinates": [
          [
            [
              4.9395823,
              52.372
            ],
            [
              4.942129,
              52.3722557
            ],
            [
              4.9427581,
              52.3723189
            ]
          ]
        ]
      }
    },
    {
      "type": "Feature",
      "properties": {
        "osm_id": "1334824222",
        "code": 8103,
        "fclass": "canal",
        "width": 0,
        "name": "Zijkanaal I",
        "oneway": "NO",
        "speed_kmh": 6.0
      },
      "geometry": {
        "type": "MultiLineString",
        "coordinates": [
          [
            [
              4.9068337,
              52.4088744
            ],
            [
              4.9069307,
              52.4087453
            ],
            [
              4.9070259,
              52.4086015
            ]
          ]
        ]
      }
    },
    {
      "type": "Feature",
      "properties": {
        "osm_id": "1334824223",
        "code": 8103,
        "fclass": "canal",
        "width": 0,
        "name": "Zijkanaal I",
        "oneway": "NO",
        "speed_kmh": 6.0
      },
      "geometry": {
        "type": "MultiLineString",
        "coordinates": [
          [
            [
              4.9070259,
              52.4086015
            ],
            [
              4.9073019,
              52.4081846
            ],
            [
              4.9074156,
              52.4080504
            ],
            [
              4.9074508,
              52.4077283
            ],
            [
              4.9064665,
              52.4062918
            ]
          ]
        ]
      }
    },
    {
      "type": "Feature",
      "properties": {
        "osm_id": "1334824224",
        "code": 8103,
        "fclass": "canal",
        "width": 0,
        "name": "Zijkanaal I",
        "oneway": "NO",
        "speed_kmh": 6.0
      },
      "geometry": {
        "type": "MultiLineString",
        "coordinates": [
          [
            [
              4.9064665,
              52.4062918
            ],
            [
              4.9063729,
              52.4062248
            ],
            [
              4.9062592,
              52.4061447
            ]
          ]
        ]
      }
    },
    {
      "type": "Feature",
      "properties": {
        "osm_id": "1334824225",
        "code": 8103,
        "fclass": "canal",
        "width": 0,
        "name": "Zijkanaal I",
        "oneway": "NO",
        "speed_kmh": 6.0
      },
      "geometry": {
        "type": "MultiLineString",
        "coordinates": [
          [
            [
              4.9062592,
              52.4061447
            ],
            [
              4.9059509,
              52.4059435
            ],
            [
              4.9027064,
              52.4042061
            ],
            [
              4.9024217,
              52.4040366
            ],
            [
              4.9020986,
              52.4037951
            ],
            [
              4.9009229,
              52.4023754
            ],
            [
              4.9003353,
              52.401743
            ]
          ]
        ]
      }
    },
    {
      "type": "Feature",
      "properties": {
        "osm_id": "1334824226",
        "code": 8103,
        "fclass": "canal",
        "width": 0,
        "name": "Zijkanaal I",
        "oneway": "NO",
        "speed_kmh": 6.0
      },
      "geometry": {
        "type": "MultiLineString",
        "coordinates": [
          [
            [
              4.8998564,
              52.4013888
            ],
            [
              4.8995349,
              52.4010715
            ],
            [
              4.8990038,
              52.4004555
            ]
          ]
        ]
      }
    },
    {
      "type": "Feature",
      "properties": {
        "osm_id": "1334824227",
        "code": 8103,
        "fclass": "canal",
        "width": 0,
        "name": "Zijkanaal I",
        "oneway": "NO",
        "speed_kmh": 6.0
      },
      "geometry": {
        "type": "MultiLineString",
        "coordinates": [
          [
            [
              4.9003353,
              52.401743
            ],
            [
              4.9000966,
              52.4015665
            ],
            [
              4.8998564,
              52.4013888
            ]
          ]
        ]
      }
    },
    {
      "type": "Feature",
      "properties": {
        "osm_id": "1334824228",
        "code": 8103,
        "fclass": "canal",
        "width": 0,
        "name": "Zijkanaal I",
        "oneway": "NO",
        "speed_kmh": 6.0
      },
      "geometry": {
        "type": "MultiLineString",
        "coordinates": [
          [
            [
              4.8990038,
              52.4004555
            ],
            [
              4.8982198,
              52.399816
            ]
          ]
        ]
      }
    },
    {
      "type": "Feature",
      "properties": {
        "osm_id": "1334824229",
        "code": 8103,
        "fclass": "canal",
        "width": 0,
        "name": "Zijkanaal I",
        "oneway": "NO",
        "speed_kmh": 6.0
      },
      "geometry": {
        "type": "MultiLineString",
        "coordinates": [
          [
            [
              4.8979316,
              52.3995937
            ],
            [
              4.8958091,
              52.3980684
            ]
          ]
        ]
      }
    },
    {
      "type": "Feature",
      "properties": {
        "osm_id": "1334824230",
        "code": 8103,
        "fclass": "canal",
        "width": 0,
        "name": "Tolhuiskanaal",
        "oneway": "NO",
        "speed_kmh": 6.0
      },
      "geometry": {
        "type": "MultiLineString",
        "coordinates": [
          [
            [
              4.8980373,
              52.3941254
            ],
            [
              4.8977842,
              52.3942289
            ],
            [
              4.897464,
              52.3943464
            ]
          ]
        ]
      }
    },
    {
      "type": "Feature",
      "properties": {
        "osm_id": "1334824231",
        "code": 8103,
        "fclass": "canal",
        "width": 0,
        "name": "Tolhuiskanaal",
        "oneway": "NO",
        "speed_kmh": 6.0
      },
      "geometry": {
        "type": "MultiLineString",
        "coordinates": [
          [
            [
              4.897464,
              52.3943464
            ],
            [
              4.8966244,
              52.3946544
            ],
            [
              4.8917941,
              52.3943659
            ]
          ]
        ]
      }
    },
    {
      "type": "Feature",
      "properties": {
        "osm_id": "1334824232",
        "code": 8103,
        "fclass": "canal",
        "width": 0,
        "name": "Johan van Hasseltkanaal (West)",
        "oneway": "NO",
        "speed_kmh": 6.0
      },
      "geometry": {
        "type": "MultiLineString",
        "coordinates": [
          [
            [
              4.9030874,
              52.3953354
            ],
            [
              4.9033922,
              52.3952209
            ]
          ]
        ]
      }
    },
    {
      "type": "Feature",
      "properties": {
        "osm_id": "1334824233",
        "code": 8103,
        "fclass": "canal",
        "width": 0,
        "name": "Johan van Hasseltkanaal (West)",
        "oneway": "NO",
        "speed_kmh": 6.0
      },
      "geometry": {
        "type": "MultiLineString",
        "coordinates": [
          [
            [
              4.9033922,
              52.3952209
            ],
            [
              4.9037225,
              52.3950969
            ]
          ]
        ]
      }
    },
    {
      "type": "Feature",
      "properties": {
        "osm_id": "1334824234",
        "code": 8103,
        "fclass": "canal",
        "width": 0,
        "name": "Buiksloterkanaal",
        "oneway": "NO",
        "speed_kmh": 6.0
      },
      "geometry": {
        "type": "MultiLineString",
        "coordinates": [
          [
            [
              4.9071053,
              52.3918502
            ],
            [
              4.9069135,
              52.3917105
            ]
          ]
        ]
      }
    },
    {
      "type": "Feature",
      "properties": {
        "osm_id": "1334824235",
        "code": 8103,
        "fclass": "canal",
        "width": 0,
        "name": "Buiksloterkanaal",
        "oneway": "NO",
        "speed_kmh": 6.0
      },
      "geometry": {
        "type": "MultiLineString",
        "coordinates": [
          [
            [
              4.9087721,
              52.3932007
            ],
            [
              4.9082334,
              52.3929793
            ],
            [
              4.9071053,
              52.3918502
            ]
          ]
        ]
      }
    },
    {
      "type": "Feature",
      "properties": {
        "osm_id": "1334824236",
        "code": 8103,
        "fclass": "canal",
        "width": 0,
        "name": "Buiksloterkanaal",
        "oneway": "NO",
        "speed_kmh": 6.0
      },
      "geometry": {
        "type": "MultiLineString",
        "coordinates": [
          [
            [
              4.9059943,
              52.3889715
            ],
            [
              4.9060603,
              52.3888188
            ]
          ]
        ]
      }
    },
    {
      "type": "Feature",
      "properties": {
        "osm_id": "1334824237",
        "code": 8103,
        "fclass": "canal",
        "width": 0,
        "name": "Buiksloterkanaal",
        "oneway": "NO",
        "speed_kmh": 6.0
      },
      "geometry": {
        "type": "MultiLineString",
        "coordinates": [
          [
            [
              4.9060603,
              52.3888188
            ],
            [
              4.9063569,
              52.3881629
            ],
            [
              4.9068899,
              52.3871134
            ],
            [
              4.9071402,
              52.3866968
            ],
            [
              4.9071995,
              52.3865547
            ],
            [
              4.9072188,
              52.386346
            ]
          ]
        ]
      }
    },
    {
      "type": "Feature",
      "properties": {
        "osm_id": "1334824238",
        "code": 8103,
        "fclass": "canal",
        "width": 0,
        "name": "Buiksloterkanaal",
        "oneway": "NO",
        "speed_kmh": 6.0
      },
      "geometry": {
        "type": "MultiLineString",
        "coordinates": [
          [
            [
              4.9072188,
              52.386346
            ],
            [
              4.9071947,
              52.3861984
            ],
            [
              4.9071738,
              52.3861294
            ]
          ]
        ]
      }
    },
    {
      "type": "Feature",
      "properties": {
        "osm_id": "1334824239",
        "code": 8103,
        "fclass": "canal",
        "width": 0,
        "name": "Buiksloterkanaal",
        "oneway": "NO",
        "speed_kmh": 6.0
      },
      "geometry": {
        "type": "MultiLineString",
        "coordinates": [
          [
            [
              4.9071738,
              52.3861294
            ],
            [
              4.9071339,
              52.3860493
            ]
          ]
        ]
      }
    },
    {
      "type": "Feature",
      "properties": {
        "osm_id": "1334824240",
        "code": 8103,
        "fclass": "canal",
        "width": 0,
        "name": "Buiksloterkanaal",
        "oneway": "NO",
        "speed_kmh": 6.0
      },
      "geometry": {
        "type": "MultiLineString",
        "coordinates": [
          [
            [
              4.9071339,
              52.3860493
            ],
            [
              4.9070392,
              52.3858941
            ],
            [
              4.9067414,
              52.385457
            ],
            [
              4.9066682,
              52.3853592
            ],
            [
              4.9065733,
              52.3852474
            ],
            [
              4.9064455,
              52.3851311
            ],
            [
              4.9062843,
              52.3850079
            ],
            [
              4.9060916,
              52.3848949
            ],
            [
              4.9051611,
              52.3844713
            ]
          ]
        ]
      }
    },
    {
      "type": "Feature",
      "properties": {
        "osm_id": "1334824241",
        "code": 8103,
        "fclass": "canal",
        "width": 0,
        "name": "Buiksloterkanaal",
        "oneway": "NO",
        "speed_kmh": 6.0
      },
      "geometry": {
        "type": "MultiLineString",
        "coordinates": [
          [
            [
              4.9051611,
              52.3844713
            ],
            [
              4.9049704,
              52.3843845
            ]
          ]
        ]
      }
    },
    {
      "type": "Feature",
      "properties": {
        "osm_id": "1334824242",
        "code": 8103,
        "fclass": "canal",
        "width": 0,
        "name": "Buiksloterkanaal",
        "oneway": "NO",
        "speed_kmh": 6.0
      },
      "geometry": {
        "type": "MultiLineString",
        "coordinates": [
          [
            [
              4.9049704,
              52.3843845
            ],
            [
              4.9034137,
              52.3836759
            ]
          ]
        ]
      }
    },
    {
      "type": "Feature",
      "properties": {
        "osm_id": "1334824243",
        "code": 8103,
        "fclass": "canal",
        "width": 0,
        "name": "Buiksloterkanaal",
        "oneway": "NO",
        "speed_kmh": 6.0
      },
      "geometry": {
        "type": "MultiLineString",
        "coordinates": [
          [
            [
              4.9034137,
              52.3836759
            ],
            [
              4.9033298,
              52.3836377
            ]
          ]
        ]
      }
    },
    {
      "type": "Feature",
      "properties": {
        "osm_id": "1334824244",
        "code": 8103,
        "fclass": "canal",
        "width": 0,
        "name": "Buiksloterkanaal",
        "oneway": "NO",
        "speed_kmh": 6.0
      },
      "geometry": {
        "type": "MultiLineString",
        "coordinates": [
          [
            [
              4.9033298,
              52.3836377
            ],
            [
              4.9024218,
              52.3832244
            ]
          ]
        ]
      }
    },
    {
      "type": "Feature",
      "properties": {
        "osm_id": "1334824245",
        "code": 8103,
        "fclass": "canal",
        "width": 0,
        "name": "Buiksloterkanaal",
        "oneway": "NO",
        "speed_kmh": 6.0
      },
      "geometry": {
        "type": "MultiLineString",
        "coordinates": [
          [
            [
              4.9024218,
              52.3832244
            ],
            [
              4.9022185,
              52.3831319
            ]
          ]
        ]
      }
    },
    {
      "type": "Feature",
      "properties": {
        "osm_id": "1334824246",
        "code": 8103,
        "fclass": "canal",
        "width": 0,
        "name": "Buiksloterkanaal",
        "oneway": "NO",
        "speed_kmh": 6.0
      },
      "geometry": {
        "type": "MultiLineString",
        "coordinates": [
          [
            [
              4.9022185,
              52.3831319
            ],
            [
              4.9019738,
              52.3830209
            ],
            [
              4.9003798,
              52.3821335
            ]
          ]
        ]
      }
    },
    {
      "type": "Feature",
      "properties": {
        "osm_id": "1334824247",
        "code": 8103,
        "fclass": "canal",
        "width": 0,
        "name": "Noordhollandsch Kanaal",
        "oneway": "NO",
        "speed_kmh": 6.0
      },
      "geometry": {
        "type": "MultiLineString",
        "coordinates": [
          [
            [
              4.921761,
              52.3991557
            ],
            [
              4.9215299,
              52.3990816
            ],
            [
              4.9212526,
              52.3989774
            ]
          ]
        ]
      }
    },
    {
      "type": "Feature",
      "properties": {
        "osm_id": "1334824248",
        "code": 8103,
        "fclass": "canal",
        "width": 0,
        "name": "Noordhollandsch Kanaal",
        "oneway": "NO",
        "speed_kmh": 6.0
      },
      "geometry": {
        "type": "MultiLineString",
        "coordinates": [
          [
            [
              4.9248029,
              52.4039999
            ],
            [
              4.9246445,
              52.4036987
            ],
            [
              4.9239159,
              52.4024785
            ],
            [
              4.9229247,
              52.4009853
            ],
            [
              4.9227205,
              52.400038
            ],
            [
              4.9225513,
              52.3996144
            ],
            [
              4.9224709,
              52.3994885
            ],
            [
              4.9223579,
              52.3993875
            ],
            [
              4.921761,
              52.3991557
            ]
          ]
        ]
      }
    },
    {
      "type": "Feature",
      "properties": {
        "osm_id": "1334824249",
        "code": 8103,
        "fclass": "canal",
        "width": 0,
        "name": "Noordhollandsch Kanaal",
        "oneway": "NO",
        "speed_kmh": 6.0
      },
      "geometry": {
        "type": "MultiLineString",
        "coordinates": [
          [
            [
              4.9172608,
              52.3888635
            ],
            [
              4.914245,
              52.3868462
            ]
          ]
        ]
      }
    },
    {
      "type": "Feature",
      "properties": {
        "osm_id": "1334824250",
        "code": 8103,
        "fclass": "canal",
        "width": 0,
        "name": "Noordhollandsch Kanaal",
        "oneway": "NO",
        "speed_kmh": 6.0
      },
      "geometry": {
        "type": "MultiLineString",
        "coordinates": [
          [
            [
              4.914245,
              52.3868462
            ],
            [
              4.9139917,
              52.3867105
            ],
            [
              4.9137281,
              52.3865744
            ]
          ]
        ]
      }
    },
    {
      "type": "Feature",
      "properties": {
        "osm_id": "1334824251",
        "code": 8103,
        "fclass": "canal",
        "width": 0,
        "name": "Noordhollandsch Kanaal",
        "oneway": "NO",
        "speed_kmh": 6.0
      },
      "geometry": {
        "type": "MultiLineString",
        "coordinates": [
          [
            [
              4.9107658,
              52.3852001
            ],
            [
              4.9105062,
              52.38508
            ]
          ]
        ]
      }
    },
    {
      "type": "Feature",
      "properties": {
        "osm_id": "1334824252",
        "code": 8103,
        "fclass": "canal",
        "width": 0,
        "name": "Noordhollandsch Kanaal",
        "oneway": "NO",
        "speed_kmh": 6.0
      },
      "geometry": {
        "type": "MultiLineString",
        "coordinates": [
          [
            [
              4.9105062,
              52.38508
            ],
            [
              4.909381,
              52.3846373
            ],
            [
              4.9083823,
              52.3841617
            ]
          ]
        ]
      }
    },
    {
      "type": "Feature",
      "properties": {
        "osm_id": "1334837264",
        "code": 8103,
        "fclass": "canal",
        "width": 0,
        "name": "Weespertrekvaart",
        "oneway": "NO",
        "speed_kmh": 6.0
      },
      "geometry": {
        "type": "MultiLineString",
        "coordinates": [
          [
            [
              4.9552699,
              52.3390987
            ],
            [
              4.9566037,
              52.3388549
            ],
            [
              4.960269,
              52.338204
            ]
          ]
        ]
      }
    },
    {
      "type": "Feature",
      "properties": {
        "osm_id": "1334837266",
        "code": 8103,
        "fclass": "canal",
        "width": 0,
        "name": "Weespertrekvaart",
        "oneway": "NO",
        "speed_kmh": 6.0
      },
      "geometry": {
        "type": "MultiLineString",
        "coordinates": [
          [
            [
              4.9546268,
              52.3392084
            ],
            [
              4.9548689,
              52.3391733
            ],
            [
              4.9550011,
              52.3391471
            ],
            [
              4.9551246,
              52.3391252
            ],
            [
              4.9552699,
              52.3390987
            ]
          ]
        ]
      }
    },
    {
      "type": "Feature",
      "properties": {
        "osm_id": "1334837267",
        "code": 8103,
        "fclass": "canal",
        "width": 0,
        "name": "Weespertrekvaart",
        "oneway": "NO",
        "speed_kmh": 6.0
      },
      "geometry": {
        "type": "MultiLineString",
        "coordinates": [
          [
            [
              4.9441245,
              52.3369522
            ],
            [
              4.9447427,
              52.3372179
            ],
            [
              4.9469694,
              52.337778
            ],
            [
              4.9499557,
              52.3386505
            ],
            [
              4.9511422,
              52.3389971
            ],
            [
              4.9521925,
              52.3391959
            ],
            [
              4.9529179,
              52.3393101
            ],
            [
              4.9533473,
              52.3393388
            ],
            [
              4.9537901,
              52.3393297
            ],
            [
              4.9546268,
              52.3392084
            ]
          ]
        ]
      }
    },
    {
      "type": "Feature",
      "properties": {
        "osm_id": "1334837278",
        "code": 8103,
        "fclass": "canal",
        "width": 0,
        "name": "Weespertrekvaart",
        "oneway": "NO",
        "speed_kmh": 6.0
      },
      "geometry": {
        "type": "MultiLineString",
        "coordinates": [
          [
            [
              4.9254557,
              52.3406027
            ],
            [
              4.9276342,
              52.3395827
            ],
            [
              4.9285569,
              52.3391566
            ],
            [
              4.929191,
              52.3389496
            ],
            [
              4.9298567,
              52.3388338
            ],
            [
              4.9321704,
              52.3384372
            ],
            [
              4.9365454,
              52.3376451
            ],
            [
              4.9386432,
              52.3372547
            ]
          ]
        ]
      }
    },
    {
      "type": "Feature",
      "properties": {
        "osm_id": "1334843249",
        "code": 8103,
        "fclass": "canal",
        "width": 0,
        "name": "Jacob van Lennepkanaal",
        "oneway": "NO",
        "speed_kmh": 6.0
      },
      "geometry": {
        "type": "MultiLineString",
        "coordinates": [
          [
            [
              4.8731217,
              52.3654784
            ],
            [
              4.8719855,
              52.3651602
            ]
          ]
        ]
      }
    },
    {
      "type": "Feature",
      "properties": {
        "osm_id": "1335712364",
        "code": 8103,
        "fclass": "canal",
        "width": 0,
        "name": "Zuider Amstelkanaal",
        "oneway": "NO",
        "speed_kmh": 6.0
      },
      "geometry": {
        "type": "MultiLineString",
        "coordinates": [
          [
            [
              4.8648242,
              52.3430594
            ],
            [
              4.8649705,
              52.3416078
            ]
          ]
        ]
      }
    },
    {
      "type": "Feature",
      "properties": {
        "osm_id": "1335712365",
        "code": 8104,
        "fclass": "drain",
        "width": 0,
        "name": "Lijnbaansgracht",
        "oneway": "NO",
        "speed_kmh": 6.0
      },
      "geometry": {
        "type": "MultiLineString",
        "coordinates": [
          [
            [
              4.8816632,
              52.3646906
            ],
            [
              4.8814164,
              52.3648744
            ]
          ]
        ]
      }
    },
    {
      "type": "Feature",
      "properties": {
        "osm_id": "1335712366",
        "code": 8103,
        "fclass": "canal",
        "width": 0,
        "name": "Leidsegracht",
        "oneway": "NO",
        "speed_kmh": 6.0
      },
      "geometry": {
        "type": "MultiLineString",
        "coordinates": [
          [
            [
              4.8808399,
              52.3654658
            ],
            [
              4.8807118,
              52.3654208
            ]
          ]
        ]
      }
    },
    {
      "type": "Feature",
      "properties": {
        "osm_id": "1352409881",
        "code": 8104,
        "fclass": "drain",
        "width": 0,
        "name": null,
        "oneway": "NO",
        "speed_kmh": 6.0
      },
      "geometry": {
        "type": "MultiLineString",
        "coordinates": [
          [
            [
              4.8611019,
              52.3862843
            ],
            [
              4.8611604,
              52.3861884
            ],
            [
              4.8611949,
              52.3861322
            ],
            [
              4.8612541,
              52.3860148
            ],
            [
              4.8612973,
              52.3858847
            ]
          ]
        ]
      }
    },
    {
      "type": "Feature",
      "properties": {
        "osm_id": "1352409882",
        "code": 8104,
        "fclass": "drain",
        "width": 0,
        "name": null,
        "oneway": "NO",
        "speed_kmh": 6.0
      },
      "geometry": {
        "type": "MultiLineString",
        "coordinates": [
          [
            [
              4.8610864,
              52.3863238
            ],
            [
              4.8611019,
              52.3862843
            ]
          ]
        ]
      }
    },
    {
      "type": "Feature",
      "properties": {
        "osm_id": "1352409883",
        "code": 8104,
        "fclass": "drain",
        "width": 0,
        "name": null,
        "oneway": "NO",
        "speed_kmh": 6.0
      },
      "geometry": {
        "type": "MultiLineString",
        "coordinates": [
          [
            [
              4.8611604,
              52.3861884
            ],
            [
              4.8609926,
              52.3861497
            ],
            [
              4.8608605,
              52.3862459
            ]
          ]
        ]
      }
    },
    {
      "type": "Feature",
      "properties": {
        "osm_id": "1352409884",
        "code": 8104,
        "fclass": "drain",
        "width": 0,
        "name": null,
        "oneway": "NO",
        "speed_kmh": 6.0
      },
      "geometry": {
        "type": "MultiLineString",
        "coordinates": [
          [
            [
              4.8608605,
              52.3862459
            ],
            [
              4.8608258,
              52.3862801
            ]
          ]
        ]
      }
    },
    {
      "type": "Feature",
      "properties": {
        "osm_id": "1352409885",
        "code": 8104,
        "fclass": "drain",
        "width": 0,
        "name": null,
        "oneway": "NO",
        "speed_kmh": 6.0
      },
      "geometry": {
        "type": "MultiLineString",
        "coordinates": [
          [
            [
              4.8618704,
              52.3861361
            ],
            [
              4.8619306,
              52.385945
            ]
          ]
        ]
      }
    },
    {
      "type": "Feature",
      "properties": {
        "osm_id": "1352409886",
        "code": 8104,
        "fclass": "drain",
        "width": 0,
        "name": null,
        "oneway": "NO",
        "speed_kmh": 6.0
      },
      "geometry": {
        "type": "MultiLineString",
        "coordinates": [
          [
            [
              4.8618548,
              52.3861696
            ],
            [
              4.8618704,
              52.3861361
            ]
          ]
        ]
      }
    },
    {
      "type": "Feature",
      "properties": {
        "osm_id": "1352409889",
        "code": 8104,
        "fclass": "drain",
        "width": 0,
        "name": null,
        "oneway": "NO",
        "speed_kmh": 6.0
      },
      "geometry": {
        "type": "MultiLineString",
        "coordinates": [
          [
            [
              4.8626981,
              52.3863372
            ],
            [
              4.8624228,
              52.3862871
            ]
          ]
        ]
      }
    },
    {
      "type": "Feature",
      "properties": {
        "osm_id": "1352409890",
        "code": 8104,
        "fclass": "drain",
        "width": 0,
        "name": null,
        "oneway": "NO",
        "speed_kmh": 6.0
      },
      "geometry": {
        "type": "MultiLineString",
        "coordinates": [
          [
            [
              4.8627701,
              52.3863524
            ],
            [
              4.8626981,
              52.3863372
            ]
          ]
        ]
      }
    },
    {
      "type": "Feature",
      "properties": {
        "osm_id": "1352409891",
        "code": 8104,
        "fclass": "drain",
        "width": 0,
        "name": null,
        "oneway": "NO",
        "speed_kmh": 6.0
      },
      "geometry": {
        "type": "MultiLineString",
        "coordinates": [
          [
            [
              4.8622515,
              52.3886247
            ],
            [
              4.8626203,
              52.3875794
            ]
          ]
        ]
      }
    },
    {
      "type": "Feature",
      "properties": {
        "osm_id": "1352409892",
        "code": 8104,
        "fclass": "drain",
        "width": 0,
        "name": null,
        "oneway": "NO",
        "speed_kmh": 6.0
      },
      "geometry": {
        "type": "MultiLineString",
        "coordinates": [
          [
            [
              4.8626203,
              52.3875794
            ],
            [
              4.8626367,
              52.3875329
            ]
          ]
        ]
      }
    },
    {
      "type": "Feature",
      "properties": {
        "osm_id": "1352409893",
        "code": 8104,
        "fclass": "drain",
        "width": 0,
        "name": null,
        "oneway": "NO",
        "speed_kmh": 6.0
      },
      "geometry": {
        "type": "MultiLineString",
        "coordinates": [
          [
            [
              4.8615059,
              52.388628
            ],
            [
              4.8618694,
              52.3877234
            ],
            [
              4.8619525,
              52.3874965
            ]
          ]
        ]
      }
    },
    {
      "type": "Feature",
      "properties": {
        "osm_id": "1352409894",
        "code": 8104,
        "fclass": "drain",
        "width": 0,
        "name": null,
        "oneway": "NO",
        "speed_kmh": 6.0
      },
      "geometry": {
        "type": "MultiLineString",
        "coordinates": [
          [
            [
              4.8619525,
              52.3874965
            ],
            [
              4.8619715,
              52.3874456
            ]
          ]
        ]
      }
    },
    {
      "type": "Feature",
      "properties": {
        "osm_id": "1352409895",
        "code": 8104,
        "fclass": "drain",
        "width": 0,
        "name": null,
        "oneway": "NO",
        "speed_kmh": 6.0
      },
      "geometry": {
        "type": "MultiLineString",
        "coordinates": [
          [
            [
              4.8616456,
              52.3876922
            ],
            [
              4.8618694,
              52.3877234
            ]
          ]
        ]
      }
    },
    {
      "type": "Feature",
      "properties": {
        "osm_id": "1352409896",
        "code": 8104,
        "fclass": "drain",
        "width": 0,
        "name": null,
        "oneway": "NO",
        "speed_kmh": 6.0
      },
      "geometry": {
        "type": "MultiLineString",
        "coordinates": [
          [
            [
              4.86158,
              52.3876828
            ],
            [
              4.8616456,
              52.3876922
            ]
          ]
        ]
      }
    },
    {
      "type": "Feature",
      "properties": {
        "osm_id": "1352409897",
        "code": 8104,
        "fclass": "drain",
        "width": 0,
        "name": null,
        "oneway": "NO",
        "speed_kmh": 6.0
      },
      "geometry": {
        "type": "MultiLineString",
        "coordinates": [
          [
            [
              4.8606321,
              52.3875485
            ],
            [
              4.8609354,
              52.3875933
            ]
          ]
        ]
      }
    },
    {
      "type": "Feature",
      "properties": {
        "osm_id": "1352409898",
        "code": 8104,
        "fclass": "drain",
        "width": 0,
        "name": null,
        "oneway": "NO",
        "speed_kmh": 6.0
      },
      "geometry": {
        "type": "MultiLineString",
        "coordinates": [
          [
            [
              4.8609354,
              52.3875933
            ],
            [
              4.8610143,
              52.3876097
            ]
          ]
        ]
      }
    },
    {
      "type": "Feature",
      "properties": {
        "osm_id": "1352409899",
        "code": 8104,
        "fclass": "drain",
        "width": 0,
        "name": null,
        "oneway": "NO",
        "speed_kmh": 6.0
      },
      "geometry": {
        "type": "MultiLineString",
        "coordinates": [
          [
            [
              4.860303,
              52.3871835
            ],
            [
              4.8604978,
              52.3869231
            ]
          ]
        ]
      }
    },
    {
      "type": "Feature",
      "properties": {
        "osm_id": "1352409900",
        "code": 8104,
        "fclass": "drain",
        "width": 0,
        "name": null,
        "oneway": "NO",
        "speed_kmh": 6.0
      },
      "geometry": {
        "type": "MultiLineString",
        "coordinates": [
          [
            [
              4.8602653,
              52.3872325
            ],
            [
              4.860303,
              52.3871835
            ]
          ]
        ]
      }
    },
    {
      "type": "Feature",
      "properties": {
        "osm_id": "1352409901",
        "code": 8104,
        "fclass": "drain",
        "width": 0,
        "name": null,
        "oneway": "NO",
        "speed_kmh": 6.0
      },
      "geometry": {
        "type": "MultiLineString",
        "coordinates": [
          [
            [
              4.8608258,
              52.3862801
            ],
            [
              4.860715,
              52.3863368
            ],
            [
              4.8605297,
              52.3864958
            ]
          ]
        ]
      }
    },
    {
      "type": "Feature",
      "properties": {
        "osm_id": "1352409902",
        "code": 8104,
        "fclass": "drain",
        "width": 0,
        "name": null,
        "oneway": "NO",
        "speed_kmh": 6.0
      },
      "geometry": {
        "type": "MultiLineString",
        "coordinates": [
          [
            [
              4.8605297,
              52.3864958
            ],
            [
              4.860493,
              52.3865272
            ]
          ]
        ]
      }
    },
    {
      "type": "Feature",
      "properties": {
        "osm_id": "1352409903",
        "code": 8104,
        "fclass": "drain",
        "width": 0,
        "name": null,
        "oneway": "NO",
        "speed_kmh": 6.0
      },
      "geometry": {
        "type": "MultiLineString",
        "coordinates": [
          [
            [
              4.8600773,
              52.3871122
            ],
            [
              4.860318,
              52.3868493
            ]
          ]
        ]
      }
    },
    {
      "type": "Feature",
      "properties": {
        "osm_id": "1352409904",
        "code": 8104,
        "fclass": "drain",
        "width": 0,
        "name": null,
        "oneway": "NO",
        "speed_kmh": 6.0
      },
      "geometry": {
        "type": "MultiLineString",
        "coordinates": [
          [
            [
              4.8600371,
              52.3871638
            ],
            [
              4.8600773,
              52.3871122
            ]
          ]
        ]
      }
    },
    {
      "type": "Feature",
      "properties": {
        "osm_id": "1352409905",
        "code": 8104,
        "fclass": "drain",
        "width": 0,
        "name": null,
        "oneway": "NO",
        "speed_kmh": 6.0
      },
      "geometry": {
        "type": "MultiLineString",
        "coordinates": [
          [
            [
              4.8599261,
              52.3872842
            ],
            [
              4.8600371,
              52.3871638
            ]
          ]
        ]
      }
    },
    {
      "type": "Feature",
      "properties": {
        "osm_id": "1352409906",
        "code": 8104,
        "fclass": "drain",
        "width": 0,
        "name": null,
        "oneway": "NO",
        "speed_kmh": 6.0
      },
      "geometry": {
        "type": "MultiLineString",
        "coordinates": [
          [
            [
              4.8598942,
              52.3873187
            ],
            [
              4.8599261,
              52.3872842
            ]
          ]
        ]
      }
    },
    {
      "type": "Feature",
      "properties": {
        "osm_id": "1352409907",
        "code": 8104,
        "fclass": "drain",
        "width": 0,
        "name": null,
        "oneway": "NO",
        "speed_kmh": 6.0
      },
      "geometry": {
        "type": "MultiLineString",
        "coordinates": [
          [
            [
              4.8595015,
              52.3868663
            ],
            [
              4.8604474,
              52.386304
            ]
          ]
        ]
      }
    },
    {
      "type": "Feature",
      "properties": {
        "osm_id": "1352409908",
        "code": 8104,
        "fclass": "drain",
        "width": 0,
        "name": null,
        "oneway": "NO",
        "speed_kmh": 6.0
      },
      "geometry": {
        "type": "MultiLineString",
        "coordinates": [
          [
            [
              4.85944,
              52.3868929
            ],
            [
              4.8595015,
              52.3868663
            ]
          ]
        ]
      }
    },
    {
      "type": "Feature",
      "properties": {
        "osm_id": "1352409909",
        "code": 8104,
        "fclass": "drain",
        "width": 0,
        "name": null,
        "oneway": "NO",
        "speed_kmh": 6.0
      },
      "geometry": {
        "type": "MultiLineString",
        "coordinates": [
          [
            [
              4.8592891,
              52.3865111
            ],
            [
              4.8595456,
              52.3863593
            ]
          ]
        ]
      }
    },
    {
      "type": "Feature",
      "properties": {
        "osm_id": "1352409910",
        "code": 8104,
        "fclass": "drain",
        "width": 0,
        "name": null,
        "oneway": "NO",
        "speed_kmh": 6.0
      },
      "geometry": {
        "type": "MultiLineString",
        "coordinates": [
          [
            [
              4.8590441,
              52.3866647
            ],
            [
              4.8592891,
              52.3865111
            ]
          ]
        ]
      }
    },
    {
      "type": "Feature",
      "properties": {
        "osm_id": "1352409911",
        "code": 8104,
        "fclass": "drain",
        "width": 0,
        "name": null,
        "oneway": "NO",
        "speed_kmh": 6.0
      },
      "geometry": {
        "type": "MultiLineString",
        "coordinates": [
          [
            [
              4.8567474,
              52.387068
            ],
            [
              4.8569478,
              52.3869431
            ]
          ]
        ]
      }
    },
    {
      "type": "Feature",
      "properties": {
        "osm_id": "1352409912",
        "code": 8104,
        "fclass": "drain",
        "width": 0,
        "name": null,
        "oneway": "NO",
        "speed_kmh": 6.0
      },
      "geometry": {
        "type": "MultiLineString",
        "coordinates": [
          [
            [
              4.8569478,
              52.3869431
            ],
            [
              4.8569867,
              52.3869189
            ]
          ]
        ]
      }
    },
    {
      "type": "Feature",
      "properties": {
        "osm_id": "1360144207",
        "code": 8102,
        "fclass": "stream",
        "width": 0,
        "name": null,
        "oneway": "NO",
        "speed_kmh": 6.0
      },
      "geometry": {
        "type": "MultiLineString",
        "coordinates": [
          [
            [
              4.9197347,
              52.36616
            ],
            [
              4.9197108,
              52.3661595
            ],
            [
              4.9196811,
              52.3661546
            ],
            [
              4.9196619,
              52.3661454
            ],
            [
              4.9196284,
              52.366129
            ],
            [
              4.9196095,
              52.366116
            ],
            [
              4.9195698,
              52.3661092
            ],
            [
              4.9195409,
              52.3661038
            ],
            [
              4.9195178,
              52.3660916
            ],
            [
              4.9194901,
              52.3660772
            ],
            [
              4.9194551,
              52.3660725
            ],
            [
              4.9194377,
              52.3660745
            ]
          ]
        ]
      }
    },
    {
      "type": "Feature",
      "properties": {
        "osm_id": "1409520489",
        "code": 8102,
        "fclass": "stream",
        "width": 0,
        "name": null,
        "oneway": "NO",
        "speed_kmh": 6.0
      },
      "geometry": {
        "type": "MultiLineString",
        "coordinates": [
          [
            [
              4.9174708,
              52.3650284
            ],
            [
              4.9174701,
              52.3650164
            ],
            [
              4.9174795,
              52.3649951
            ],
            [
              4.9174996,
              52.3649762
            ],
            [
              4.9175258,
              52.3649603
            ],
            [
              4.917562,
              52.3649529
            ],
            [
              4.9176116,
              52.3649537
            ],
            [
              4.9176525,
              52.364948
            ],
            [
              4.9176901,
              52.3649349
            ],
            [
              4.9177189,
              52.3649246
            ],
            [
              4.9177645,
              52.3649119
            ],
            [
              4.9178081,
              52.3649054
            ]
          ]
        ]
      }
    }
  ]
}