{
 "type": "FeatureCollection",
 "name": "Amsterdam bridges",
 "generated_note": "Baked from Gemeente Amsterdam open data (civieleconstructies/brug) by tools/refresh_bridges.py. Coordinates converted from RD New (EPSG:28992) to WGS84; filtered to bridges within 30.0 m of a navigable canal edge.",
 "features": [
  {
   "type": "Feature",
   "geometry": {
    "type": "Point",
    "coordinates": [
     4.92138,
     52.394284
    ]
   },
   "properties": {
    "name": "Eva Schalkbrug",
    "object_number": "BRU0997",
    "bridge_type": "Fixed bridge",
    "material": null,
    "manager": "Gemeente",
    "manager_area": "Oud-Noord",
    "source": "Gemeente Amsterdam – civiele constructies (open data)",
    "source_url": "https://api.data.amsterdam.nl/v1/civieleconstructies/brug/"
   }
  },
  {
   "type": "Feature",
   "geometry": {
    "type": "Point",
    "coordinates": [
     4.9063,
     52.406248
    ]
   },
   "properties": {
    "name": "Bongerdbrug",
    "object_number": "BRU1797",
    "bridge_type": "Movable bridge",
    "material": "Staal",
    "manager": "Gemeente",
    "manager_area": "Noord-West",
    "source": "Gemeente Amsterdam – civiele constructies (open data)",
    "source_url": "https://api.data.amsterdam.nl/v1/civieleconstructies/brug/"
   }
  },
  {
   "type": "Feature",
   "geometry": {
    "type": "Point",
    "coordinates": [
     4.944915,
     52.358219
    ]
   },
   "properties": {
    "name": "Maria Sklodowska-Curiebrug",
    "object_number": "BRU2362",
    "bridge_type": "Fixed bridge",
    "material": "Gewapend beton",
    "manager": "Gemeente",
    "manager_area": "Watergraafsmeer",
    "source": "Gemeente Amsterdam – civiele constructies (open data)",
    "source_url": "https://api.data.amsterdam.nl/v1/civieleconstructies/brug/"
   }
  },
  {
   "type": "Feature",
   "geometry": {
    "type": "Point",
    "coordinates": [
     4.87725,
     52.394017
    ]
   },
   "properties": {
    "name": "Helsingforsbrug",
    "object_number": "BRU2421",
    "bridge_type": "Fixed bridge",
    "material": "Gewapend beton",
    "manager": "Gemeente",
    "manager_area": "Westerpark",
    "source": "Gemeente Amsterdam – civiele constructies (open data)",
    "source_url": "https://api.data.amsterdam.nl/v1/civieleconstructies/brug/"
   }
  },
  {
   "type": "Feature",
   "geometry": {
    "type": "Point",
    "coordinates": [
     4.877832,
     52.393583
    ]
   },
   "properties": {
    "name": "Koningsbergenbrug",
    "object_number": "BRU2422",
    "bridge_type": "Fixed bridge",
    "material": null,
    "manager": "Gemeente",
    "manager_area": "Westerpark",
    "source": "Gemeente Amsterdam – civiele constructies (open data)",
    "source_url": "https://api.data.amsterdam.nl/v1/civieleconstructies/brug/"
   }
  },
  {
   "type": "Feature",
   "geometry": {
    "type": "Point",
    "coordinates": [
     4.878317,
     52.393234
    ]
   },
   "properties": {
    "name": "Stralsundbrug",
    "object_number": "BRU2423",
    "bridge_type": "Fixed bridge",
    "material": null,
    "manager": "Gemeente",
    "manager_area": "Westerpark",
    "source": "Gemeente Amsterdam – civiele constructies (open data)",
    "source_url": "https://api.data.amsterdam.nl/v1/civieleconstructies/brug/"
   }
  },
  {
   "type": "Feature",
   "geometry": {
    "type": "Point",
    "coordinates": [
     4.879898,
     52.394631
    ]
   },
   "properties": {
    "name": "Wismarbrug",
    "object_number": "BRU2424",
    "bridge_type": "Fixed bridge",
    "material": null,
    "manager": "Gemeente",
    "manager_area": "Westerpark",
    "source": "Gemeente Amsterdam – civiele constructies (open data)",
    "source_url": "https://api.data.amsterdam.nl/v1/civieleconstructies/brug/"
   }
  },
  {
   "type": "Feature",
   "geometry": {
    "type": "Point",
    "coordinates": [
     4.880374,
     52.394274
    ]
   },
   "properties": {
    "name": "Rostockbrug",
    "object_number": "BRU2425",
    "bridge_type": "Fixed bridge",
    "material": null,
    "manager": "Gemeente",
    "manager_area": "Westerpark",
    "source": "Gemeente Amsterdam – civiele constructies (open data)",
    "source_url": "https://api.data.amsterdam.nl/v1/civieleconstructies/brug/"
   }
  },
  {
   "type": "Feature",
   "geometry": {
    "type": "Point",
    "coordinates": [
     4.881415,
     52.393527
    ]
   },
   "properties": {
    "name": "Kronstadtbrug",
    "object_number": "BRU2426",
    "bridge_type": "Fixed bridge",
    "material": null,
    "manager": "Gemeente",
    "manager_area": "Westerpark",
    "source": "Gemeente Amsterdam – civiele constructies (open data)",
    "source_url": "https://api.data.amsterdam.nl/v1/civieleconstructies/brug/"
   }
  },
  {
   "type": "Feature",
   "geometry": {
    "type": "Point",
    "coordinates": [
     4.882019,
     52.393088
    ]
   },
   "properties": {
    "name": "Pernaubrug",
    "object_number": "BRU2427",
    "bridge_type": "Fixed bridge",
    "material": null,
    "manager": "Gemeente",
    "manager_area": "Westerpark",
    "source": "Gemeente Amsterdam – civiele constructies (open data)",
    "source_url": "https://api.data.amsterdam.nl/v1/civieleconstructies/brug/"
   }
  },
  {
   "type": "Feature",
   "geometry": {
    "type": "Point",
    "coordinates": [
     4.88285,
     52.392494
    ]
   },
   "properties": {
    "name": "Kalmarbrug",
    "object_number": "BRU2428",
    "bridge_type": "Fixed bridge",
    "material": null,
    "manager": "Gemeente",
    "manager_area": "Westerpark",
    "source": "Gemeente Amsterdam – civiele constructies (open data)",
    "source_url": "https://api.data.amsterdam.nl/v1/civieleconstructies/brug/"
   }
  },
  {
   "type": "Feature",
   "geometry": {
    "type": "Point",
    "coordinates": [
     4.883337,
     52.392141
    ]
   },
   "properties": {
    "name": "Lübeckbrug",
    "object_number": "BRU2429",
    "bridge_type": "Fixed bridge",
    "material": null,
    "manager": "Gemeente",
    "manager_area": "Westerpark",
    "source": "Gemeente Amsterdam – civiele constructies (open data)",
    "source_url": "https://api.data.amsterdam.nl/v1/civieleconstructies/brug/"
   }
  },
  {
   "type": "Feature",
   "geometry": {
    "type": "Point",
    "coordinates": [
     4.879478,
     52.39444
    ]
   },
   "properties": {
    "name": "Kolbergbrug",
    "object_number": "BRU2432",
    "bridge_type": "Fixed bridge",
    "material": null,
    "manager": "Gemeente",
    "manager_area": "Westerpark",
    "source": "Gemeente Amsterdam – civiele constructies (open data)",
    "source_url": "https://api.data.amsterdam.nl/v1/civieleconstructies/brug/"
   }
  },
  {
   "type": "Feature",
   "geometry": {
    "type": "Point",
    "coordinates": [
     4.879707,
     52.393942
    ]
   },
   "properties": {
    "name": "Pilaubrug",
    "object_number": "BRU2433",
    "bridge_type": "Fixed bridge",
    "material": null,
    "manager": "Gemeente",
    "manager_area": "Westerpark",
    "source": "Gemeente Amsterdam – civiele constructies (open data)",
    "source_url": "https://api.data.amsterdam.nl/v1/civieleconstructies/brug/"
   }
  },
  {
   "type": "Feature",
   "geometry": {
    "type": "Point",
    "coordinates": [
     4.880208,
     52.392889
    ]
   },
   "properties": {
    "name": "Wisbybrug",
    "object_number": "BRU2434",
    "bridge_type": "Fixed bridge",
    "material": null,
    "manager": "Gemeente",
    "manager_area": "Westerpark",
    "source": "Gemeente Amsterdam – civiele constructies (open data)",
    "source_url": "https://api.data.amsterdam.nl/v1/civieleconstructies/brug/"
   }
  },
  {
   "type": "Feature",
   "geometry": {
    "type": "Point",
    "coordinates": [
     4.8805,
     52.392295
    ]
   },
   "properties": {
    "name": "Windaubrug",
    "object_number": "BRU2435",
    "bridge_type": "Fixed bridge",
    "material": null,
    "manager": "Gemeente",
    "manager_area": "Westerpark",
    "source": "Gemeente Amsterdam – civiele constructies (open data)",
    "source_url": "https://api.data.amsterdam.nl/v1/civieleconstructies/brug/"
   }
  },
  {
   "type": "Feature",
   "geometry": {
    "type": "Point",
    "coordinates": [
     4.851733,
     52.38524
    ]
   },
   "properties": {
    "name": "BRU2463",
    "object_number": "BRU2463",
    "bridge_type": "Fixed bridge",
    "material": "Beton",
    "manager": "Gemeente",
    "manager_area": "Westerpark",
    "source": "Gemeente Amsterdam – civiele constructies (open data)",
    "source_url": "https://api.data.amsterdam.nl/v1/civieleconstructies/brug/"
   }
  },
  {
   "type": "Feature",
   "geometry": {
    "type": "Point",
    "coordinates": [
     4.855444,
     52.385307
    ]
   },
   "properties": {
    "name": "BRU2464",
    "object_number": "BRU2464",
    "bridge_type": "Fixed bridge",
    "material": "Gewapend beton",
    "manager": "Gemeente",
    "manager_area": "Westerpark",
    "source": "Gemeente Amsterdam – civiele constructies (open data)",
    "source_url": "https://api.data.amsterdam.nl/v1/civieleconstructies/brug/"
   }
  },
  {
   "type": "Feature",
   "geometry": {
    "type": "Point",
    "coordinates": [
     4.962749,
     52.356488
    ]
   },
   "properties": {
    "name": "BRU2518",
    "object_number": "BRU2518",
    "bridge_type": "Fixed bridge",
    "material": "Hout",
    "manager": "Gemeente",
    "manager_area": "Watergraafsmeer",
    "source": "Gemeente Amsterdam – civiele constructies (open data)",
    "source_url": "https://api.data.amsterdam.nl/v1/civieleconstructies/brug/"
   }
  },
  {
   "type": "Feature",
   "geometry": {
    "type": "Point",
    "coordinates": [
     4.963201,
     52.356809
    ]
   },
   "properties": {
    "name": "BRU2519",
    "object_number": "BRU2519",
    "bridge_type": "Fixed bridge",
    "material": "Hout",
    "manager": "Gemeente",
    "manager_area": "Watergraafsmeer",
    "source": "Gemeente Amsterdam – civiele constructies (open data)",
    "source_url": "https://api.data.amsterdam.nl/v1/civieleconstructies/brug/"
   }
  },
  {
   "type": "Feature",
   "geometry": {
    "type": "Point",
    "coordinates": [
     4.914099,
     52.364041
    ]
   },
   "properties": {
    "name": "Rita Vuykbrug",
    "object_number": "BRU2520",
    "bridge_type": "Fixed bridge",
    "material": "Gewapend beton",
    "manager": "Particulier",
    "manager_area": "Centrum-Oost",
    "source": "Gemeente Amsterdam – civiele constructies (open data)",
    "source_url": "https://api.data.amsterdam.nl/v1/civieleconstructies/brug/"
   }
  },
  {
   "type": "Feature",
   "geometry": {
    "type": "Point",
    "coordinates": [
     4.913824,
     52.363689
    ]
   },
   "properties": {
    "name": "Theodore Limpergbrug",
    "object_number": "BRU2521",
    "bridge_type": "Fixed bridge",
    "material": "Gewapend beton",
    "manager": "Particulier",
    "manager_area": "Centrum-Oost",
    "source": "Gemeente Amsterdam – civiele constructies (open data)",
    "source_url": "https://api.data.amsterdam.nl/v1/civieleconstructies/brug/"
   }
  },
  {
   "type": "Feature",
   "geometry": {
    "type": "Point",
    "coordinates": [
     4.911806,
     52.363304
    ]
   },
   "properties": {
    "name": "Derkje Hazenwinkel-Suringabrug",
    "object_number": "BRU2522",
    "bridge_type": "Fixed bridge",
    "material": "Gewapend beton",
    "manager": "Particulier",
    "manager_area": "Centrum-Oost",
    "source": "Gemeente Amsterdam – civiele constructies (open data)",
    "source_url": "https://api.data.amsterdam.nl/v1/civieleconstructies/brug/"
   }
  },
  {
   "type": "Feature",
   "geometry": {
    "type": "Point",
    "coordinates": [
     4.921868,
     52.398377
    ]
   },
   "properties": {
    "name": "BRU0938",
    "object_number": "BRU0938",
    "bridge_type": "Fixed bridge",
    "material": null,
    "manager": "Ministerie van Infrastructuur en Waterstaat",
    "manager_area": "Oud-Noord",
    "source": "Gemeente Amsterdam – civiele constructies (open data)",
    "source_url": "https://api.data.amsterdam.nl/v1/civieleconstructies/brug/"
   }
  },
  {
   "type": "Feature",
   "geometry": {
    "type": "Point",
    "coordinates": [
     4.893456,
     52.367075
    ]
   },
   "properties": {
    "name": "Muntsluis",
    "object_number": "BRU0001",
    "bridge_type": "Fixed bridge",
    "material": "Staal",
    "manager": "Gemeente",
    "manager_area": "Centrum-Oost",
    "source": "Gemeente Amsterdam – civiele constructies (open data)",
    "source_url": "https://api.data.amsterdam.nl/v1/civieleconstructies/brug/"
   }
  },
  {
   "type": "Feature",
   "geometry": {
    "type": "Point",
    "coordinates": [
     4.889541,
     52.367467
    ]
   },
   "properties": {
    "name": "Heiligewegsluis",
    "object_number": "BRU0002",
    "bridge_type": "Fixed bridge",
    "material": "Staal",
    "manager": "Gemeente",
    "manager_area": "Centrum-West",
    "source": "Gemeente Amsterdam – civiele constructies (open data)",
    "source_url": "https://api.data.amsterdam.nl/v1/civieleconstructies/brug/"
   }
  },
  {
   "type": "Feature",
   "geometry": {
    "type": "Point",
    "coordinates": [
     4.887776,
     52.368416
    ]
   },
   "properties": {
    "name": "Krijtbergbrug",
    "object_number": "BRU0003",
    "bridge_type": "Fixed bridge",
    "material": "Staal",
    "manager": "Gemeente",
    "manager_area": "Centrum-Oost",
    "source": "Gemeente Amsterdam – civiele constructies (open data)",
    "source_url": "https://api.data.amsterdam.nl/v1/civieleconstructies/brug/"
   }
  },
  {
   "type": "Feature",
   "geometry": {
    "type": "Point",
    "coordinates": [
     4.887737,
     52.368755
    ]
   },
   "properties": {
    "name": "Heibrug",
    "object_number": "BRU0004",
    "bridge_type": "Fixed bridge",
    "material": "Staal",
    "manager": "Gemeente",
    "manager_area": "Centrum-West",
    "source": "Gemeente Amsterdam – civiele constructies (open data)",
    "source_url": "https://api.data.amsterdam.nl/v1/civieleconstructies/brug/"
   }
  },
  {
   "type": "Feature",
   "geometry": {
    "type": "Point",
    "coordinates": [
     4.888099,
     52.370181
    ]
   },
   "properties": {
    "name": "Joes Kloppenburgbrug",
    "object_number": "BRU0005",
    "bridge_type": "Fixed bridge",
    "material": "Staal",
    "manager": "Gemeente",
    "manager_area": "Centrum-West",
    "source": "Gemeente Amsterdam – civiele constructies (open data)",
    "source_url": "https://api.data.amsterdam.nl/v1/civieleconstructies/brug/"
   }
  },
  {
   "type": "Feature",
   "geometry": {
    "type": "Point",
    "coordinates": [
     4.888495,
     52.372201
    ]
   },
   "properties": {
    "name": "BRU0006",
    "object_number": "BRU0006",
    "bridge_type": "Fixed bridge",
    "material": "Staal",
    "manager": "Gemeente",
    "manager_area": "Centrum-West",
    "source": "Gemeente Amsterdam – civiele constructies (open data)",
    "source_url": "https://api.data.amsterdam.nl/v1/civieleconstructies/brug/"
   }
  },
  {
   "type": "Feature",
   "geometry": {
    "type": "Point",
    "coordinates": [
     4.871354,
     52.372589
    ]
   },
   "properties": {
    "name": "BRU0007",
    "object_number": "BRU0007",
    "bridge_type": "Fixed bridge",
    "material": "Staal",
    "manager": "Gemeente",
    "manager_area": "Westerpark",
    "source": "Gemeente Amsterdam – civiele constructies (open data)",
    "source_url": "https://api.data.amsterdam.nl/v1/civieleconstructies/brug/"
   }
  },
  {
   "type": "Feature",
   "geometry": {
    "type": "Point",
    "coordinates": [
     4.888824,
     52.373288
    ]
   },
   "properties": {
    "name": "BRU0008",
    "object_number": "BRU0008",
    "bridge_type": "Fixed bridge",
    "material": "Staal",
    "manager": "Gemeente",
    "manager_area": "Centrum-West",
    "source": "Gemeente Amsterdam – civiele constructies (open data)",
    "source_url": "https://api.data.amsterdam.nl/v1/civieleconstructies/brug/"
   }
  },
  {
   "type": "Feature",
   "geometry": {
    "type": "Point",
    "coordinates": [
     4.889478,
     52.374608
    ]
   },
   "properties": {
    "name": "Torensluis",
    "object_number": "BRU0009",
    "bridge_type": "Fixed bridge",
    "material": "Metselwerk",
    "manager": "Gemeente",
    "manager_area": "Centrum-West",
    "source": "Gemeente Amsterdam – civiele constructies (open data)",
    "source_url": "https://api.data.amsterdam.nl/v1/civieleconstructies/brug/"
   }
  },
  {
   "type": "Feature",
   "geometry": {
    "type": "Point",
    "coordinates": [
     4.89138,
     52.376242
    ]
   },
   "properties": {
    "name": "Lijnbaansbrug",
    "object_number": "BRU0010",
    "bridge_type": "Fixed bridge",
    "material": "Gewapend beton",
    "manager": "Gemeente",
    "manager_area": "Centrum-West",
    "source": "Gemeente Amsterdam – civiele constructies (open data)",
    "source_url": "https://api.data.amsterdam.nl/v1/civieleconstructies/brug/"
   }
  },
  {
   "type": "Feature",
   "geometry": {
    "type": "Point",
    "coordinates": [
     4.891044,
     52.376436
    ]
   },
   "properties": {
    "name": "BRU0011",
    "object_number": "BRU0011",
    "bridge_type": "Fixed bridge",
    "material": "Metselwerk",
    "manager": "Gemeente",
    "manager_area": "Centrum-West",
    "source": "Gemeente Amsterdam – civiele constructies (open data)",
    "source_url": "https://api.data.amsterdam.nl/v1/civieleconstructies/brug/"
   }
  },
  {
   "type": "Feature",
   "geometry": {
    "type": "Point",
    "coordinates": [
     4.892097,
     52.377034
    ]
   },
   "properties": {
    "name": "Corsgenbrug",
    "object_number": "BRU0012",
    "bridge_type": "Fixed bridge",
    "material": "Staal",
    "manager": "Gemeente",
    "manager_area": "Centrum-West",
    "source": "Gemeente Amsterdam – civiele constructies (open data)",
    "source_url": "https://api.data.amsterdam.nl/v1/civieleconstructies/brug/"
   }
  },
  {
   "type": "Feature",
   "geometry": {
    "type": "Point",
    "coordinates": [
     4.897635,
     52.378713
    ]
   },
   "properties": {
    "name": "BRU0013",
    "object_number": "BRU0013",
    "bridge_type": "Fixed bridge",
    "material": "Staal",
    "manager": "Gemeente",
    "manager_area": "Centrum-West",
    "source": "Gemeente Amsterdam – civiele constructies (open data)",
    "source_url": "https://api.data.amsterdam.nl/v1/civieleconstructies/brug/"
   }
  },
  {
   "type": "Feature",
   "geometry": {
    "type": "Point",
    "coordinates": [
     4.894411,
     52.379069
    ]
   },
   "properties": {
    "name": "Haarlemmersluis",
    "object_number": "BRU0014",
    "bridge_type": "Fixed bridge",
    "material": "Staal",
    "manager": "Gemeente",
    "manager_area": "Centrum-West",
    "source": "Gemeente Amsterdam – civiele constructies (open data)",
    "source_url": "https://api.data.amsterdam.nl/v1/civieleconstructies/brug/"
   }
  },
  {
   "type": "Feature",
   "geometry": {
    "type": "Point",
    "coordinates": [
     4.893725,
     52.378884
    ]
   },
   "properties": {
    "name": "BRU0015",
    "object_number": "BRU0015",
    "bridge_type": "Fixed bridge",
    "material": "Staal",
    "manager": "Gemeente",
    "manager_area": "Centrum-West",
    "source": "Gemeente Amsterdam – civiele constructies (open data)",
    "source_url": "https://api.data.amsterdam.nl/v1/civieleconstructies/brug/"
   }
  },
  {
   "type": "Feature",
   "geometry": {
    "type": "Point",
    "coordinates": [
     4.892282,
     52.379198
    ]
   },
   "properties": {
    "name": "Melkmeisjesbrug",
    "object_number": "BRU0016",
    "bridge_type": "Fixed bridge",
    "material": "Staal",
    "manager": "Gemeente",
    "manager_area": "Centrum-West",
    "source": "Gemeente Amsterdam – civiele constructies (open data)",
    "source_url": "https://api.data.amsterdam.nl/v1/civieleconstructies/brug/"
   }
  },
  {
   "type": "Feature",
   "geometry": {
    "type": "Point",
    "coordinates": [
     4.891712,
     52.379274
    ]
   },
   "properties": {
    "name": "West-Indische huisbrug",
    "object_number": "BRU0017",
    "bridge_type": "Fixed bridge",
    "material": "Staal",
    "manager": "Gemeente",
    "manager_area": "Centrum-West",
    "source": "Gemeente Amsterdam – civiele constructies (open data)",
    "source_url": "https://api.data.amsterdam.nl/v1/civieleconstructies/brug/"
   }
  },
  {
   "type": "Feature",
   "geometry": {
    "type": "Point",
    "coordinates": [
     4.889844,
     52.376818
    ]
   },
   "properties": {
    "name": "Van Mierlobrug",
    "object_number": "BRU0018",
    "bridge_type": "Fixed bridge",
    "material": "Metselwerk",
    "manager": "Gemeente",
    "manager_area": "Centrum-West",
    "source": "Gemeente Amsterdam – civiele constructies (open data)",
    "source_url": "https://api.data.amsterdam.nl/v1/civieleconstructies/brug/"
   }
  },
  {
   "type": "Feature",
   "geometry": {
    "type": "Point",
    "coordinates": [
     4.8901,
     52.376819
    ]
   },
   "properties": {
    "name": "BRU0019",
    "object_number": "BRU0019",
    "bridge_type": "Fixed bridge",
    "material": "Metselwerk",
    "manager": "Gemeente",
    "manager_area": "Centrum-West",
    "source": "Gemeente Amsterdam – civiele constructies (open data)",
    "source_url": "https://api.data.amsterdam.nl/v1/civieleconstructies/brug/"
   }
  },
  {
   "type": "Feature",
   "geometry": {
    "type": "Point",
    "coordinates": [
     4.887902,
     52.374898
    ]
   },
   "properties": {
    "name": "Anton Jolingbrug",
    "object_number": "BRU0020",
    "bridge_type": "Fixed bridge",
    "material": "Staal",
    "manager": "Gemeente",
    "manager_area": "Centrum-West",
    "source": "Gemeente Amsterdam – civiele constructies (open data)",
    "source_url": "https://api.data.amsterdam.nl/v1/civieleconstructies/brug/"
   }
  },
  {
   "type": "Feature",
   "geometry": {
    "type": "Point",
    "coordinates": [
     4.887604,
     52.374822
    ]
   },
   "properties": {
    "name": "BRU0021",
    "object_number": "BRU0021",
    "bridge_type": "Fixed bridge",
    "material": "Staal",
    "manager": "Gemeente",
    "manager_area": "Centrum-West",
    "source": "Gemeente Amsterdam – civiele constructies (open data)",
    "source_url": "https://api.data.amsterdam.nl/v1/civieleconstructies/brug/"
   }
  },
  {
   "type": "Feature",
   "geometry": {
    "type": "Point",
    "coordinates": [
     4.887211,
     52.373461
    ]
   },
   "properties": {
    "name": "Warmoesbrug",
    "object_number": "BRU0022",
    "bridge_type": "Fixed bridge",
    "material": "Staal",
    "manager": "Gemeente",
    "manager_area": "Centrum-West",
    "source": "Gemeente Amsterdam – civiele constructies (open data)",
    "source_url": "https://api.data.amsterdam.nl/v1/civieleconstructies/brug/"
   }
  },
  {
   "type": "Feature",
   "geometry": {
    "type": "Point",
    "coordinates": [
     4.870805,
     52.366872
    ]
   },
   "properties": {
    "name": "BRU0023",
    "object_number": "BRU0023",
    "bridge_type": "Fixed bridge",
    "material": "Staal",
    "manager": "Gemeente",
    "manager_area": "Oud-West, De Baarsjes",
    "source": "Gemeente Amsterdam – civiele constructies (open data)",
    "source_url": "https://api.data.amsterdam.nl/v1/civieleconstructies/brug/"
   }
  },
  {
   "type": "Feature",
   "geometry": {
    "type": "Point",
    "coordinates": [
     4.887088,
     52.37226
    ]
   },
   "properties": {
    "name": "BRU0024",
    "object_number": "BRU0024",
    "bridge_type": "Fixed bridge",
    "material": "Staal",
    "manager": "Gemeente",
    "manager_area": "Centrum-West",
    "source": "Gemeente Amsterdam – civiele constructies (open data)",
    "source_url": "https://api.data.amsterdam.nl/v1/civieleconstructies/brug/"
   }
  },
  {
   "type": "Feature",
   "geometry": {
    "type": "Point",
    "coordinates": [
     4.886892,
     52.370275
    ]
   },
   "properties": {
    "name": "Rachel Ruyschbrug",
    "object_number": "BRU0025",
    "bridge_type": "Fixed bridge",
    "material": "Staal",
    "manager": "Gemeente",
    "manager_area": "Centrum-West",
    "source": "Gemeente Amsterdam – civiele constructies (open data)",
    "source_url": "https://api.data.amsterdam.nl/v1/civieleconstructies/brug/"
   }
  },
  {
   "type": "Feature",
   "geometry": {
    "type": "Point",
    "coordinates": [
     4.886763,
     52.368795
    ]
   },
   "properties": {
    "name": "Simon Wiesenthalbrug",
    "object_number": "BRU0026",
    "bridge_type": "Fixed bridge",
    "material": "Staal",
    "manager": "Gemeente",
    "manager_area": "Centrum-West",
    "source": "Gemeente Amsterdam – civiele constructies (open data)",
    "source_url": "https://api.data.amsterdam.nl/v1/civieleconstructies/brug/"
   }
  },
  {
   "type": "Feature",
   "geometry": {
    "type": "Point",
    "coordinates": [
     4.886962,
     52.368143
    ]
   },
   "properties": {
    "name": "Beulingsluis",
    "object_number": "BRU0027",
    "bridge_type": "Fixed bridge",
    "material": "Staal",
    "manager": "Gemeente",
    "manager_area": "Centrum-West",
    "source": "Gemeente Amsterdam – civiele constructies (open data)",
    "source_url": "https://api.data.amsterdam.nl/v1/civieleconstructies/brug/"
   }
  },
  {
   "type": "Feature",
   "geometry": {
    "type": "Point",
    "coordinates": [
     4.886558,
     52.36752
    ]
   },
   "properties": {
    "name": "Vier Heemskinderensluis",
    "object_number": "BRU0028",
    "bridge_type": "Fixed bridge",
    "material": "Metselwerk",
    "manager": "Gemeente",
    "manager_area": "Centrum-West",
    "source": "Gemeente Amsterdam – civiele constructies (open data)",
    "source_url": "https://api.data.amsterdam.nl/v1/civieleconstructies/brug/"
   }
  },
  {
   "type": "Feature",
   "geometry": {
    "type": "Point",
    "coordinates": [
     4.888264,
     52.366817
    ]
   },
   "properties": {
    "name": "Koningssluis",
    "object_number": "BRU0029",
    "bridge_type": "Fixed bridge",
    "material": "Staal",
    "manager": "Gemeente",
    "manager_area": "Centrum-Oost",
    "source": "Gemeente Amsterdam – civiele constructies (open data)",
    "source_url": "https://api.data.amsterdam.nl/v1/civieleconstructies/brug/"
   }
  },
  {
   "type": "Feature",
   "geometry": {
    "type": "Point",
    "coordinates": [
     4.892854,
     52.365204
    ]
   },
   "properties": {
    "name": "Isa van Eeghenbrug",
    "object_number": "BRU0030",
    "bridge_type": "Fixed bridge",
    "material": "Staal",
    "manager": "Gemeente",
    "manager_area": "Centrum-Oost",
    "source": "Gemeente Amsterdam – civiele constructies (open data)",
    "source_url": "https://api.data.amsterdam.nl/v1/civieleconstructies/brug/"
   }
  },
  {
   "type": "Feature",
   "geometry": {
    "type": "Point",
    "coordinates": [
     4.895884,
     52.36465
    ]
   },
   "properties": {
    "name": "Tante Saarbrug",
    "object_number": "BRU0031",
    "bridge_type": "Fixed bridge",
    "material": "Metselwerk",
    "manager": "Gemeente",
    "manager_area": "Centrum-Oost",
    "source": "Gemeente Amsterdam – civiele constructies (open data)",
    "source_url": "https://api.data.amsterdam.nl/v1/civieleconstructies/brug/"
   }
  },
  {
   "type": "Feature",
   "geometry": {
    "type": "Point",
    "coordinates": [
     4.896057,
     52.364793
    ]
   },
   "properties": {
    "name": "Kaasmarktsluis",
    "object_number": "BRU0032",
    "bridge_type": "Fixed bridge",
    "material": "Metselwerk",
    "manager": "Gemeente",
    "manager_area": "Centrum-Oost",
    "source": "Gemeente Amsterdam – civiele constructies (open data)",
    "source_url": "https://api.data.amsterdam.nl/v1/civieleconstructies/brug/"
   }
  },
  {
   "type": "Feature",
   "geometry": {
    "type": "Point",
    "coordinates": [
     4.897736,
     52.36512
    ]
   },
   "properties": {
    "name": "BRU0034",
    "object_number": "BRU0034",
    "bridge_type": "Fixed bridge",
    "material": "Staal",
    "manager": "Gemeente",
    "manager_area": "Centrum-Oost",
    "source": "Gemeente Amsterdam – civiele constructies (open data)",
    "source_url": "https://api.data.amsterdam.nl/v1/civieleconstructies/brug/"
   }
  },
  {
   "type": "Feature",
   "geometry": {
    "type": "Point",
    "coordinates": [
     4.900514,
     52.365645
    ]
   },
   "properties": {
    "name": "Hendrick Jacobsz. Staetsbrug",
    "object_number": "BRU0035",
    "bridge_type": "Fixed bridge",
    "material": "Metselwerk",
    "manager": "Gemeente",
    "manager_area": "Centrum-Oost",
    "source": "Gemeente Amsterdam – civiele constructies (open data)",
    "source_url": "https://api.data.amsterdam.nl/v1/civieleconstructies/brug/"
   }
  },
  {
   "type": "Feature",
   "geometry": {
    "type": "Point",
    "coordinates": [
     4.901173,
     52.364355
    ]
   },
   "properties": {
    "name": "Lucas Jansz. Sinckbrug",
    "object_number": "BRU0036",
    "bridge_type": "Fixed bridge",
    "material": "Metselwerk",
    "manager": "Gemeente",
    "manager_area": "Centrum-Oost",
    "source": "Gemeente Amsterdam – civiele constructies (open data)",
    "source_url": "https://api.data.amsterdam.nl/v1/civieleconstructies/brug/"
   }
  },
  {
   "type": "Feature",
   "geometry": {
    "type": "Point",
    "coordinates": [
     4.898285,
     52.363801
    ]
   },
   "properties": {
    "name": "BRU0037",
    "object_number": "BRU0037",
    "bridge_type": "Fixed bridge",
    "material": "Staal",
    "manager": "Gemeente",
    "manager_area": "Centrum-Oost",
    "source": "Gemeente Amsterdam – civiele constructies (open data)",
    "source_url": "https://api.data.amsterdam.nl/v1/civieleconstructies/brug/"
   }
  },
  {
   "type": "Feature",
   "geometry": {
    "type": "Point",
    "coordinates": [
     4.896143,
     52.363404
    ]
   },
   "properties": {
    "name": "BRU0038",
    "object_number": "BRU0038",
    "bridge_type": "Fixed bridge",
    "material": "Metselwerk",
    "manager": "Gemeente",
    "manager_area": "Centrum-Oost",
    "source": "Gemeente Amsterdam – civiele constructies (open data)",
    "source_url": "https://api.data.amsterdam.nl/v1/civieleconstructies/brug/"
   }
  },
  {
   "type": "Feature",
   "geometry": {
    "type": "Point",
    "coordinates": [
     4.895957,
     52.363569
    ]
   },
   "properties": {
    "name": "BRU0039",
    "object_number": "BRU0039",
    "bridge_type": "Fixed bridge",
    "material": "Metselwerk",
    "manager": "Gemeente",
    "manager_area": "Centrum-Oost",
    "source": "Gemeente Amsterdam – civiele constructies (open data)",
    "source_url": "https://api.data.amsterdam.nl/v1/civieleconstructies/brug/"
   }
  },
  {
   "type": "Feature",
   "geometry": {
    "type": "Point",
    "coordinates": [
     4.895981,
     52.363201
    ]
   },
   "properties": {
    "name": "BRU0040",
    "object_number": "BRU0040",
    "bridge_type": "Fixed bridge",
    "material": "Metselwerk",
    "manager": "Gemeente",
    "manager_area": "Centrum-Oost",
    "source": "Gemeente Amsterdam – civiele constructies (open data)",
    "source_url": "https://api.data.amsterdam.nl/v1/civieleconstructies/brug/"
   }
  },
  {
   "type": "Feature",
   "geometry": {
    "type": "Point",
    "coordinates": [
     4.892375,
     52.363858
    ]
   },
   "properties": {
    "name": "Johanna Borskibrug",
    "object_number": "BRU0041",
    "bridge_type": "Fixed bridge",
    "material": "Staal",
    "manager": "Gemeente",
    "manager_area": "Centrum-Oost",
    "source": "Gemeente Amsterdam – civiele constructies (open data)",
    "source_url": "https://api.data.amsterdam.nl/v1/civieleconstructies/brug/"
   }
  },
  {
   "type": "Feature",
   "geometry": {
    "type": "Point",
    "coordinates": [
     4.889423,
     52.364258
    ]
   },
   "properties": {
    "name": "BRU0042",
    "object_number": "BRU0042",
    "bridge_type": "Fixed bridge",
    "material": "Metselwerk",
    "manager": "Gemeente",
    "manager_area": "Centrum-Oost",
    "source": "Gemeente Amsterdam – civiele constructies (open data)",
    "source_url": "https://api.data.amsterdam.nl/v1/civieleconstructies/brug/"
   }
  },
  {
   "type": "Feature",
   "geometry": {
    "type": "Point",
    "coordinates": [
     4.886487,
     52.365945
    ]
   },
   "properties": {
    "name": "BRU0043",
    "object_number": "BRU0043",
    "bridge_type": "Fixed bridge",
    "material": "Staal",
    "manager": "Gemeente",
    "manager_area": "Centrum-Oost",
    "source": "Gemeente Amsterdam – civiele constructies (open data)",
    "source_url": "https://api.data.amsterdam.nl/v1/civieleconstructies/brug/"
   }
  },
  {
   "type": "Feature",
   "geometry": {
    "type": "Point",
    "coordinates": [
     4.884577,
     52.3668
    ]
   },
   "properties": {
    "name": "Abel Weetnietbrug",
    "object_number": "BRU0044",
    "bridge_type": "Fixed bridge",
    "material": "Metselwerk",
    "manager": "Gemeente",
    "manager_area": "Centrum-Oost",
    "source": "Gemeente Amsterdam – civiele constructies (open data)",
    "source_url": "https://api.data.amsterdam.nl/v1/civieleconstructies/brug/"
   }
  },
  {
   "type": "Feature",
   "geometry": {
    "type": "Point",
    "coordinates": [
     4.885105,
     52.366992
    ]
   },
   "properties": {
    "name": "Steenhouwerijbrug",
    "object_number": "BRU0045",
    "bridge_type": "Fixed bridge",
    "material": "Metselwerk",
    "manager": "Gemeente",
    "manager_area": "Centrum-West",
    "source": "Gemeente Amsterdam – civiele constructies (open data)",
    "source_url": "https://api.data.amsterdam.nl/v1/civieleconstructies/brug/"
   }
  },
  {
   "type": "Feature",
   "geometry": {
    "type": "Point",
    "coordinates": [
     4.884733,
     52.366996
    ]
   },
   "properties": {
    "name": "BRU0046",
    "object_number": "BRU0046",
    "bridge_type": "Fixed bridge",
    "material": "Metselwerk",
    "manager": "Gemeente",
    "manager_area": "Centrum-West",
    "source": "Gemeente Amsterdam – civiele constructies (open data)",
    "source_url": "https://api.data.amsterdam.nl/v1/civieleconstructies/brug/"
   }
  },
  {
   "type": "Feature",
   "geometry": {
    "type": "Point",
    "coordinates": [
     4.884537,
     52.368854
    ]
   },
   "properties": {
    "name": "BRU0047",
    "object_number": "BRU0047",
    "bridge_type": "Fixed bridge",
    "material": "Metselwerk",
    "manager": "Gemeente",
    "manager_area": "Centrum-West",
    "source": "Gemeente Amsterdam – civiele constructies (open data)",
    "source_url": "https://api.data.amsterdam.nl/v1/civieleconstructies/brug/"
   }
  },
  {
   "type": "Feature",
   "geometry": {
    "type": "Point",
    "coordinates": [
     4.884693,
     52.370357
    ]
   },
   "properties": {
    "name": "Marten Toonderbrug",
    "object_number": "BRU0048",
    "bridge_type": "Fixed bridge",
    "material": "Metselwerk",
    "manager": "Gemeente",
    "manager_area": "Centrum-West",
    "source": "Gemeente Amsterdam – civiele constructies (open data)",
    "source_url": "https://api.data.amsterdam.nl/v1/civieleconstructies/brug/"
   }
  },
  {
   "type": "Feature",
   "geometry": {
    "type": "Point",
    "coordinates": [
     4.884877,
     52.372344
    ]
   },
   "properties": {
    "name": "Kees Fensbrug",
    "object_number": "BRU0049",
    "bridge_type": "Fixed bridge",
    "material": "Metselwerk",
    "manager": "Gemeente",
    "manager_area": "Centrum-West",
    "source": "Gemeente Amsterdam – civiele constructies (open data)",
    "source_url": "https://api.data.amsterdam.nl/v1/civieleconstructies/brug/"
   }
  },
  {
   "type": "Feature",
   "geometry": {
    "type": "Point",
    "coordinates": [
     4.909813,
     52.369155
    ]
   },
   "properties": {
    "name": "Latjesbrug",
    "object_number": "BRU0050",
    "bridge_type": "Movable bridge",
    "material": "Staal",
    "manager": "Gemeente",
    "manager_area": "Centrum-Oost",
    "source": "Gemeente Amsterdam – civiele constructies (open data)",
    "source_url": "https://api.data.amsterdam.nl/v1/civieleconstructies/brug/"
   }
  },
  {
   "type": "Feature",
   "geometry": {
    "type": "Point",
    "coordinates": [
     4.886039,
     52.375459
    ]
   },
   "properties": {
    "name": "BRU0051",
    "object_number": "BRU0051",
    "bridge_type": "Fixed bridge",
    "material": "Metselwerk",
    "manager": "Gemeente",
    "manager_area": "Centrum-West",
    "source": "Gemeente Amsterdam – civiele constructies (open data)",
    "source_url": "https://api.data.amsterdam.nl/v1/civieleconstructies/brug/"
   }
  },
  {
   "type": "Feature",
   "geometry": {
    "type": "Point",
    "coordinates": [
     4.885713,
     52.375472
    ]
   },
   "properties": {
    "name": "BRU0052",
    "object_number": "BRU0052",
    "bridge_type": "Fixed bridge",
    "material": "Metselwerk",
    "manager": "Gemeente",
    "manager_area": "Centrum-West",
    "source": "Gemeente Amsterdam – civiele constructies (open data)",
    "source_url": "https://api.data.amsterdam.nl/v1/civieleconstructies/brug/"
   }
  },
  {
   "type": "Feature",
   "geometry": {
    "type": "Point",
    "coordinates": [
     4.886208,
     52.375304
    ]
   },
   "properties": {
    "name": "BRU0053",
    "object_number": "BRU0053",
    "bridge_type": "Fixed bridge",
    "material": "Metselwerk",
    "manager": "Gemeente",
    "manager_area": "Centrum-West",
    "source": "Gemeente Amsterdam – civiele constructies (open data)",
    "source_url": "https://api.data.amsterdam.nl/v1/civieleconstructies/brug/"
   }
  },
  {
   "type": "Feature",
   "geometry": {
    "type": "Point",
    "coordinates": [
     4.88795,
     52.377506
    ]
   },
   "properties": {
    "name": "Noordsche Compagniebrug",
    "object_number": "BRU0054",
    "bridge_type": "Fixed bridge",
    "material": "Staal",
    "manager": "Gemeente",
    "manager_area": "Centrum-West",
    "source": "Gemeente Amsterdam – civiele constructies (open data)",
    "source_url": "https://api.data.amsterdam.nl/v1/civieleconstructies/brug/"
   }
  },
  {
   "type": "Feature",
   "geometry": {
    "type": "Point",
    "coordinates": [
     4.889828,
     52.37955
    ]
   },
   "properties": {
    "name": "Pastoorsbrug",
    "object_number": "BRU0055",
    "bridge_type": "Fixed bridge",
    "material": "Metselwerk",
    "manager": "Gemeente",
    "manager_area": "Centrum-West",
    "source": "Gemeente Amsterdam – civiele constructies (open data)",
    "source_url": "https://api.data.amsterdam.nl/v1/civieleconstructies/brug/"
   }
  },
  {
   "type": "Feature",
   "geometry": {
    "type": "Point",
    "coordinates": [
     4.890176,
     52.379592
    ]
   },
   "properties": {
    "name": "BRU0056",
    "object_number": "BRU0056",
    "bridge_type": "Fixed bridge",
    "material": "Staal",
    "manager": "Gemeente",
    "manager_area": "Centrum-West",
    "source": "Gemeente Amsterdam – civiele constructies (open data)",
    "source_url": "https://api.data.amsterdam.nl/v1/civieleconstructies/brug/"
   }
  },
  {
   "type": "Feature",
   "geometry": {
    "type": "Point",
    "coordinates": [
     4.888631,
     52.380411
    ]
   },
   "properties": {
    "name": "Papiermolensluis",
    "object_number": "BRU0057",
    "bridge_type": "Fixed bridge",
    "material": "Metselwerk",
    "manager": "Gemeente",
    "manager_area": "Centrum-West",
    "source": "Gemeente Amsterdam – civiele constructies (open data)",
    "source_url": "https://api.data.amsterdam.nl/v1/civieleconstructies/brug/"
   }
  },
  {
   "type": "Feature",
   "geometry": {
    "type": "Point",
    "coordinates": [
     4.895102,
     52.379492
    ]
   },
   "properties": {
    "name": "Haringpakkersbrug",
    "object_number": "BRU0058",
    "bridge_type": "Fixed bridge",
    "material": "Staal",
    "manager": "Gemeente",
    "manager_area": "Centrum-West",
    "source": "Gemeente Amsterdam – civiele constructies (open data)",
    "source_url": "https://api.data.amsterdam.nl/v1/civieleconstructies/brug/"
   }
  },
  {
   "type": "Feature",
   "geometry": {
    "type": "Point",
    "coordinates": [
     4.888288,
     52.380367
    ]
   },
   "properties": {
    "name": "Lekkeresluis",
    "object_number": "BRU0059",
    "bridge_type": "Fixed bridge",
    "material": "Metselwerk",
    "manager": "Gemeente",
    "manager_area": "Centrum-West",
    "source": "Gemeente Amsterdam – civiele constructies (open data)",
    "source_url": "https://api.data.amsterdam.nl/v1/civieleconstructies/brug/"
   }
  },
  {
   "type": "Feature",
   "geometry": {
    "type": "Point",
    "coordinates": [
     4.886185,
     52.378101
    ]
   },
   "properties": {
    "name": "Prinsensluis",
    "object_number": "BRU0060",
    "bridge_type": "Fixed bridge",
    "material": "Staal",
    "manager": "Gemeente",
    "manager_area": "Centrum-West",
    "source": "Gemeente Amsterdam – civiele constructies (open data)",
    "source_url": "https://api.data.amsterdam.nl/v1/civieleconstructies/brug/"
   }
  },
  {
   "type": "Feature",
   "geometry": {
    "type": "Point",
    "coordinates": [
     4.884344,
     52.37607
    ]
   },
   "properties": {
    "name": "Leliesluis",
    "object_number": "BRU0061",
    "bridge_type": "Fixed bridge",
    "material": "Staal",
    "manager": "Gemeente",
    "manager_area": "Centrum-West",
    "source": "Gemeente Amsterdam – civiele constructies (open data)",
    "source_url": "https://api.data.amsterdam.nl/v1/civieleconstructies/brug/"
   }
  },
  {
   "type": "Feature",
   "geometry": {
    "type": "Point",
    "coordinates": [
     4.884507,
     52.375881
    ]
   },
   "properties": {
    "name": "BRU0062",
    "object_number": "BRU0062",
    "bridge_type": "Fixed bridge",
    "material": "Staal",
    "manager": "Gemeente",
    "manager_area": "Centrum-West",
    "source": "Gemeente Amsterdam – civiele constructies (open data)",
    "source_url": "https://api.data.amsterdam.nl/v1/civieleconstructies/brug/"
   }
  },
  {
   "type": "Feature",
   "geometry": {
    "type": "Point",
    "coordinates": [
     4.883052,
     52.373996
    ]
   },
   "properties": {
    "name": "Nieuwe-Wercksbrug",
    "object_number": "BRU0063",
    "bridge_type": "Fixed bridge",
    "material": "Staal",
    "manager": "Gemeente",
    "manager_area": "Centrum-West",
    "source": "Gemeente Amsterdam – civiele constructies (open data)",
    "source_url": "https://api.data.amsterdam.nl/v1/civieleconstructies/brug/"
   }
  },
  {
   "type": "Feature",
   "geometry": {
    "type": "Point",
    "coordinates": [
     4.88282,
     52.37242
    ]
   },
   "properties": {
    "name": "Reesluis",
    "object_number": "BRU0064",
    "bridge_type": "Fixed bridge",
    "material": "Staal",
    "manager": "Gemeente",
    "manager_area": "Centrum-West",
    "source": "Gemeente Amsterdam – civiele constructies (open data)",
    "source_url": "https://api.data.amsterdam.nl/v1/civieleconstructies/brug/"
   }
  },
  {
   "type": "Feature",
   "geometry": {
    "type": "Point",
    "coordinates": [
     4.882735,
     52.370401
    ]
   },
   "properties": {
    "name": "Berensluis",
    "object_number": "BRU0065",
    "bridge_type": "Fixed bridge",
    "material": "Staal",
    "manager": "Gemeente",
    "manager_area": "Centrum-West",
    "source": "Gemeente Amsterdam – civiele constructies (open data)",
    "source_url": "https://api.data.amsterdam.nl/v1/civieleconstructies/brug/"
   }
  },
  {
   "type": "Feature",
   "geometry": {
    "type": "Point",
    "coordinates": [
     4.882613,
     52.368943
    ]
   },
   "properties": {
    "name": "BRU0066",
    "object_number": "BRU0066",
    "bridge_type": "Fixed bridge",
    "material": "Staal",
    "manager": "Gemeente",
    "manager_area": "Centrum-West",
    "source": "Gemeente Amsterdam – civiele constructies (open data)",
    "source_url": "https://api.data.amsterdam.nl/v1/civieleconstructies/brug/"
   }
  },
  {
   "type": "Feature",
   "geometry": {
    "type": "Point",
    "coordinates": [
     4.88272,
     52.366283
    ]
   },
   "properties": {
    "name": "Angenietje Swarthofbrug",
    "object_number": "BRU0067",
    "bridge_type": "Fixed bridge",
    "material": "Staal",
    "manager": "Gemeente",
    "manager_area": "Centrum-West",
    "source": "Gemeente Amsterdam – civiele constructies (open data)",
    "source_url": "https://api.data.amsterdam.nl/v1/civieleconstructies/brug/"
   }
  },
  {
   "type": "Feature",
   "geometry": {
    "type": "Point",
    "coordinates": [
     4.884489,
     52.365006
    ]
   },
   "properties": {
    "name": "Aalmoezeniersbrug",
    "object_number": "BRU0068",
    "bridge_type": "Fixed bridge",
    "material": "Staal",
    "manager": "Gemeente",
    "manager_area": "Centrum-Oost",
    "source": "Gemeente Amsterdam – civiele constructies (open data)",
    "source_url": "https://api.data.amsterdam.nl/v1/civieleconstructies/brug/"
   }
  },
  {
   "type": "Feature",
   "geometry": {
    "type": "Point",
    "coordinates": [
     4.88803,
     52.362694
    ]
   },
   "properties": {
    "name": "BRU0069",
    "object_number": "BRU0069",
    "bridge_type": "Fixed bridge",
    "material": "Staal",
    "manager": "Gemeente",
    "manager_area": "Centrum-Oost",
    "source": "Gemeente Amsterdam – civiele constructies (open data)",
    "source_url": "https://api.data.amsterdam.nl/v1/civieleconstructies/brug/"
   }
  },
  {
   "type": "Feature",
   "geometry": {
    "type": "Point",
    "coordinates": [
     4.891636,
     52.362201
    ]
   },
   "properties": {
    "name": "Walenweeshuissluis",
    "object_number": "BRU0070",
    "bridge_type": "Fixed bridge",
    "material": "Staal",
    "manager": "Gemeente",
    "manager_area": "Centrum-Oost",
    "source": "Gemeente Amsterdam – civiele constructies (open data)",
    "source_url": "https://api.data.amsterdam.nl/v1/civieleconstructies/brug/"
   }
  },
  {
   "type": "Feature",
   "geometry": {
    "type": "Point",
    "coordinates": [
     4.896294,
     52.361636
    ]
   },
   "properties": {
    "name": "De Duifbrug",
    "object_number": "BRU0071",
    "bridge_type": "Fixed bridge",
    "material": "Metselwerk",
    "manager": "Gemeente",
    "manager_area": "Centrum-Oost",
    "source": "Gemeente Amsterdam – civiele constructies (open data)",
    "source_url": "https://api.data.amsterdam.nl/v1/civieleconstructies/brug/"
   }
  },
  {
   "type": "Feature",
   "geometry": {
    "type": "Point",
    "coordinates": [
     4.896116,
     52.361442
    ]
   },
   "properties": {
    "name": "BRU0072",
    "object_number": "BRU0072",
    "bridge_type": "Fixed bridge",
    "material": "Metselwerk",
    "manager": "Gemeente",
    "manager_area": "Centrum-Oost",
    "source": "Gemeente Amsterdam – civiele constructies (open data)",
    "source_url": "https://api.data.amsterdam.nl/v1/civieleconstructies/brug/"
   }
  },
  {
   "type": "Feature",
   "geometry": {
    "type": "Point",
    "coordinates": [
     4.896047,
     52.361772
    ]
   },
   "properties": {
    "name": "BRU0073",
    "object_number": "BRU0073",
    "bridge_type": "Fixed bridge",
    "material": "Metselwerk",
    "manager": "Gemeente",
    "manager_area": "Centrum-Oost",
    "source": "Gemeente Amsterdam – civiele constructies (open data)",
    "source_url": "https://api.data.amsterdam.nl/v1/civieleconstructies/brug/"
   }
  },
  {
   "type": "Feature",
   "geometry": {
    "type": "Point",
    "coordinates": [
     4.896036,
     52.362421
    ]
   },
   "properties": {
    "name": "BRU0074",
    "object_number": "BRU0074",
    "bridge_type": "Fixed bridge",
    "material": "Metselwerk",
    "manager": "Gemeente",
    "manager_area": "Centrum-Oost",
    "source": "Gemeente Amsterdam – civiele constructies (open data)",
    "source_url": "https://api.data.amsterdam.nl/v1/civieleconstructies/brug/"
   }
  },
  {
   "type": "Feature",
   "geometry": {
    "type": "Point",
    "coordinates": [
     4.899001,
     52.362122
    ]
   },
   "properties": {
    "name": "BRU0075",
    "object_number": "BRU0075",
    "bridge_type": "Fixed bridge",
    "material": "Staal",
    "manager": "Gemeente",
    "manager_area": "Centrum-Oost",
    "source": "Gemeente Amsterdam – civiele constructies (open data)",
    "source_url": "https://api.data.amsterdam.nl/v1/civieleconstructies/brug/"
   }
  },
  {
   "type": "Feature",
   "geometry": {
    "type": "Point",
    "coordinates": [
     4.902041,
     52.362673
    ]
   },
   "properties": {
    "name": "Frans Hendriksz.Oetgensbrug",
    "object_number": "BRU0076",
    "bridge_type": "Fixed bridge",
    "material": "Metselwerk",
    "manager": "Gemeente",
    "manager_area": "Centrum-Oost",
    "source": "Gemeente Amsterdam – civiele constructies (open data)",
    "source_url": "https://api.data.amsterdam.nl/v1/civieleconstructies/brug/"
   }
  },
  {
   "type": "Feature",
   "geometry": {
    "type": "Point",
    "coordinates": [
     4.902632,
     52.361512
    ]
   },
   "properties": {
    "name": "Henrick de Keijserbrug",
    "object_number": "BRU0077",
    "bridge_type": "Fixed bridge",
    "material": "Staal",
    "manager": "Gemeente",
    "manager_area": "Centrum-Oost",
    "source": "Gemeente Amsterdam – civiele constructies (open data)",
    "source_url": "https://api.data.amsterdam.nl/v1/civieleconstructies/brug/"
   }
  },
  {
   "type": "Feature",
   "geometry": {
    "type": "Point",
    "coordinates": [
     4.92693,
     52.36674
    ]
   },
   "properties": {
    "name": "BRU0078",
    "object_number": "BRU0078",
    "bridge_type": "Fixed bridge",
    "material": "Staal",
    "manager": "Gemeente",
    "manager_area": "Centrum-Oost",
    "source": "Gemeente Amsterdam – civiele constructies (open data)",
    "source_url": "https://api.data.amsterdam.nl/v1/civieleconstructies/brug/"
   }
  },
  {
   "type": "Feature",
   "geometry": {
    "type": "Point",
    "coordinates": [
     4.886632,
     52.357604
    ]
   },
   "properties": {
    "name": "Brandweerbrug",
    "object_number": "BRU0079",
    "bridge_type": "Fixed bridge",
    "material": "Staal",
    "manager": "Gemeente",
    "manager_area": "De Pijp, Rivierenbuurt",
    "source": "Gemeente Amsterdam – civiele constructies (open data)",
    "source_url": "https://api.data.amsterdam.nl/v1/civieleconstructies/brug/"
   }
  },
  {
   "type": "Feature",
   "geometry": {
    "type": "Point",
    "coordinates": [
     4.919295,
     52.367944
    ]
   },
   "properties": {
    "name": "BRU0080",
    "object_number": "BRU0080",
    "bridge_type": "Movable bridge",
    "material": "Staal",
    "manager": "Gemeente",
    "manager_area": "Centrum-Oost",
    "source": "Gemeente Amsterdam – civiele constructies (open data)",
    "source_url": "https://api.data.amsterdam.nl/v1/civieleconstructies/brug/"
   }
  },
  {
   "type": "Feature",
   "geometry": {
    "type": "Point",
    "coordinates": [
     4.896197,
     52.359848
    ]
   },
   "properties": {
    "name": "BRU0081",
    "object_number": "BRU0081",
    "bridge_type": "Fixed bridge",
    "material": "Metselwerk",
    "manager": "Gemeente",
    "manager_area": "Centrum-Oost",
    "source": "Gemeente Amsterdam – civiele constructies (open data)",
    "source_url": "https://api.data.amsterdam.nl/v1/civieleconstructies/brug/"
   }
  },
  {
   "type": "Feature",
   "geometry": {
    "type": "Point",
    "coordinates": [
     4.886297,
     52.360785
    ]
   },
   "properties": {
    "name": "Museumbrug",
    "object_number": "BRU0082",
    "bridge_type": "Fixed bridge",
    "material": "Staal",
    "manager": "Gemeente",
    "manager_area": "Centrum-Oost",
    "source": "Gemeente Amsterdam – civiele constructies (open data)",
    "source_url": "https://api.data.amsterdam.nl/v1/civieleconstructies/brug/"
   }
  },
  {
   "type": "Feature",
   "geometry": {
    "type": "Point",
    "coordinates": [
     4.890828,
     52.358425
    ]
   },
   "properties": {
    "name": "Freddy Heinekenbrug",
    "object_number": "BRU0084",
    "bridge_type": "Fixed bridge",
    "material": "Beton",
    "manager": "Gemeente",
    "manager_area": "Centrum-Oost",
    "source": "Gemeente Amsterdam – civiele constructies (open data)",
    "source_url": "https://api.data.amsterdam.nl/v1/civieleconstructies/brug/"
   }
  },
  {
   "type": "Feature",
   "geometry": {
    "type": "Point",
    "coordinates": [
     4.890774,
     52.360023
    ]
   },
   "properties": {
    "name": "BRU0086",
    "object_number": "BRU0086",
    "bridge_type": "Fixed bridge",
    "material": "Staal",
    "manager": "Gemeente",
    "manager_area": "Centrum-Oost",
    "source": "Gemeente Amsterdam – civiele constructies (open data)",
    "source_url": "https://api.data.amsterdam.nl/v1/civieleconstructies/brug/"
   }
  },
  {
   "type": "Feature",
   "geometry": {
    "type": "Point",
    "coordinates": [
     4.887732,
     52.362609
    ]
   },
   "properties": {
    "name": "BRU0087",
    "object_number": "BRU0087",
    "bridge_type": "Fixed bridge",
    "material": "Metselwerk",
    "manager": "Gemeente",
    "manager_area": "Centrum-Oost",
    "source": "Gemeente Amsterdam – civiele constructies (open data)",
    "source_url": "https://api.data.amsterdam.nl/v1/civieleconstructies/brug/"
   }
  },
  {
   "type": "Feature",
   "geometry": {
    "type": "Point",
    "coordinates": [
     4.886953,
     52.361786
    ]
   },
   "properties": {
    "name": "BRU0088",
    "object_number": "BRU0088",
    "bridge_type": "Fixed bridge",
    "material": "Staal",
    "manager": "Gemeente",
    "manager_area": "Centrum-Oost",
    "source": "Gemeente Amsterdam – civiele constructies (open data)",
    "source_url": "https://api.data.amsterdam.nl/v1/civieleconstructies/brug/"
   }
  },
  {
   "type": "Feature",
   "geometry": {
    "type": "Point",
    "coordinates": [
     4.888448,
     52.360836
    ]
   },
   "properties": {
    "name": "BRU0089",
    "object_number": "BRU0089",
    "bridge_type": "Fixed bridge",
    "material": "Staal",
    "manager": "Gemeente",
    "manager_area": "Centrum-Oost",
    "source": "Gemeente Amsterdam – civiele constructies (open data)",
    "source_url": "https://api.data.amsterdam.nl/v1/civieleconstructies/brug/"
   }
  },
  {
   "type": "Feature",
   "geometry": {
    "type": "Point",
    "coordinates": [
     4.888118,
     52.360456
    ]
   },
   "properties": {
    "name": "Weteringpoort",
    "object_number": "BRU0090",
    "bridge_type": "Fixed bridge",
    "material": "Staal",
    "manager": "Gemeente",
    "manager_area": "Centrum-Oost",
    "source": "Gemeente Amsterdam – civiele constructies (open data)",
    "source_url": "https://api.data.amsterdam.nl/v1/civieleconstructies/brug/"
   }
  },
  {
   "type": "Feature",
   "geometry": {
    "type": "Point",
    "coordinates": [
     4.917402,
     52.370327
    ]
   },
   "properties": {
    "name": "Paerlduiker",
    "object_number": "BRU0091",
    "bridge_type": "Fixed bridge",
    "material": "Metselwerk",
    "manager": "Gemeente",
    "manager_area": "Centrum-Oost",
    "source": "Gemeente Amsterdam – civiele constructies (open data)",
    "source_url": "https://api.data.amsterdam.nl/v1/civieleconstructies/brug/"
   }
  },
  {
   "type": "Feature",
   "geometry": {
    "type": "Point",
    "coordinates": [
     4.882557,
     52.36608
    ]
   },
   "properties": {
    "name": "Pieter Goemansbrug",
    "object_number": "BRU0093",
    "bridge_type": "Fixed bridge",
    "material": "Staal",
    "manager": "Gemeente",
    "manager_area": "Centrum-Oost",
    "source": "Gemeente Amsterdam – civiele constructies (open data)",
    "source_url": "https://api.data.amsterdam.nl/v1/civieleconstructies/brug/"
   }
  },
  {
   "type": "Feature",
   "geometry": {
    "type": "Point",
    "coordinates": [
     4.88091,
     52.365466
    ]
   },
   "properties": {
    "name": "BRU0094",
    "object_number": "BRU0094",
    "bridge_type": "Fixed bridge",
    "material": "Staal",
    "manager": "Gemeente",
    "manager_area": "Centrum-Oost",
    "source": "Gemeente Amsterdam – civiele constructies (open data)",
    "source_url": "https://api.data.amsterdam.nl/v1/civieleconstructies/brug/"
   }
  },
  {
   "type": "Feature",
   "geometry": {
    "type": "Point",
    "coordinates": [
     4.88984,
     52.382332
    ]
   },
   "properties": {
    "name": "BRU0095",
    "object_number": "BRU0095",
    "bridge_type": "Fixed bridge",
    "material": "Beton",
    "manager": "Gemeente",
    "manager_area": "Centrum-West",
    "source": "Gemeente Amsterdam – civiele constructies (open data)",
    "source_url": "https://api.data.amsterdam.nl/v1/civieleconstructies/brug/"
   }
  },
  {
   "type": "Feature",
   "geometry": {
    "type": "Point",
    "coordinates": [
     4.882223,
     52.36742
    ]
   },
   "properties": {
    "name": "BRU0096",
    "object_number": "BRU0096",
    "bridge_type": "Fixed bridge",
    "material": "Staal",
    "manager": "Gemeente",
    "manager_area": "Centrum-West",
    "source": "Gemeente Amsterdam – civiele constructies (open data)",
    "source_url": "https://api.data.amsterdam.nl/v1/civieleconstructies/brug/"
   }
  },
  {
   "type": "Feature",
   "geometry": {
    "type": "Point",
    "coordinates": [
     4.886996,
     52.361534
    ]
   },
   "properties": {
    "name": "BRU0097",
    "object_number": "BRU0097",
    "bridge_type": "Fixed bridge",
    "material": "Staal",
    "manager": "Gemeente",
    "manager_area": "Centrum-Oost",
    "source": "Gemeente Amsterdam – civiele constructies (open data)",
    "source_url": "https://api.data.amsterdam.nl/v1/civieleconstructies/brug/"
   }
  },
  {
   "type": "Feature",
   "geometry": {
    "type": "Point",
    "coordinates": [
     4.880023,
     52.366707
    ]
   },
   "properties": {
    "name": "BRU0098",
    "object_number": "BRU0098",
    "bridge_type": "Fixed bridge",
    "material": "Staal",
    "manager": "Gemeente",
    "manager_area": "Centrum-West",
    "source": "Gemeente Amsterdam – civiele constructies (open data)",
    "source_url": "https://api.data.amsterdam.nl/v1/civieleconstructies/brug/"
   }
  },
  {
   "type": "Feature",
   "geometry": {
    "type": "Point",
    "coordinates": [
     4.879479,
     52.367166
    ]
   },
   "properties": {
    "name": "BRU0099",
    "object_number": "BRU0099",
    "bridge_type": "Fixed bridge",
    "material": "Staal",
    "manager": "Gemeente",
    "manager_area": "Centrum-West",
    "source": "Gemeente Amsterdam – civiele constructies (open data)",
    "source_url": "https://api.data.amsterdam.nl/v1/civieleconstructies/brug/"
   }
  },
  {
   "type": "Feature",
   "geometry": {
    "type": "Point",
    "coordinates": [
     4.879232,
     52.367796
    ]
   },
   "properties": {
    "name": "BRU0100",
    "object_number": "BRU0100",
    "bridge_type": "Fixed bridge",
    "material": "Staal",
    "manager": "Gemeente",
    "manager_area": "Centrum-West",
    "source": "Gemeente Amsterdam – civiele constructies (open data)",
    "source_url": "https://api.data.amsterdam.nl/v1/civieleconstructies/brug/"
   }
  },
  {
   "type": "Feature",
   "geometry": {
    "type": "Point",
    "coordinates": [
     4.881385,
     52.368513
    ]
   },
   "properties": {
    "name": "BRU0102",
    "object_number": "BRU0102",
    "bridge_type": "Fixed bridge",
    "material": "Hout",
    "manager": "Gemeente",
    "manager_area": "Centrum-West",
    "source": "Gemeente Amsterdam – civiele constructies (open data)",
    "source_url": "https://api.data.amsterdam.nl/v1/civieleconstructies/brug/"
   }
  },
  {
   "type": "Feature",
   "geometry": {
    "type": "Point",
    "coordinates": [
     4.88232,
     52.368766
    ]
   },
   "properties": {
    "name": "Looierssluis",
    "object_number": "BRU0103",
    "bridge_type": "Fixed bridge",
    "material": "Staal",
    "manager": "Gemeente",
    "manager_area": "Centrum-West",
    "source": "Gemeente Amsterdam – civiele constructies (open data)",
    "source_url": "https://api.data.amsterdam.nl/v1/civieleconstructies/brug/"
   }
  },
  {
   "type": "Feature",
   "geometry": {
    "type": "Point",
    "coordinates": [
     4.894571,
     52.37014
    ]
   },
   "properties": {
    "name": "Makelaarsbruggetje",
    "object_number": "BRU0105",
    "bridge_type": "Fixed bridge",
    "material": "Staal",
    "manager": "Gemeente",
    "manager_area": "Centrum-West",
    "source": "Gemeente Amsterdam – civiele constructies (open data)",
    "source_url": "https://api.data.amsterdam.nl/v1/civieleconstructies/brug/"
   }
  },
  {
   "type": "Feature",
   "geometry": {
    "type": "Point",
    "coordinates": [
     4.885035,
     52.373979
    ]
   },
   "properties": {
    "name": "Niek Engelschmanbrug",
    "object_number": "BRU0106",
    "bridge_type": "Fixed bridge",
    "material": "Staal",
    "manager": "Gemeente",
    "manager_area": "Centrum-West",
    "source": "Gemeente Amsterdam – civiele constructies (open data)",
    "source_url": "https://api.data.amsterdam.nl/v1/civieleconstructies/brug/"
   }
  },
  {
   "type": "Feature",
   "geometry": {
    "type": "Point",
    "coordinates": [
     4.878312,
     52.368839
    ]
   },
   "properties": {
    "name": "Baanbrug",
    "object_number": "BRU0107",
    "bridge_type": "Fixed bridge",
    "material": "Staal",
    "manager": "Gemeente",
    "manager_area": "Centrum-West",
    "source": "Gemeente Amsterdam – civiele constructies (open data)",
    "source_url": "https://api.data.amsterdam.nl/v1/civieleconstructies/brug/"
   }
  },
  {
   "type": "Feature",
   "geometry": {
    "type": "Point",
    "coordinates": [
     4.872208,
     52.371373
    ]
   },
   "properties": {
    "name": "BRU0108",
    "object_number": "BRU0108",
    "bridge_type": "Fixed bridge",
    "material": "Staal",
    "manager": "Gemeente",
    "manager_area": "Oud-West, De Baarsjes",
    "source": "Gemeente Amsterdam – civiele constructies (open data)",
    "source_url": "https://api.data.amsterdam.nl/v1/civieleconstructies/brug/"
   }
  },
  {
   "type": "Feature",
   "geometry": {
    "type": "Point",
    "coordinates": [
     4.879632,
     52.371083
    ]
   },
   "properties": {
    "name": "Batavus Droogstoppelbrug",
    "object_number": "BRU0111",
    "bridge_type": "Fixed bridge",
    "material": "Staal",
    "manager": "Gemeente",
    "manager_area": "Centrum-West",
    "source": "Gemeente Amsterdam – civiele constructies (open data)",
    "source_url": "https://api.data.amsterdam.nl/v1/civieleconstructies/brug/"
   }
  },
  {
   "type": "Feature",
   "geometry": {
    "type": "Point",
    "coordinates": [
     4.882608,
     52.371853
    ]
   },
   "properties": {
    "name": "Caetsbaanbrug",
    "object_number": "BRU0112",
    "bridge_type": "Fixed bridge",
    "material": "Staal",
    "manager": "Gemeente",
    "manager_area": "Centrum-West",
    "source": "Gemeente Amsterdam – civiele constructies (open data)",
    "source_url": "https://api.data.amsterdam.nl/v1/civieleconstructies/brug/"
   }
  },
  {
   "type": "Feature",
   "geometry": {
    "type": "Point",
    "coordinates": [
     4.920629,
     52.369209
    ]
   },
   "properties": {
    "name": "Oesjesduiker",
    "object_number": "BRU0114",
    "bridge_type": "Fixed bridge",
    "material": "Gewapend beton",
    "manager": "Gemeente",
    "manager_area": "Centrum-Oost",
    "source": "Gemeente Amsterdam – civiele constructies (open data)",
    "source_url": "https://api.data.amsterdam.nl/v1/civieleconstructies/brug/"
   }
  },
  {
   "type": "Feature",
   "geometry": {
    "type": "Point",
    "coordinates": [
     4.938056,
     52.357864
    ]
   },
   "properties": {
    "name": "Caroline Herschelbrug",
    "object_number": "BRU0115",
    "bridge_type": "Fixed bridge",
    "material": "Beton",
    "manager": "Gemeente",
    "manager_area": "Indische Buurt, Oostelijk Havengebied",
    "source": "Gemeente Amsterdam – civiele constructies (open data)",
    "source_url": "https://api.data.amsterdam.nl/v1/civieleconstructies/brug/"
   }
  },
  {
   "type": "Feature",
   "geometry": {
    "type": "Point",
    "coordinates": [
     4.88648,
     52.352234
    ]
   },
   "properties": {
    "name": "Ceintuurbrug",
    "object_number": "BRU0116",
    "bridge_type": "Fixed bridge",
    "material": "Staal",
    "manager": "Gemeente",
    "manager_area": "Oud-Zuid",
    "source": "Gemeente Amsterdam – civiele constructies (open data)",
    "source_url": "https://api.data.amsterdam.nl/v1/civieleconstructies/brug/"
   }
  },
  {
   "type": "Feature",
   "geometry": {
    "type": "Point",
    "coordinates": [
     4.876353,
     52.37237
    ]
   },
   "properties": {
    "name": "BRU0117",
    "object_number": "BRU0117",
    "bridge_type": "Fixed bridge",
    "material": "Staal",
    "manager": "Gemeente",
    "manager_area": "Centrum-West",
    "source": "Gemeente Amsterdam – civiele constructies (open data)",
    "source_url": "https://api.data.amsterdam.nl/v1/civieleconstructies/brug/"
   }
  },
  {
   "type": "Feature",
   "geometry": {
    "type": "Point",
    "coordinates": [
     4.876953,
     52.373934
    ]
   },
   "properties": {
    "name": "BRU0118",
    "object_number": "BRU0118",
    "bridge_type": "Fixed bridge",
    "material": "Staal",
    "manager": "Gemeente",
    "manager_area": "Centrum-West",
    "source": "Gemeente Amsterdam – civiele constructies (open data)",
    "source_url": "https://api.data.amsterdam.nl/v1/civieleconstructies/brug/"
   }
  },
  {
   "type": "Feature",
   "geometry": {
    "type": "Point",
    "coordinates": [
     4.877098,
     52.373845
    ]
   },
   "properties": {
    "name": "BRU0119",
    "object_number": "BRU0119",
    "bridge_type": "Fixed bridge",
    "material": "Staal",
    "manager": "Gemeente",
    "manager_area": "Centrum-West",
    "source": "Gemeente Amsterdam – civiele constructies (open data)",
    "source_url": "https://api.data.amsterdam.nl/v1/civieleconstructies/brug/"
   }
  },
  {
   "type": "Feature",
   "geometry": {
    "type": "Point",
    "coordinates": [
     4.879262,
     52.374359
    ]
   },
   "properties": {
    "name": "Atlas Maiorbrug",
    "object_number": "BRU0120",
    "bridge_type": "Fixed bridge",
    "material": "Staal",
    "manager": "Gemeente",
    "manager_area": "Centrum-West",
    "source": "Gemeente Amsterdam – civiele constructies (open data)",
    "source_url": "https://api.data.amsterdam.nl/v1/civieleconstructies/brug/"
   }
  },
  {
   "type": "Feature",
   "geometry": {
    "type": "Point",
    "coordinates": [
     4.881173,
     52.3748
    ]
   },
   "properties": {
    "name": "Rosa Overbeekbrug",
    "object_number": "BRU0121",
    "bridge_type": "Fixed bridge",
    "material": "Staal",
    "manager": "Gemeente",
    "manager_area": "Centrum-West",
    "source": "Gemeente Amsterdam – civiele constructies (open data)",
    "source_url": "https://api.data.amsterdam.nl/v1/civieleconstructies/brug/"
   }
  },
  {
   "type": "Feature",
   "geometry": {
    "type": "Point",
    "coordinates": [
     4.883004,
     52.366254
    ]
   },
   "properties": {
    "name": "Beudekerbrug",
    "object_number": "BRU0122",
    "bridge_type": "Fixed bridge",
    "material": "Staal",
    "manager": "Gemeente",
    "manager_area": "Centrum-West",
    "source": "Gemeente Amsterdam – civiele constructies (open data)",
    "source_url": "https://api.data.amsterdam.nl/v1/civieleconstructies/brug/"
   }
  },
  {
   "type": "Feature",
   "geometry": {
    "type": "Point",
    "coordinates": [
     4.883272,
     52.375226
    ]
   },
   "properties": {
    "name": "Kees de Jongenbrug",
    "object_number": "BRU0123",
    "bridge_type": "Fixed bridge",
    "material": "Staal",
    "manager": "Gemeente",
    "manager_area": "Centrum-West",
    "source": "Gemeente Amsterdam – civiele constructies (open data)",
    "source_url": "https://api.data.amsterdam.nl/v1/civieleconstructies/brug/"
   }
  },
  {
   "type": "Feature",
   "geometry": {
    "type": "Point",
    "coordinates": [
     4.884531,
     52.376592
    ]
   },
   "properties": {
    "name": "Pansemertbrug",
    "object_number": "BRU0124",
    "bridge_type": "Fixed bridge",
    "material": "Staal",
    "manager": "Gemeente",
    "manager_area": "Centrum-West",
    "source": "Gemeente Amsterdam – civiele constructies (open data)",
    "source_url": "https://api.data.amsterdam.nl/v1/civieleconstructies/brug/"
   }
  },
  {
   "type": "Feature",
   "geometry": {
    "type": "Point",
    "coordinates": [
     4.882434,
     52.37618
    ]
   },
   "properties": {
    "name": "Hilletjesbrug",
    "object_number": "BRU0125",
    "bridge_type": "Fixed bridge",
    "material": "Staal",
    "manager": "Gemeente",
    "manager_area": "Centrum-West",
    "source": "Gemeente Amsterdam – civiele constructies (open data)",
    "source_url": "https://api.data.amsterdam.nl/v1/civieleconstructies/brug/"
   }
  },
  {
   "type": "Feature",
   "geometry": {
    "type": "Point",
    "coordinates": [
     4.880564,
     52.375798
    ]
   },
   "properties": {
    "name": "BRU0126",
    "object_number": "BRU0126",
    "bridge_type": "Fixed bridge",
    "material": "Staal",
    "manager": "Gemeente",
    "manager_area": "Centrum-West",
    "source": "Gemeente Amsterdam – civiele constructies (open data)",
    "source_url": "https://api.data.amsterdam.nl/v1/civieleconstructies/brug/"
   }
  },
  {
   "type": "Feature",
   "geometry": {
    "type": "Point",
    "coordinates": [
     4.877781,
     52.375217
    ]
   },
   "properties": {
    "name": "BRU0127",
    "object_number": "BRU0127",
    "bridge_type": "Fixed bridge",
    "material": "Staal",
    "manager": "Gemeente",
    "manager_area": "Centrum-West",
    "source": "Gemeente Amsterdam – civiele constructies (open data)",
    "source_url": "https://api.data.amsterdam.nl/v1/civieleconstructies/brug/"
   }
  },
  {
   "type": "Feature",
   "geometry": {
    "type": "Point",
    "coordinates": [
     4.879201,
     52.377697
    ]
   },
   "properties": {
    "name": "Berta de Vriesbrug",
    "object_number": "BRU0128",
    "bridge_type": "Fixed bridge",
    "material": "Staal",
    "manager": "Gemeente",
    "manager_area": "Centrum-West",
    "source": "Gemeente Amsterdam – civiele constructies (open data)",
    "source_url": "https://api.data.amsterdam.nl/v1/civieleconstructies/brug/"
   }
  },
  {
   "type": "Feature",
   "geometry": {
    "type": "Point",
    "coordinates": [
     4.857403,
     52.368465
    ]
   },
   "properties": {
    "name": "Groentepraambrug",
    "object_number": "BRU0129",
    "bridge_type": "Fixed bridge",
    "material": "Staal",
    "manager": "Gemeente",
    "manager_area": "Oud-West, De Baarsjes",
    "source": "Gemeente Amsterdam – civiele constructies (open data)",
    "source_url": "https://api.data.amsterdam.nl/v1/civieleconstructies/brug/"
   }
  },
  {
   "type": "Feature",
   "geometry": {
    "type": "Point",
    "coordinates": [
     4.878254,
     52.376272
    ]
   },
   "properties": {
    "name": "BRU0130",
    "object_number": "BRU0130",
    "bridge_type": "Fixed bridge",
    "material": "Staal",
    "manager": "Gemeente",
    "manager_area": "Centrum-West",
    "source": "Gemeente Amsterdam – civiele constructies (open data)",
    "source_url": "https://api.data.amsterdam.nl/v1/civieleconstructies/brug/"
   }
  },
  {
   "type": "Feature",
   "geometry": {
    "type": "Point",
    "coordinates": [
     4.915083,
     52.361766
    ]
   },
   "properties": {
    "name": "Dorelies Kraakmanbrug",
    "object_number": "BRU0131",
    "bridge_type": "Fixed bridge",
    "material": "Staal",
    "manager": "Gemeente",
    "manager_area": "Oud-Oost",
    "source": "Gemeente Amsterdam – civiele constructies (open data)",
    "source_url": "https://api.data.amsterdam.nl/v1/civieleconstructies/brug/"
   }
  },
  {
   "type": "Feature",
   "geometry": {
    "type": "Point",
    "coordinates": [
     4.873764,
     52.381011
    ]
   },
   "properties": {
    "name": "BRU0132",
    "object_number": "BRU0132",
    "bridge_type": "Fixed bridge",
    "material": "Staal",
    "manager": "Gemeente",
    "manager_area": "Westerpark",
    "source": "Gemeente Amsterdam – civiele constructies (open data)",
    "source_url": "https://api.data.amsterdam.nl/v1/civieleconstructies/brug/"
   }
  },
  {
   "type": "Feature",
   "geometry": {
    "type": "Point",
    "coordinates": [
     4.868267,
     52.370505
    ]
   },
   "properties": {
    "name": "Ritsaert ten Catebrug",
    "object_number": "BRU0135",
    "bridge_type": "Fixed bridge",
    "material": "Staal",
    "manager": "Gemeente",
    "manager_area": "Oud-West, De Baarsjes",
    "source": "Gemeente Amsterdam – civiele constructies (open data)",
    "source_url": "https://api.data.amsterdam.nl/v1/civieleconstructies/brug/"
   }
  },
  {
   "type": "Feature",
   "geometry": {
    "type": "Point",
    "coordinates": [
     4.886773,
     52.35461
    ]
   },
   "properties": {
    "name": "Diamantbrug",
    "object_number": "BRU0137",
    "bridge_type": "Fixed bridge",
    "material": "Staal",
    "manager": "Gemeente",
    "manager_area": "De Pijp, Rivierenbuurt",
    "source": "Gemeente Amsterdam – civiele constructies (open data)",
    "source_url": "https://api.data.amsterdam.nl/v1/civieleconstructies/brug/"
   }
  },
  {
   "type": "Feature",
   "geometry": {
    "type": "Point",
    "coordinates": [
     4.872363,
     52.369299
    ]
   },
   "properties": {
    "name": "Jacobus Craandijkbrug",
    "object_number": "BRU0138",
    "bridge_type": "Fixed bridge",
    "material": "Staal",
    "manager": "Gemeente",
    "manager_area": "Oud-West, De Baarsjes",
    "source": "Gemeente Amsterdam – civiele constructies (open data)",
    "source_url": "https://api.data.amsterdam.nl/v1/civieleconstructies/brug/"
   }
  },
  {
   "type": "Feature",
   "geometry": {
    "type": "Point",
    "coordinates": [
     4.877075,
     52.383192
    ]
   },
   "properties": {
    "name": "Staatsliedenbrug",
    "object_number": "BRU0139",
    "bridge_type": "Fixed bridge",
    "material": "Staal",
    "manager": "Gemeente",
    "manager_area": "Westerpark",
    "source": "Gemeente Amsterdam – civiele constructies (open data)",
    "source_url": "https://api.data.amsterdam.nl/v1/civieleconstructies/brug/"
   }
  },
  {
   "type": "Feature",
   "geometry": {
    "type": "Point",
    "coordinates": [
     4.863787,
     52.363075
    ]
   },
   "properties": {
    "name": "Jean Dulieubrug",
    "object_number": "BRU0140",
    "bridge_type": "Fixed bridge",
    "material": "Staal",
    "manager": "Gemeente",
    "manager_area": "Oud-West, De Baarsjes",
    "source": "Gemeente Amsterdam – civiele constructies (open data)",
    "source_url": "https://api.data.amsterdam.nl/v1/civieleconstructies/brug/"
   }
  },
  {
   "type": "Feature",
   "geometry": {
    "type": "Point",
    "coordinates": [
     4.881156,
     52.380787
    ]
   },
   "properties": {
    "name": "BRU0142",
    "object_number": "BRU0142",
    "bridge_type": "Movable bridge",
    "material": "Staal",
    "manager": "Gemeente",
    "manager_area": "Centrum-West",
    "source": "Gemeente Amsterdam – civiele constructies (open data)",
    "source_url": "https://api.data.amsterdam.nl/v1/civieleconstructies/brug/"
   }
  },
  {
   "type": "Feature",
   "geometry": {
    "type": "Point",
    "coordinates": [
     4.886747,
     52.353449
    ]
   },
   "properties": {
    "name": "Korrelbrug",
    "object_number": "BRU0143",
    "bridge_type": "Fixed bridge",
    "material": "Staal",
    "manager": "Gemeente",
    "manager_area": "Oud-Zuid",
    "source": "Gemeente Amsterdam – civiele constructies (open data)",
    "source_url": "https://api.data.amsterdam.nl/v1/civieleconstructies/brug/"
   }
  },
  {
   "type": "Feature",
   "geometry": {
    "type": "Point",
    "coordinates": [
     4.860103,
     52.362179
    ]
   },
   "properties": {
    "name": "Cornelis Ritterbrug",
    "object_number": "BRU0145",
    "bridge_type": "Fixed bridge",
    "material": "Staal",
    "manager": "Gemeente",
    "manager_area": "Oud-West, De Baarsjes",
    "source": "Gemeente Amsterdam – civiele constructies (open data)",
    "source_url": "https://api.data.amsterdam.nl/v1/civieleconstructies/brug/"
   }
  },
  {
   "type": "Feature",
   "geometry": {
    "type": "Point",
    "coordinates": [
     4.886333,
     52.381705
    ]
   },
   "properties": {
    "name": "Oranjebrug",
    "object_number": "BRU0146",
    "bridge_type": "Movable bridge",
    "material": "Hout",
    "manager": "Gemeente",
    "manager_area": "Centrum-West",
    "source": "Gemeente Amsterdam – civiele constructies (open data)",
    "source_url": "https://api.data.amsterdam.nl/v1/civieleconstructies/brug/"
   }
  },
  {
   "type": "Feature",
   "geometry": {
    "type": "Point",
    "coordinates": [
     4.896834,
     52.381162
    ]
   },
   "properties": {
    "name": "Westertoegang",
    "object_number": "BRU0147",
    "bridge_type": "Fixed bridge",
    "material": "Staal",
    "manager": "Gemeente",
    "manager_area": "Centrum-West",
    "source": "Gemeente Amsterdam – civiele constructies (open data)",
    "source_url": "https://api.data.amsterdam.nl/v1/civieleconstructies/brug/"
   }
  },
  {
   "type": "Feature",
   "geometry": {
    "type": "Point",
    "coordinates": [
     4.884853,
     52.382536
    ]
   },
   "properties": {
    "name": "BRU0148",
    "object_number": "BRU0148",
    "bridge_type": "Movable bridge",
    "material": "Hout",
    "manager": "Gemeente",
    "manager_area": "Centrum-West",
    "source": "Gemeente Amsterdam – civiele constructies (open data)",
    "source_url": "https://api.data.amsterdam.nl/v1/civieleconstructies/brug/"
   }
  },
  {
   "type": "Feature",
   "geometry": {
    "type": "Point",
    "coordinates": [
     4.88261,
     52.383893
    ]
   },
   "properties": {
    "name": "Bullebak",
    "object_number": "BRU0149",
    "bridge_type": "Movable bridge",
    "material": "Hout",
    "manager": "Gemeente",
    "manager_area": "Centrum-West",
    "source": "Gemeente Amsterdam – civiele constructies (open data)",
    "source_url": "https://api.data.amsterdam.nl/v1/civieleconstructies/brug/"
   }
  },
  {
   "type": "Feature",
   "geometry": {
    "type": "Point",
    "coordinates": [
     4.87978,
     52.381434
    ]
   },
   "properties": {
    "name": "Rotterdammerbrug",
    "object_number": "BRU0150",
    "bridge_type": "Fixed bridge",
    "material": "Staal",
    "manager": "Gemeente",
    "manager_area": "Centrum-West",
    "source": "Gemeente Amsterdam – civiele constructies (open data)",
    "source_url": "https://api.data.amsterdam.nl/v1/civieleconstructies/brug/"
   }
  },
  {
   "type": "Feature",
   "geometry": {
    "type": "Point",
    "coordinates": [
     4.882142,
     52.384908
    ]
   },
   "properties": {
    "name": "Willemsbrug",
    "object_number": "BRU0151",
    "bridge_type": "Movable bridge",
    "material": "Staal",
    "manager": "Gemeente",
    "manager_area": "Westerpark",
    "source": "Gemeente Amsterdam – civiele constructies (open data)",
    "source_url": "https://api.data.amsterdam.nl/v1/civieleconstructies/brug/"
   }
  },
  {
   "type": "Feature",
   "geometry": {
    "type": "Point",
    "coordinates": [
     4.881468,
     52.385664
    ]
   },
   "properties": {
    "name": "Mirakelbrug",
    "object_number": "BRU0152",
    "bridge_type": "Fixed bridge",
    "material": "Beton",
    "manager": "Gemeente",
    "manager_area": "Westerpark",
    "source": "Gemeente Amsterdam – civiele constructies (open data)",
    "source_url": "https://api.data.amsterdam.nl/v1/civieleconstructies/brug/"
   }
  },
  {
   "type": "Feature",
   "geometry": {
    "type": "Point",
    "coordinates": [
     4.879048,
     52.381819
    ]
   },
   "properties": {
    "name": "Kattenslootbrug",
    "object_number": "BRU0155",
    "bridge_type": "Movable bridge",
    "material": "Staal",
    "manager": "Gemeente",
    "manager_area": "Westerpark",
    "source": "Gemeente Amsterdam – civiele constructies (open data)",
    "source_url": "https://api.data.amsterdam.nl/v1/civieleconstructies/brug/"
   }
  },
  {
   "type": "Feature",
   "geometry": {
    "type": "Point",
    "coordinates": [
     4.876895,
     52.370384
    ]
   },
   "properties": {
    "name": "Groentemarktbrug",
    "object_number": "BRU0156",
    "bridge_type": "Fixed bridge",
    "material": "Staal",
    "manager": "Gemeente",
    "manager_area": "Centrum-West",
    "source": "Gemeente Amsterdam – civiele constructies (open data)",
    "source_url": "https://api.data.amsterdam.nl/v1/civieleconstructies/brug/"
   }
  },
  {
   "type": "Feature",
   "geometry": {
    "type": "Point",
    "coordinates": [
     4.876242,
     52.373751
    ]
   },
   "properties": {
    "name": "Bullebakssluis",
    "object_number": "BRU0160",
    "bridge_type": "Fixed bridge",
    "material": "Staal",
    "manager": "Gemeente",
    "manager_area": "Centrum-West",
    "source": "Gemeente Amsterdam – civiele constructies (open data)",
    "source_url": "https://api.data.amsterdam.nl/v1/civieleconstructies/brug/"
   }
  },
  {
   "type": "Feature",
   "geometry": {
    "type": "Point",
    "coordinates": [
     4.878178,
     52.378499
    ]
   },
   "properties": {
    "name": "Zaagpoort",
    "object_number": "BRU0161",
    "bridge_type": "Fixed bridge",
    "material": "Staal",
    "manager": "Gemeente",
    "manager_area": "Westerpark",
    "source": "Gemeente Amsterdam – civiele constructies (open data)",
    "source_url": "https://api.data.amsterdam.nl/v1/civieleconstructies/brug/"
   }
  },
  {
   "type": "Feature",
   "geometry": {
    "type": "Point",
    "coordinates": [
     4.84739,
     52.375467
    ]
   },
   "properties": {
    "name": "Saïdja en Adindabrug",
    "object_number": "BRU0162",
    "bridge_type": "Fixed bridge",
    "material": "Staal",
    "manager": "Gemeente",
    "manager_area": "Bos en Lommer",
    "source": "Gemeente Amsterdam – civiele constructies (open data)",
    "source_url": "https://api.data.amsterdam.nl/v1/civieleconstructies/brug/"
   }
  },
  {
   "type": "Feature",
   "geometry": {
    "type": "Point",
    "coordinates": [
     4.938511,
     52.375447
    ]
   },
   "properties": {
    "name": "Blauwehoofdbrug",
    "object_number": "BRU0163",
    "bridge_type": "Fixed bridge",
    "material": "Staal",
    "manager": "Gemeente",
    "manager_area": "Indische Buurt, Oostelijk Havengebied",
    "source": "Gemeente Amsterdam – civiele constructies (open data)",
    "source_url": "https://api.data.amsterdam.nl/v1/civieleconstructies/brug/"
   }
  },
  {
   "type": "Feature",
   "geometry": {
    "type": "Point",
    "coordinates": [
     4.869534,
     52.368602
    ]
   },
   "properties": {
    "name": "Smederij Meisterbrug",
    "object_number": "BRU0164",
    "bridge_type": "Fixed bridge",
    "material": "Staal",
    "manager": "Gemeente",
    "manager_area": "Oud-West, De Baarsjes",
    "source": "Gemeente Amsterdam – civiele constructies (open data)",
    "source_url": "https://api.data.amsterdam.nl/v1/civieleconstructies/brug/"
   }
  },
  {
   "type": "Feature",
   "geometry": {
    "type": "Point",
    "coordinates": [
     4.87549,
     52.374093
    ]
   },
   "properties": {
    "name": "Raampoort",
    "object_number": "BRU0165",
    "bridge_type": "Fixed bridge",
    "material": "Staal",
    "manager": "Gemeente",
    "manager_area": "Westerpark",
    "source": "Gemeente Amsterdam – civiele constructies (open data)",
    "source_url": "https://api.data.amsterdam.nl/v1/civieleconstructies/brug/"
   }
  },
  {
   "type": "Feature",
   "geometry": {
    "type": "Point",
    "coordinates": [
     4.874913,
     52.373313
    ]
   },
   "properties": {
    "name": "BRU0166",
    "object_number": "BRU0166",
    "bridge_type": "Fixed bridge",
    "material": "Staal",
    "manager": "Gemeente",
    "manager_area": "Westerpark",
    "source": "Gemeente Amsterdam – civiele constructies (open data)",
    "source_url": "https://api.data.amsterdam.nl/v1/civieleconstructies/brug/"
   }
  },
  {
   "type": "Feature",
   "geometry": {
    "type": "Point",
    "coordinates": [
     4.87451,
     52.371902
    ]
   },
   "properties": {
    "name": "Rijckerbrug",
    "object_number": "BRU0167",
    "bridge_type": "Fixed bridge",
    "material": "Staal",
    "manager": "Gemeente",
    "manager_area": "Centrum-West",
    "source": "Gemeente Amsterdam – civiele constructies (open data)",
    "source_url": "https://api.data.amsterdam.nl/v1/civieleconstructies/brug/"
   }
  },
  {
   "type": "Feature",
   "geometry": {
    "type": "Point",
    "coordinates": [
     4.876808,
     52.368492
    ]
   },
   "properties": {
    "name": "Oude Kinkerbrug",
    "object_number": "BRU0169",
    "bridge_type": "Fixed bridge",
    "material": "Staal",
    "manager": "Gemeente",
    "manager_area": "Oud-West, De Baarsjes",
    "source": "Gemeente Amsterdam – civiele constructies (open data)",
    "source_url": "https://api.data.amsterdam.nl/v1/civieleconstructies/brug/"
   }
  },
  {
   "type": "Feature",
   "geometry": {
    "type": "Point",
    "coordinates": [
     4.878239,
     52.366231
    ]
   },
   "properties": {
    "name": "Koekjesbrug",
    "object_number": "BRU0170",
    "bridge_type": "Fixed bridge",
    "material": "Staal",
    "manager": "Gemeente",
    "manager_area": "Centrum-West",
    "source": "Gemeente Amsterdam – civiele constructies (open data)",
    "source_url": "https://api.data.amsterdam.nl/v1/civieleconstructies/brug/"
   }
  },
  {
   "type": "Feature",
   "geometry": {
    "type": "Point",
    "coordinates": [
     4.872948,
     52.379006
    ]
   },
   "properties": {
    "name": "BRU0171",
    "object_number": "BRU0171",
    "bridge_type": "Movable bridge",
    "material": "Staal",
    "manager": "Gemeente",
    "manager_area": "Westerpark",
    "source": "Gemeente Amsterdam – civiele constructies (open data)",
    "source_url": "https://api.data.amsterdam.nl/v1/civieleconstructies/brug/"
   }
  },
  {
   "type": "Feature",
   "geometry": {
    "type": "Point",
    "coordinates": [
     4.865007,
     52.370105
    ]
   },
   "properties": {
    "name": "Wiegbrug",
    "object_number": "BRU0173",
    "bridge_type": "Movable bridge",
    "material": "Staal",
    "manager": "Gemeente",
    "manager_area": "Oud-West, De Baarsjes",
    "source": "Gemeente Amsterdam – civiele constructies (open data)",
    "source_url": "https://api.data.amsterdam.nl/v1/civieleconstructies/brug/"
   }
  },
  {
   "type": "Feature",
   "geometry": {
    "type": "Point",
    "coordinates": [
     4.881251,
     52.363237
    ]
   },
   "properties": {
    "name": "Leidsebrug",
    "object_number": "BRU0174",
    "bridge_type": "Fixed bridge",
    "material": "Staal",
    "manager": "Gemeente",
    "manager_area": "Centrum-Oost",
    "source": "Gemeente Amsterdam – civiele constructies (open data)",
    "source_url": "https://api.data.amsterdam.nl/v1/civieleconstructies/brug/"
   }
  },
  {
   "type": "Feature",
   "geometry": {
    "type": "Point",
    "coordinates": [
     4.880202,
     52.365253
    ]
   },
   "properties": {
    "name": "Wim Sonneveldbrug",
    "object_number": "BRU0175",
    "bridge_type": "Fixed bridge",
    "material": "Staal",
    "manager": "Gemeente",
    "manager_area": "Centrum-Oost",
    "source": "Gemeente Amsterdam – civiele constructies (open data)",
    "source_url": "https://api.data.amsterdam.nl/v1/civieleconstructies/brug/"
   }
  },
  {
   "type": "Feature",
   "geometry": {
    "type": "Point",
    "coordinates": [
     4.887047,
     52.35999
    ]
   },
   "properties": {
    "name": "Judith Leysterbrug",
    "object_number": "BRU0176",
    "bridge_type": "Fixed bridge",
    "material": "Staal",
    "manager": "Gemeente",
    "manager_area": "Oud-Zuid",
    "source": "Gemeente Amsterdam – civiele constructies (open data)",
    "source_url": "https://api.data.amsterdam.nl/v1/civieleconstructies/brug/"
   }
  },
  {
   "type": "Feature",
   "geometry": {
    "type": "Point",
    "coordinates": [
     4.906975,
     52.391776
    ]
   },
   "properties": {
    "name": "Wasknijper",
    "object_number": "BRU0177",
    "bridge_type": "Movable bridge",
    "material": "Hout",
    "manager": "Gemeente",
    "manager_area": "Oud-Noord",
    "source": "Gemeente Amsterdam – civiele constructies (open data)",
    "source_url": "https://api.data.amsterdam.nl/v1/civieleconstructies/brug/"
   }
  },
  {
   "type": "Feature",
   "geometry": {
    "type": "Point",
    "coordinates": [
     4.877155,
     52.36668
    ]
   },
   "properties": {
    "name": "Osdorperbrug",
    "object_number": "BRU0178",
    "bridge_type": "Fixed bridge",
    "material": "Staal",
    "manager": "Gemeente",
    "manager_area": "Oud-West, De Baarsjes",
    "source": "Gemeente Amsterdam – civiele constructies (open data)",
    "source_url": "https://api.data.amsterdam.nl/v1/civieleconstructies/brug/"
   }
  },
  {
   "type": "Feature",
   "geometry": {
    "type": "Point",
    "coordinates": [
     4.8667,
     52.363759
    ]
   },
   "properties": {
    "name": "Hennetjesbrug",
    "object_number": "BRU0179",
    "bridge_type": "Fixed bridge",
    "material": "Staal",
    "manager": "Gemeente",
    "manager_area": "Oud-West, De Baarsjes",
    "source": "Gemeente Amsterdam – civiele constructies (open data)",
    "source_url": "https://api.data.amsterdam.nl/v1/civieleconstructies/brug/"
   }
  },
  {
   "type": "Feature",
   "geometry": {
    "type": "Point",
    "coordinates": [
     4.874317,
     52.366557
    ]
   },
   "properties": {
    "name": "Abdellah Zakibrug",
    "object_number": "BRU0180",
    "bridge_type": "Fixed bridge",
    "material": "Staal",
    "manager": "Gemeente",
    "manager_area": "Oud-West, De Baarsjes",
    "source": "Gemeente Amsterdam – civiele constructies (open data)",
    "source_url": "https://api.data.amsterdam.nl/v1/civieleconstructies/brug/"
   }
  },
  {
   "type": "Feature",
   "geometry": {
    "type": "Point",
    "coordinates": [
     4.873335,
     52.365538
    ]
   },
   "properties": {
    "name": "Pesthuysbrug",
    "object_number": "BRU0181",
    "bridge_type": "Fixed bridge",
    "material": "Staal",
    "manager": "Gemeente",
    "manager_area": "Oud-West, De Baarsjes",
    "source": "Gemeente Amsterdam – civiele constructies (open data)",
    "source_url": "https://api.data.amsterdam.nl/v1/civieleconstructies/brug/"
   }
  },
  {
   "type": "Feature",
   "geometry": {
    "type": "Point",
    "coordinates": [
     4.864648,
     52.385452
    ]
   },
   "properties": {
    "name": "BRU0182",
    "object_number": "BRU0182",
    "bridge_type": "Fixed bridge",
    "material": "Staal",
    "manager": "Gemeente",
    "manager_area": "Westerpark",
    "source": "Gemeente Amsterdam – civiele constructies (open data)",
    "source_url": "https://api.data.amsterdam.nl/v1/civieleconstructies/brug/"
   }
  },
  {
   "type": "Feature",
   "geometry": {
    "type": "Point",
    "coordinates": [
     4.873565,
     52.36765
    ]
   },
   "properties": {
    "name": "BRU0183",
    "object_number": "BRU0183",
    "bridge_type": "Fixed bridge",
    "material": "Staal",
    "manager": "Gemeente",
    "manager_area": "Oud-West, De Baarsjes",
    "source": "Gemeente Amsterdam – civiele constructies (open data)",
    "source_url": "https://api.data.amsterdam.nl/v1/civieleconstructies/brug/"
   }
  },
  {
   "type": "Feature",
   "geometry": {
    "type": "Point",
    "coordinates": [
     4.871529,
     52.365801
    ]
   },
   "properties": {
    "name": "Belle van Zuylenbrug",
    "object_number": "BRU0184",
    "bridge_type": "Fixed bridge",
    "material": "Staal",
    "manager": "Gemeente",
    "manager_area": "Oud-West, De Baarsjes",
    "source": "Gemeente Amsterdam – civiele constructies (open data)",
    "source_url": "https://api.data.amsterdam.nl/v1/civieleconstructies/brug/"
   }
  },
  {
   "type": "Feature",
   "geometry": {
    "type": "Point",
    "coordinates": [
     4.857883,
     52.364239
    ]
   },
   "properties": {
    "name": "Arend Westermanbrug",
    "object_number": "BRU0186",
    "bridge_type": "Fixed bridge",
    "material": "Staal",
    "manager": "Gemeente",
    "manager_area": "Oud-West, De Baarsjes",
    "source": "Gemeente Amsterdam – civiele constructies (open data)",
    "source_url": "https://api.data.amsterdam.nl/v1/civieleconstructies/brug/"
   }
  },
  {
   "type": "Feature",
   "geometry": {
    "type": "Point",
    "coordinates": [
     4.911932,
     52.361275
    ]
   },
   "properties": {
    "name": "Dr. Samuel de Ranitzbrug",
    "object_number": "BRU0187",
    "bridge_type": "Fixed bridge",
    "material": "Staal",
    "manager": "Gemeente",
    "manager_area": "Centrum-Oost",
    "source": "Gemeente Amsterdam – civiele constructies (open data)",
    "source_url": "https://api.data.amsterdam.nl/v1/civieleconstructies/brug/"
   }
  },
  {
   "type": "Feature",
   "geometry": {
    "type": "Point",
    "coordinates": [
     4.928231,
     52.355335
    ]
   },
   "properties": {
    "name": "Oetewalerbrug",
    "object_number": "BRU0189",
    "bridge_type": "Fixed bridge",
    "material": "Staal",
    "manager": "Gemeente",
    "manager_area": "Watergraafsmeer",
    "source": "Gemeente Amsterdam – civiele constructies (open data)",
    "source_url": "https://api.data.amsterdam.nl/v1/civieleconstructies/brug/"
   }
  },
  {
   "type": "Feature",
   "geometry": {
    "type": "Point",
    "coordinates": [
     4.940918,
     52.358414
    ]
   },
   "properties": {
    "name": "Hartmanbrug",
    "object_number": "BRU0190",
    "bridge_type": "Fixed bridge",
    "material": "Staal",
    "manager": "Gemeente",
    "manager_area": "Indische Buurt, Oostelijk Havengebied",
    "source": "Gemeente Amsterdam – civiele constructies (open data)",
    "source_url": "https://api.data.amsterdam.nl/v1/civieleconstructies/brug/"
   }
  },
  {
   "type": "Feature",
   "geometry": {
    "type": "Point",
    "coordinates": [
     4.874828,
     52.385633
    ]
   },
   "properties": {
    "name": "Westergasbrug",
    "object_number": "BRU0193",
    "bridge_type": "Movable bridge",
    "material": "Hout",
    "manager": "Gemeente",
    "manager_area": "Westerpark",
    "source": "Gemeente Amsterdam – civiele constructies (open data)",
    "source_url": "https://api.data.amsterdam.nl/v1/civieleconstructies/brug/"
   }
  },
  {
   "type": "Feature",
   "geometry": {
    "type": "Point",
    "coordinates": [
     4.952927,
     52.357892
    ]
   },
   "properties": {
    "name": "Henrietta Leavittbrug",
    "object_number": "BRU0195",
    "bridge_type": "Fixed bridge",
    "material": "Staal",
    "manager": "Gemeente",
    "manager_area": "Watergraafsmeer",
    "source": "Gemeente Amsterdam – civiele constructies (open data)",
    "source_url": "https://api.data.amsterdam.nl/v1/civieleconstructies/brug/"
   }
  },
  {
   "type": "Feature",
   "geometry": {
    "type": "Point",
    "coordinates": [
     4.854802,
     52.357869
    ]
   },
   "properties": {
    "name": "Overtoomsesluis",
    "object_number": "BRU0199",
    "bridge_type": "Movable bridge",
    "material": "Staal",
    "manager": "Gemeente",
    "manager_area": "Oud-West, De Baarsjes",
    "source": "Gemeente Amsterdam – civiele constructies (open data)",
    "source_url": "https://api.data.amsterdam.nl/v1/civieleconstructies/brug/"
   }
  },
  {
   "type": "Feature",
   "geometry": {
    "type": "Point",
    "coordinates": [
     4.894279,
     52.369355
    ]
   },
   "properties": {
    "name": "Sleutelbrug",
    "object_number": "BRU0201",
    "bridge_type": "Fixed bridge",
    "material": "Metselwerk",
    "manager": "Gemeente",
    "manager_area": "Centrum-West",
    "source": "Gemeente Amsterdam – civiele constructies (open data)",
    "source_url": "https://api.data.amsterdam.nl/v1/civieleconstructies/brug/"
   }
  },
  {
   "type": "Feature",
   "geometry": {
    "type": "Point",
    "coordinates": [
     4.892709,
     52.369112
    ]
   },
   "properties": {
    "name": "Grimnessesluis",
    "object_number": "BRU0202",
    "bridge_type": "Fixed bridge",
    "material": "Staal",
    "manager": "Gemeente",
    "manager_area": "Centrum-West",
    "source": "Gemeente Amsterdam – civiele constructies (open data)",
    "source_url": "https://api.data.amsterdam.nl/v1/civieleconstructies/brug/"
   }
  },
  {
   "type": "Feature",
   "geometry": {
    "type": "Point",
    "coordinates": [
     4.894778,
     52.37075
    ]
   },
   "properties": {
    "name": "Lommertbrug",
    "object_number": "BRU0203",
    "bridge_type": "Fixed bridge",
    "material": "Staal",
    "manager": "Gemeente",
    "manager_area": "Centrum-West",
    "source": "Gemeente Amsterdam – civiele constructies (open data)",
    "source_url": "https://api.data.amsterdam.nl/v1/civieleconstructies/brug/"
   }
  },
  {
   "type": "Feature",
   "geometry": {
    "type": "Point",
    "coordinates": [
     4.895866,
     52.371836
    ]
   },
   "properties": {
    "name": "Varkenssluis",
    "object_number": "BRU0204",
    "bridge_type": "Fixed bridge",
    "material": "Metselwerk",
    "manager": "Gemeente",
    "manager_area": "Centrum-West",
    "source": "Gemeente Amsterdam – civiele constructies (open data)",
    "source_url": "https://api.data.amsterdam.nl/v1/civieleconstructies/brug/"
   }
  },
  {
   "type": "Feature",
   "geometry": {
    "type": "Point",
    "coordinates": [
     4.89689,
     52.372679
    ]
   },
   "properties": {
    "name": "St. Jansbrug",
    "object_number": "BRU0205",
    "bridge_type": "Fixed bridge",
    "material": "Staal",
    "manager": "Gemeente",
    "manager_area": "Centrum-West",
    "source": "Gemeente Amsterdam – civiele constructies (open data)",
    "source_url": "https://api.data.amsterdam.nl/v1/civieleconstructies/brug/"
   }
  },
  {
   "type": "Feature",
   "geometry": {
    "type": "Point",
    "coordinates": [
     4.898448,
     52.373934
    ]
   },
   "properties": {
    "name": "Oudekerksbrug",
    "object_number": "BRU0206",
    "bridge_type": "Fixed bridge",
    "material": "Metselwerk",
    "manager": "Gemeente",
    "manager_area": "Centrum-West",
    "source": "Gemeente Amsterdam – civiele constructies (open data)",
    "source_url": "https://api.data.amsterdam.nl/v1/civieleconstructies/brug/"
   }
  },
  {
   "type": "Feature",
   "geometry": {
    "type": "Point",
    "coordinates": [
     4.899381,
     52.374748
    ]
   },
   "properties": {
    "name": "Liesdelsluis",
    "object_number": "BRU0207",
    "bridge_type": "Fixed bridge",
    "material": "Metselwerk",
    "manager": "Gemeente",
    "manager_area": "Centrum-West",
    "source": "Gemeente Amsterdam – civiele constructies (open data)",
    "source_url": "https://api.data.amsterdam.nl/v1/civieleconstructies/brug/"
   }
  },
  {
   "type": "Feature",
   "geometry": {
    "type": "Point",
    "coordinates": [
     4.900031,
     52.375372
    ]
   },
   "properties": {
    "name": "Armbrug",
    "object_number": "BRU0208",
    "bridge_type": "Fixed bridge",
    "material": "Staal",
    "manager": "Gemeente",
    "manager_area": "Centrum-West",
    "source": "Gemeente Amsterdam – civiele constructies (open data)",
    "source_url": "https://api.data.amsterdam.nl/v1/civieleconstructies/brug/"
   }
  },
  {
   "type": "Feature",
   "geometry": {
    "type": "Point",
    "coordinates": [
     4.90074,
     52.375158
    ]
   },
   "properties": {
    "name": "Vredenburgerbrug",
    "object_number": "BRU0209",
    "bridge_type": "Fixed bridge",
    "material": "Staal",
    "manager": "Gemeente",
    "manager_area": "Centrum-West",
    "source": "Gemeente Amsterdam – civiele constructies (open data)",
    "source_url": "https://api.data.amsterdam.nl/v1/civieleconstructies/brug/"
   }
  },
  {
   "type": "Feature",
   "geometry": {
    "type": "Point",
    "coordinates": [
     4.900157,
     52.374514
    ]
   },
   "properties": {
    "name": "Bet van Beerenbrug",
    "object_number": "BRU0210",
    "bridge_type": "Fixed bridge",
    "material": "Staal",
    "manager": "Gemeente",
    "manager_area": "Centrum-West",
    "source": "Gemeente Amsterdam – civiele constructies (open data)",
    "source_url": "https://api.data.amsterdam.nl/v1/civieleconstructies/brug/"
   }
  },
  {
   "type": "Feature",
   "geometry": {
    "type": "Point",
    "coordinates": [
     4.899282,
     52.373702
    ]
   },
   "properties": {
    "name": "Majoor Bosshardtbrug",
    "object_number": "BRU0211",
    "bridge_type": "Fixed bridge",
    "material": "Staal",
    "manager": "Gemeente",
    "manager_area": "Centrum-West",
    "source": "Gemeente Amsterdam – civiele constructies (open data)",
    "source_url": "https://api.data.amsterdam.nl/v1/civieleconstructies/brug/"
   }
  },
  {
   "type": "Feature",
   "geometry": {
    "type": "Point",
    "coordinates": [
     4.897808,
     52.372375
    ]
   },
   "properties": {
    "name": "Stoofbrug",
    "object_number": "BRU0214",
    "bridge_type": "Fixed bridge",
    "material": "Staal",
    "manager": "Gemeente",
    "manager_area": "Centrum-West",
    "source": "Gemeente Amsterdam – civiele constructies (open data)",
    "source_url": "https://api.data.amsterdam.nl/v1/civieleconstructies/brug/"
   }
  },
  {
   "type": "Feature",
   "geometry": {
    "type": "Point",
    "coordinates": [
     4.896899,
     52.371512
    ]
   },
   "properties": {
    "name": "Paulusbroederssluis",
    "object_number": "BRU0215",
    "bridge_type": "Fixed bridge",
    "material": "Staal",
    "manager": "Gemeente",
    "manager_area": "Centrum-West",
    "source": "Gemeente Amsterdam – civiele constructies (open data)",
    "source_url": "https://api.data.amsterdam.nl/v1/civieleconstructies/brug/"
   }
  },
  {
   "type": "Feature",
   "geometry": {
    "type": "Point",
    "coordinates": [
     4.895751,
     52.370277
    ]
   },
   "properties": {
    "name": "BRU0216",
    "object_number": "BRU0216",
    "bridge_type": "Fixed bridge",
    "material": "Metselwerk",
    "manager": "Gemeente",
    "manager_area": "Centrum-West",
    "source": "Gemeente Amsterdam – civiele constructies (open data)",
    "source_url": "https://api.data.amsterdam.nl/v1/civieleconstructies/brug/"
   }
  },
  {
   "type": "Feature",
   "geometry": {
    "type": "Point",
    "coordinates": [
     4.894881,
     52.369261
    ]
   },
   "properties": {
    "name": "BRU0218",
    "object_number": "BRU0218",
    "bridge_type": "Fixed bridge",
    "material": "Staal",
    "manager": "Gemeente",
    "manager_area": "Centrum-West",
    "source": "Gemeente Amsterdam – civiele constructies (open data)",
    "source_url": "https://api.data.amsterdam.nl/v1/civieleconstructies/brug/"
   }
  },
  {
   "type": "Feature",
   "geometry": {
    "type": "Point",
    "coordinates": [
     4.893843,
     52.367567
    ]
   },
   "properties": {
    "name": "Doelensluis",
    "object_number": "BRU0220",
    "bridge_type": "Fixed bridge",
    "material": "Staal",
    "manager": "Gemeente",
    "manager_area": "Centrum-West",
    "source": "Gemeente Amsterdam – civiele constructies (open data)",
    "source_url": "https://api.data.amsterdam.nl/v1/civieleconstructies/brug/"
   }
  },
  {
   "type": "Feature",
   "geometry": {
    "type": "Point",
    "coordinates": [
     4.895812,
     52.367324
    ]
   },
   "properties": {
    "name": "Halvemaansbrug",
    "object_number": "BRU0221",
    "bridge_type": "Fixed bridge",
    "material": "Staal",
    "manager": "Gemeente",
    "manager_area": "Centrum-Oost",
    "source": "Gemeente Amsterdam – civiele constructies (open data)",
    "source_url": "https://api.data.amsterdam.nl/v1/civieleconstructies/brug/"
   }
  },
  {
   "type": "Feature",
   "geometry": {
    "type": "Point",
    "coordinates": [
     4.896305,
     52.368368
    ]
   },
   "properties": {
    "name": "Aluminiumbrug",
    "object_number": "BRU0222",
    "bridge_type": "Movable bridge",
    "material": "Staal",
    "manager": "Gemeente",
    "manager_area": "Centrum-West",
    "source": "Gemeente Amsterdam – civiele constructies (open data)",
    "source_url": "https://api.data.amsterdam.nl/v1/civieleconstructies/brug/"
   }
  },
  {
   "type": "Feature",
   "geometry": {
    "type": "Point",
    "coordinates": [
     4.897699,
     52.369872
    ]
   },
   "properties": {
    "name": "Oost-Indische Huisbrug",
    "object_number": "BRU0223",
    "bridge_type": "Fixed bridge",
    "material": "Staal",
    "manager": "Gemeente",
    "manager_area": "Centrum-Oost",
    "source": "Gemeente Amsterdam – civiele constructies (open data)",
    "source_url": "https://api.data.amsterdam.nl/v1/civieleconstructies/brug/"
   }
  },
  {
   "type": "Feature",
   "geometry": {
    "type": "Point",
    "coordinates": [
     4.898749,
     52.370987
    ]
   },
   "properties": {
    "name": "Bushuissluis",
    "object_number": "BRU0224",
    "bridge_type": "Fixed bridge",
    "material": "Metselwerk",
    "manager": "Gemeente",
    "manager_area": "Centrum-Oost",
    "source": "Gemeente Amsterdam – civiele constructies (open data)",
    "source_url": "https://api.data.amsterdam.nl/v1/civieleconstructies/brug/"
   }
  },
  {
   "type": "Feature",
   "geometry": {
    "type": "Point",
    "coordinates": [
     4.89812,
     52.369923
    ]
   },
   "properties": {
    "name": "Seraphina van Brazieliëbrug",
    "object_number": "BRU0225",
    "bridge_type": "Fixed bridge",
    "material": "Staal",
    "manager": "Gemeente",
    "manager_area": "Centrum-Oost",
    "source": "Gemeente Amsterdam – civiele constructies (open data)",
    "source_url": "https://api.data.amsterdam.nl/v1/civieleconstructies/brug/"
   }
  },
  {
   "type": "Feature",
   "geometry": {
    "type": "Point",
    "coordinates": [
     4.898996,
     52.369669
    ]
   },
   "properties": {
    "name": "BRU0226",
    "object_number": "BRU0226",
    "bridge_type": "Fixed bridge",
    "material": "Metselwerk",
    "manager": "Gemeente",
    "manager_area": "Centrum-Oost",
    "source": "Gemeente Amsterdam – civiele constructies (open data)",
    "source_url": "https://api.data.amsterdam.nl/v1/civieleconstructies/brug/"
   }
  },
  {
   "type": "Feature",
   "geometry": {
    "type": "Point",
    "coordinates": [
     4.897672,
     52.368245
    ]
   },
   "properties": {
    "name": "Staalmeestersbrug",
    "object_number": "BRU0227",
    "bridge_type": "Movable bridge",
    "material": "Hout",
    "manager": "Gemeente",
    "manager_area": "Centrum-Oost",
    "source": "Gemeente Amsterdam – civiele constructies (open data)",
    "source_url": "https://api.data.amsterdam.nl/v1/civieleconstructies/brug/"
   }
  },
  {
   "type": "Feature",
   "geometry": {
    "type": "Point",
    "coordinates": [
     4.903463,
     52.37702
    ]
   },
   "properties": {
    "name": "Oudezijds Armsteeg",
    "object_number": "BRU0228",
    "bridge_type": "Fixed bridge",
    "material": "Gewapend beton",
    "manager": "Gemeente",
    "manager_area": "Centrum-West",
    "source": "Gemeente Amsterdam – civiele constructies (open data)",
    "source_url": "https://api.data.amsterdam.nl/v1/civieleconstructies/brug/"
   }
  },
  {
   "type": "Feature",
   "geometry": {
    "type": "Point",
    "coordinates": [
     4.898987,
     52.3681
    ]
   },
   "properties": {
    "name": "Ir. B. Bijvoetbrug",
    "object_number": "BRU0229",
    "bridge_type": "Fixed bridge",
    "material": "Staal",
    "manager": "Gemeente",
    "manager_area": "Centrum-Oost",
    "source": "Gemeente Amsterdam – civiele constructies (open data)",
    "source_url": "https://api.data.amsterdam.nl/v1/civieleconstructies/brug/"
   }
  },
  {
   "type": "Feature",
   "geometry": {
    "type": "Point",
    "coordinates": [
     4.900096,
     52.369445
    ]
   },
   "properties": {
    "name": "Theo Boschbrug",
    "object_number": "BRU0230",
    "bridge_type": "Fixed bridge",
    "material": "Staal",
    "manager": "Gemeente",
    "manager_area": "Centrum-Oost",
    "source": "Gemeente Amsterdam – civiele constructies (open data)",
    "source_url": "https://api.data.amsterdam.nl/v1/civieleconstructies/brug/"
   }
  },
  {
   "type": "Feature",
   "geometry": {
    "type": "Point",
    "coordinates": [
     4.85319,
     52.363563
    ]
   },
   "properties": {
    "name": "BRU0231",
    "object_number": "BRU0231",
    "bridge_type": "Fixed bridge",
    "material": "Staal",
    "manager": "Gemeente",
    "manager_area": "Oud-West, De Baarsjes",
    "source": "Gemeente Amsterdam – civiele constructies (open data)",
    "source_url": "https://api.data.amsterdam.nl/v1/civieleconstructies/brug/"
   }
  },
  {
   "type": "Feature",
   "geometry": {
    "type": "Point",
    "coordinates": [
     4.906298,
     52.366644
    ]
   },
   "properties": {
    "name": "Johan van Hulstbrug",
    "object_number": "BRU0233",
    "bridge_type": "Fixed bridge",
    "material": "Metselwerk",
    "manager": "Gemeente",
    "manager_area": "Centrum-Oost",
    "source": "Gemeente Amsterdam – civiele constructies (open data)",
    "source_url": "https://api.data.amsterdam.nl/v1/civieleconstructies/brug/"
   }
  },
  {
   "type": "Feature",
   "geometry": {
    "type": "Point",
    "coordinates": [
     4.908173,
     52.365893
    ]
   },
   "properties": {
    "name": "Piet Meerburgbrug",
    "object_number": "BRU0234",
    "bridge_type": "Fixed bridge",
    "material": "Metselwerk",
    "manager": "Gemeente",
    "manager_area": "Centrum-Oost",
    "source": "Gemeente Amsterdam – civiele constructies (open data)",
    "source_url": "https://api.data.amsterdam.nl/v1/civieleconstructies/brug/"
   }
  },
  {
   "type": "Feature",
   "geometry": {
    "type": "Point",
    "coordinates": [
     4.901953,
     52.365926
    ]
   },
   "properties": {
    "name": "Walter Süskindbrug",
    "object_number": "BRU0237",
    "bridge_type": "Movable bridge",
    "material": "Hout",
    "manager": "Gemeente",
    "manager_area": "Centrum-Oost",
    "source": "Gemeente Amsterdam – civiele constructies (open data)",
    "source_url": "https://api.data.amsterdam.nl/v1/civieleconstructies/brug/"
   }
  },
  {
   "type": "Feature",
   "geometry": {
    "type": "Point",
    "coordinates": [
     4.904777,
     52.366452
    ]
   },
   "properties": {
    "name": "M.S. Vaz Diasbrug",
    "object_number": "BRU0238",
    "bridge_type": "Movable bridge",
    "material": "Staal",
    "manager": "Gemeente",
    "manager_area": "Centrum-Oost",
    "source": "Gemeente Amsterdam – civiele constructies (open data)",
    "source_url": "https://api.data.amsterdam.nl/v1/civieleconstructies/brug/"
   }
  },
  {
   "type": "Feature",
   "geometry": {
    "type": "Point",
    "coordinates": [
     4.907095,
     52.367336
    ]
   },
   "properties": {
    "name": "Hortusbrug",
    "object_number": "BRU0239",
    "bridge_type": "Movable bridge",
    "material": "Staal",
    "manager": "Gemeente",
    "manager_area": "Centrum-Oost",
    "source": "Gemeente Amsterdam – civiele constructies (open data)",
    "source_url": "https://api.data.amsterdam.nl/v1/civieleconstructies/brug/"
   }
  },
  {
   "type": "Feature",
   "geometry": {
    "type": "Point",
    "coordinates": [
     4.905553,
     52.365191
    ]
   },
   "properties": {
    "name": "L.H. Sarlouisbrug",
    "object_number": "BRU0240",
    "bridge_type": "Fixed bridge",
    "material": "Staal",
    "manager": "Gemeente",
    "manager_area": "Centrum-Oost",
    "source": "Gemeente Amsterdam – civiele constructies (open data)",
    "source_url": "https://api.data.amsterdam.nl/v1/civieleconstructies/brug/"
   }
  },
  {
   "type": "Feature",
   "geometry": {
    "type": "Point",
    "coordinates": [
     4.902608,
     52.364631
    ]
   },
   "properties": {
    "name": "Dirk van Nimwegenbrug",
    "object_number": "BRU0241",
    "bridge_type": "Fixed bridge",
    "material": "Metselwerk",
    "manager": "Gemeente",
    "manager_area": "Centrum-Oost",
    "source": "Gemeente Amsterdam – civiele constructies (open data)",
    "source_url": "https://api.data.amsterdam.nl/v1/civieleconstructies/brug/"
   }
  },
  {
   "type": "Feature",
   "geometry": {
    "type": "Point",
    "coordinates": [
     4.84254,
     52.404239
    ]
   },
   "properties": {
    "name": "BRU0244",
    "object_number": "BRU0244",
    "bridge_type": "Fixed bridge",
    "material": "Beton",
    "manager": "Gemeente",
    "manager_area": "Westelijk Havengebied",
    "source": "Gemeente Amsterdam – civiele constructies (open data)",
    "source_url": "https://api.data.amsterdam.nl/v1/civieleconstructies/brug/"
   }
  },
  {
   "type": "Feature",
   "geometry": {
    "type": "Point",
    "coordinates": [
     4.901674,
     52.358596
    ]
   },
   "properties": {
    "name": "Van Gendtbrug",
    "object_number": "BRU0247",
    "bridge_type": "Fixed bridge",
    "material": "Staal",
    "manager": "Gemeente",
    "manager_area": "De Pijp, Rivierenbuurt",
    "source": "Gemeente Amsterdam – civiele constructies (open data)",
    "source_url": "https://api.data.amsterdam.nl/v1/civieleconstructies/brug/"
   }
  },
  {
   "type": "Feature",
   "geometry": {
    "type": "Point",
    "coordinates": [
     4.899246,
     52.358091
    ]
   },
   "properties": {
    "name": "Paleis voor Volksvlijtbrug",
    "object_number": "BRU0248",
    "bridge_type": "Fixed bridge",
    "material": "Staal",
    "manager": "Gemeente",
    "manager_area": "De Pijp, Rivierenbuurt",
    "source": "Gemeente Amsterdam – civiele constructies (open data)",
    "source_url": "https://api.data.amsterdam.nl/v1/civieleconstructies/brug/"
   }
  },
  {
   "type": "Feature",
   "geometry": {
    "type": "Point",
    "coordinates": [
     4.901951,
     52.373025
    ]
   },
   "properties": {
    "name": "Auke Bijlsmabrug",
    "object_number": "BRU0249",
    "bridge_type": "Fixed bridge",
    "material": "Staal",
    "manager": "Gemeente",
    "manager_area": "Centrum-Oost",
    "source": "Gemeente Amsterdam – civiele constructies (open data)",
    "source_url": "https://api.data.amsterdam.nl/v1/civieleconstructies/brug/"
   }
  },
  {
   "type": "Feature",
   "geometry": {
    "type": "Point",
    "coordinates": [
     4.903485,
     52.36294
    ]
   },
   "properties": {
    "name": "Jan Vinckbrug",
    "object_number": "BRU0250",
    "bridge_type": "Fixed bridge",
    "material": "Metselwerk",
    "manager": "Gemeente",
    "manager_area": "Centrum-Oost",
    "source": "Gemeente Amsterdam – civiele constructies (open data)",
    "source_url": "https://api.data.amsterdam.nl/v1/civieleconstructies/brug/"
   }
  },
  {
   "type": "Feature",
   "geometry": {
    "type": "Point",
    "coordinates": [
     4.906676,
     52.363502
    ]
   },
   "properties": {
    "name": "Dr. Dünnerbrug",
    "object_number": "BRU0251",
    "bridge_type": "Fixed bridge",
    "material": "Staal",
    "manager": "Gemeente",
    "manager_area": "Centrum-Oost",
    "source": "Gemeente Amsterdam – civiele constructies (open data)",
    "source_url": "https://api.data.amsterdam.nl/v1/civieleconstructies/brug/"
   }
  },
  {
   "type": "Feature",
   "geometry": {
    "type": "Point",
    "coordinates": [
     4.905209,
     52.3621
    ]
   },
   "properties": {
    "name": "Diamantbewerkersbrug",
    "object_number": "BRU0252",
    "bridge_type": "Fixed bridge",
    "material": "Staal",
    "manager": "Gemeente",
    "manager_area": "Centrum-Oost",
    "source": "Gemeente Amsterdam – civiele constructies (open data)",
    "source_url": "https://api.data.amsterdam.nl/v1/civieleconstructies/brug/"
   }
  },
  {
   "type": "Feature",
   "geometry": {
    "type": "Point",
    "coordinates": [
     4.904586,
     52.362967
    ]
   },
   "properties": {
    "name": "Janny en Lien Brilleslijperbrug",
    "object_number": "BRU0253",
    "bridge_type": "Fixed bridge",
    "material": "Staal",
    "manager": "Gemeente",
    "manager_area": "Centrum-Oost",
    "source": "Gemeente Amsterdam – civiele constructies (open data)",
    "source_url": "https://api.data.amsterdam.nl/v1/civieleconstructies/brug/"
   }
  },
  {
   "type": "Feature",
   "geometry": {
    "type": "Point",
    "coordinates": [
     4.905719,
     52.359456
    ]
   },
   "properties": {
    "name": "Tulpbrug",
    "object_number": "BRU0255",
    "bridge_type": "Fixed bridge",
    "material": "Gewapend beton",
    "manager": "Gemeente",
    "manager_area": "Centrum-Oost",
    "source": "Gemeente Amsterdam – civiele constructies (open data)",
    "source_url": "https://api.data.amsterdam.nl/v1/civieleconstructies/brug/"
   }
  },
  {
   "type": "Feature",
   "geometry": {
    "type": "Point",
    "coordinates": [
     4.921695,
     52.352324
    ]
   },
   "properties": {
    "name": "Kaap de Goede Hoopbrug",
    "object_number": "BRU0256",
    "bridge_type": "Fixed bridge",
    "material": "Staal",
    "manager": "Gemeente",
    "manager_area": "Watergraafsmeer",
    "source": "Gemeente Amsterdam – civiele constructies (open data)",
    "source_url": "https://api.data.amsterdam.nl/v1/civieleconstructies/brug/"
   }
  },
  {
   "type": "Feature",
   "geometry": {
    "type": "Point",
    "coordinates": [
     4.907294,
     52.362416
    ]
   },
   "properties": {
    "name": "Dr. Meijer de Hondbrug",
    "object_number": "BRU0257",
    "bridge_type": "Fixed bridge",
    "material": "Staal",
    "manager": "Gemeente",
    "manager_area": "Centrum-Oost",
    "source": "Gemeente Amsterdam – civiele constructies (open data)",
    "source_url": "https://api.data.amsterdam.nl/v1/civieleconstructies/brug/"
   }
  },
  {
   "type": "Feature",
   "geometry": {
    "type": "Point",
    "coordinates": [
     4.910913,
     52.364309
    ]
   },
   "properties": {
    "name": "Ben Polakbrug",
    "object_number": "BRU0258",
    "bridge_type": "Fixed bridge",
    "material": "Staal",
    "manager": "Gemeente",
    "manager_area": "Centrum-Oost",
    "source": "Gemeente Amsterdam – civiele constructies (open data)",
    "source_url": "https://api.data.amsterdam.nl/v1/civieleconstructies/brug/"
   }
  },
  {
   "type": "Feature",
   "geometry": {
    "type": "Point",
    "coordinates": [
     4.910691,
     52.365239
    ]
   },
   "properties": {
    "name": "Lau Mazirelbrug",
    "object_number": "BRU0259",
    "bridge_type": "Fixed bridge",
    "material": "Staal",
    "manager": "Gemeente",
    "manager_area": "Centrum-Oost",
    "source": "Gemeente Amsterdam – civiele constructies (open data)",
    "source_url": "https://api.data.amsterdam.nl/v1/civieleconstructies/brug/"
   }
  },
  {
   "type": "Feature",
   "geometry": {
    "type": "Point",
    "coordinates": [
     4.910603,
     52.363057
    ]
   },
   "properties": {
    "name": "Halverstadbrug",
    "object_number": "BRU0260",
    "bridge_type": "Fixed bridge",
    "material": "Staal",
    "manager": "Gemeente",
    "manager_area": "Centrum-Oost",
    "source": "Gemeente Amsterdam – civiele constructies (open data)",
    "source_url": "https://api.data.amsterdam.nl/v1/civieleconstructies/brug/"
   }
  },
  {
   "type": "Feature",
   "geometry": {
    "type": "Point",
    "coordinates": [
     4.939471,
     52.366651
    ]
   },
   "properties": {
    "name": "Veebrug",
    "object_number": "BRU0261",
    "bridge_type": "Fixed bridge",
    "material": "Beton",
    "manager": "Gemeente",
    "manager_area": "Indische Buurt, Oostelijk Havengebied",
    "source": "Gemeente Amsterdam – civiele constructies (open data)",
    "source_url": "https://api.data.amsterdam.nl/v1/civieleconstructies/brug/"
   }
  },
  {
   "type": "Feature",
   "geometry": {
    "type": "Point",
    "coordinates": [
     4.939508,
     52.367301
    ]
   },
   "properties": {
    "name": "Slachthuisbrug",
    "object_number": "BRU0262",
    "bridge_type": "Fixed bridge",
    "material": "Beton",
    "manager": "Gemeente",
    "manager_area": "Indische Buurt, Oostelijk Havengebied",
    "source": "Gemeente Amsterdam – civiele constructies (open data)",
    "source_url": "https://api.data.amsterdam.nl/v1/civieleconstructies/brug/"
   }
  },
  {
   "type": "Feature",
   "geometry": {
    "type": "Point",
    "coordinates": [
     4.908282,
     52.360574
    ]
   },
   "properties": {
    "name": "Weesperpoort",
    "object_number": "BRU0263",
    "bridge_type": "Fixed bridge",
    "material": "Staal",
    "manager": "Gemeente",
    "manager_area": "Oud-Oost",
    "source": "Gemeente Amsterdam – civiele constructies (open data)",
    "source_url": "https://api.data.amsterdam.nl/v1/civieleconstructies/brug/"
   }
  },
  {
   "type": "Feature",
   "geometry": {
    "type": "Point",
    "coordinates": [
     4.91858,
     52.363924
    ]
   },
   "properties": {
    "name": "Jules Schelvisbrug",
    "object_number": "BRU0264",
    "bridge_type": "Fixed bridge",
    "material": "Staal",
    "manager": "Gemeente",
    "manager_area": "Centrum-Oost",
    "source": "Gemeente Amsterdam – civiele constructies (open data)",
    "source_url": "https://api.data.amsterdam.nl/v1/civieleconstructies/brug/"
   }
  },
  {
   "type": "Feature",
   "geometry": {
    "type": "Point",
    "coordinates": [
     4.920015,
     52.363244
    ]
   },
   "properties": {
    "name": "Henriette Pimentelbrug",
    "object_number": "BRU0265",
    "bridge_type": "Fixed bridge",
    "material": "Staal",
    "manager": "Gemeente",
    "manager_area": "Oud-Oost",
    "source": "Gemeente Amsterdam – civiele constructies (open data)",
    "source_url": "https://api.data.amsterdam.nl/v1/civieleconstructies/brug/"
   }
  },
  {
   "type": "Feature",
   "geometry": {
    "type": "Point",
    "coordinates": [
     4.860073,
     52.364626
    ]
   },
   "properties": {
    "name": "Kinkerbrug",
    "object_number": "BRU0266",
    "bridge_type": "Movable bridge",
    "material": "Staal",
    "manager": "Gemeente",
    "manager_area": "Oud-West, De Baarsjes",
    "source": "Gemeente Amsterdam – civiele constructies (open data)",
    "source_url": "https://api.data.amsterdam.nl/v1/civieleconstructies/brug/"
   }
  },
  {
   "type": "Feature",
   "geometry": {
    "type": "Point",
    "coordinates": [
     4.919486,
     52.371706
    ]
   },
   "properties": {
    "name": "Kippebrug",
    "object_number": "BRU0270",
    "bridge_type": "Fixed bridge",
    "material": "Staal",
    "manager": "Gemeente",
    "manager_area": "Centrum-Oost",
    "source": "Gemeente Amsterdam – civiele constructies (open data)",
    "source_url": "https://api.data.amsterdam.nl/v1/civieleconstructies/brug/"
   }
  },
  {
   "type": "Feature",
   "geometry": {
    "type": "Point",
    "coordinates": [
     4.921238,
     52.375325
    ]
   },
   "properties": {
    "name": "Mariniersbrug",
    "object_number": "BRU0272",
    "bridge_type": "Movable bridge",
    "material": "Hout",
    "manager": "Gemeente",
    "manager_area": "Centrum-Oost",
    "source": "Gemeente Amsterdam – civiele constructies (open data)",
    "source_url": "https://api.data.amsterdam.nl/v1/civieleconstructies/brug/"
   }
  },
  {
   "type": "Feature",
   "geometry": {
    "type": "Point",
    "coordinates": [
     4.842759,
     52.404419
    ]
   },
   "properties": {
    "name": "BRU0275",
    "object_number": "BRU0275",
    "bridge_type": "Fixed bridge",
    "material": "Gewapend beton",
    "manager": "Prorail",
    "manager_area": "Westelijk Havengebied",
    "source": "Gemeente Amsterdam – civiele constructies (open data)",
    "source_url": "https://api.data.amsterdam.nl/v1/civieleconstructies/brug/"
   }
  },
  {
   "type": "Feature",
   "geometry": {
    "type": "Point",
    "coordinates": [
     4.918877,
     52.369239
    ]
   },
   "properties": {
    "name": "Pelikaanbrug",
    "object_number": "BRU0277",
    "bridge_type": "Movable bridge",
    "material": "Staal",
    "manager": "Gemeente",
    "manager_area": "Centrum-Oost",
    "source": "Gemeente Amsterdam – civiele constructies (open data)",
    "source_url": "https://api.data.amsterdam.nl/v1/civieleconstructies/brug/"
   }
  },
  {
   "type": "Feature",
   "geometry": {
    "type": "Point",
    "coordinates": [
     4.911673,
     52.370328
    ]
   },
   "properties": {
    "name": "Scharrebiersluis",
    "object_number": "BRU0278",
    "bridge_type": "Movable bridge",
    "material": "Staal",
    "manager": "Gemeente",
    "manager_area": "Centrum-Oost",
    "source": "Gemeente Amsterdam – civiele constructies (open data)",
    "source_url": "https://api.data.amsterdam.nl/v1/civieleconstructies/brug/"
   }
  },
  {
   "type": "Feature",
   "geometry": {
    "type": "Point",
    "coordinates": [
     4.907733,
     52.372724
    ]
   },
   "properties": {
    "name": "Kikkerbilssluis",
    "object_number": "BRU0279",
    "bridge_type": "Movable bridge",
    "material": "Staal",
    "manager": "Gemeente",
    "manager_area": "Centrum-Oost",
    "source": "Gemeente Amsterdam – civiele constructies (open data)",
    "source_url": "https://api.data.amsterdam.nl/v1/civieleconstructies/brug/"
   }
  },
  {
   "type": "Feature",
   "geometry": {
    "type": "Point",
    "coordinates": [
     4.905853,
     52.372266
    ]
   },
   "properties": {
    "name": "BRU0280",
    "object_number": "BRU0280",
    "bridge_type": "Fixed bridge",
    "material": "Staal",
    "manager": "Gemeente",
    "manager_area": "Centrum-Oost",
    "source": "Gemeente Amsterdam – civiele constructies (open data)",
    "source_url": "https://api.data.amsterdam.nl/v1/civieleconstructies/brug/"
   }
  },
  {
   "type": "Feature",
   "geometry": {
    "type": "Point",
    "coordinates": [
     4.907427,
     52.371536
    ]
   },
   "properties": {
    "name": "Peperbrug",
    "object_number": "BRU0281",
    "bridge_type": "Movable bridge",
    "material": "Hout",
    "manager": "Gemeente",
    "manager_area": "Centrum-Oost",
    "source": "Gemeente Amsterdam – civiele constructies (open data)",
    "source_url": "https://api.data.amsterdam.nl/v1/civieleconstructies/brug/"
   }
  },
  {
   "type": "Feature",
   "geometry": {
    "type": "Point",
    "coordinates": [
     4.903515,
     52.373671
    ]
   },
   "properties": {
    "name": "Waalseilandbrug",
    "object_number": "BRU0283",
    "bridge_type": "Fixed bridge",
    "material": "Staal",
    "manager": "Gemeente",
    "manager_area": "Centrum-Oost",
    "source": "Gemeente Amsterdam – civiele constructies (open data)",
    "source_url": "https://api.data.amsterdam.nl/v1/civieleconstructies/brug/"
   }
  },
  {
   "type": "Feature",
   "geometry": {
    "type": "Point",
    "coordinates": [
     4.902099,
     52.377215
    ]
   },
   "properties": {
    "name": "Kamperbrug",
    "object_number": "BRU0285",
    "bridge_type": "Fixed bridge",
    "material": "Beton",
    "manager": "Gemeente",
    "manager_area": "Centrum-West",
    "source": "Gemeente Amsterdam – civiele constructies (open data)",
    "source_url": "https://api.data.amsterdam.nl/v1/civieleconstructies/brug/"
   }
  },
  {
   "type": "Feature",
   "geometry": {
    "type": "Point",
    "coordinates": [
     4.904012,
     52.371097
    ]
   },
   "properties": {
    "name": "Keizersbrug",
    "object_number": "BRU0286",
    "bridge_type": "Fixed bridge",
    "material": "Metselwerk",
    "manager": "Gemeente",
    "manager_area": "Centrum-Oost",
    "source": "Gemeente Amsterdam – civiele constructies (open data)",
    "source_url": "https://api.data.amsterdam.nl/v1/civieleconstructies/brug/"
   }
  },
  {
   "type": "Feature",
   "geometry": {
    "type": "Point",
    "coordinates": [
     4.901092,
     52.369609
    ]
   },
   "properties": {
    "name": "Sint Anthoniesluis",
    "object_number": "BRU0287",
    "bridge_type": "Fixed bridge",
    "material": "Beton",
    "manager": "Gemeente",
    "manager_area": "Centrum-Oost",
    "source": "Gemeente Amsterdam – civiele constructies (open data)",
    "source_url": "https://api.data.amsterdam.nl/v1/civieleconstructies/brug/"
   }
  },
  {
   "type": "Feature",
   "geometry": {
    "type": "Point",
    "coordinates": [
     4.904532,
     52.371584
    ]
   },
   "properties": {
    "name": "BRU0288",
    "object_number": "BRU0288",
    "bridge_type": "Fixed bridge",
    "material": "Staal",
    "manager": "Gemeente",
    "manager_area": "Centrum-Oost",
    "source": "Gemeente Amsterdam – civiele constructies (open data)",
    "source_url": "https://api.data.amsterdam.nl/v1/civieleconstructies/brug/"
   }
  },
  {
   "type": "Feature",
   "geometry": {
    "type": "Point",
    "coordinates": [
     4.90131,
     52.370537
    ]
   },
   "properties": {
    "name": "Snoekjesbrug",
    "object_number": "BRU0289",
    "bridge_type": "Fixed bridge",
    "material": "Staal",
    "manager": "Gemeente",
    "manager_area": "Centrum-Oost",
    "source": "Gemeente Amsterdam – civiele constructies (open data)",
    "source_url": "https://api.data.amsterdam.nl/v1/civieleconstructies/brug/"
   }
  },
  {
   "type": "Feature",
   "geometry": {
    "type": "Point",
    "coordinates": [
     4.90163,
     52.370997
    ]
   },
   "properties": {
    "name": "BRU0290",
    "object_number": "BRU0290",
    "bridge_type": "Fixed bridge",
    "material": "Staal",
    "manager": "Gemeente",
    "manager_area": "Centrum-Oost",
    "source": "Gemeente Amsterdam – civiele constructies (open data)",
    "source_url": "https://api.data.amsterdam.nl/v1/civieleconstructies/brug/"
   }
  },
  {
   "type": "Feature",
   "geometry": {
    "type": "Point",
    "coordinates": [
     4.902971,
     52.369579
    ]
   },
   "properties": {
    "name": "Steenvoetsluis",
    "object_number": "BRU0291",
    "bridge_type": "Fixed bridge",
    "material": "Gewapend beton",
    "manager": "Gemeente",
    "manager_area": "Centrum-Oost",
    "source": "Gemeente Amsterdam – civiele constructies (open data)",
    "source_url": "https://api.data.amsterdam.nl/v1/civieleconstructies/brug/"
   }
  },
  {
   "type": "Feature",
   "geometry": {
    "type": "Point",
    "coordinates": [
     4.90252,
     52.372007
    ]
   },
   "properties": {
    "name": "BRU0292",
    "object_number": "BRU0292",
    "bridge_type": "Fixed bridge",
    "material": "Staal",
    "manager": "Gemeente",
    "manager_area": "Centrum-Oost",
    "source": "Gemeente Amsterdam – civiele constructies (open data)",
    "source_url": "https://api.data.amsterdam.nl/v1/civieleconstructies/brug/"
   }
  },
  {
   "type": "Feature",
   "geometry": {
    "type": "Point",
    "coordinates": [
     4.902295,
     52.371526
    ]
   },
   "properties": {
    "name": "Armeensebrug",
    "object_number": "BRU0293",
    "bridge_type": "Fixed bridge",
    "material": "Staal",
    "manager": "Gemeente",
    "manager_area": "Centrum-Oost",
    "source": "Gemeente Amsterdam – civiele constructies (open data)",
    "source_url": "https://api.data.amsterdam.nl/v1/civieleconstructies/brug/"
   }
  },
  {
   "type": "Feature",
   "geometry": {
    "type": "Point",
    "coordinates": [
     4.902775,
     52.372465
    ]
   },
   "properties": {
    "name": "BRU0295",
    "object_number": "BRU0295",
    "bridge_type": "Fixed bridge",
    "material": "Staal",
    "manager": "Gemeente",
    "manager_area": "Centrum-Oost",
    "source": "Gemeente Amsterdam – civiele constructies (open data)",
    "source_url": "https://api.data.amsterdam.nl/v1/civieleconstructies/brug/"
   }
  },
  {
   "type": "Feature",
   "geometry": {
    "type": "Point",
    "coordinates": [
     4.902952,
     52.372478
    ]
   },
   "properties": {
    "name": "Geurt Brinkgrevebrug",
    "object_number": "BRU0296",
    "bridge_type": "Fixed bridge",
    "material": "Staal",
    "manager": "Gemeente",
    "manager_area": "Centrum-Oost",
    "source": "Gemeente Amsterdam – civiele constructies (open data)",
    "source_url": "https://api.data.amsterdam.nl/v1/civieleconstructies/brug/"
   }
  },
  {
   "type": "Feature",
   "geometry": {
    "type": "Point",
    "coordinates": [
     4.901217,
     52.37339
    ]
   },
   "properties": {
    "name": "BRU0297",
    "object_number": "BRU0297",
    "bridge_type": "Fixed bridge",
    "material": "Staal",
    "manager": "Gemeente",
    "manager_area": "Centrum-Oost",
    "source": "Gemeente Amsterdam – civiele constructies (open data)",
    "source_url": "https://api.data.amsterdam.nl/v1/civieleconstructies/brug/"
   }
  },
  {
   "type": "Feature",
   "geometry": {
    "type": "Point",
    "coordinates": [
     4.901383,
     52.374133
    ]
   },
   "properties": {
    "name": "Bantammerbrug",
    "object_number": "BRU0298",
    "bridge_type": "Fixed bridge",
    "material": "Staal",
    "manager": "Gemeente",
    "manager_area": "Centrum-Oost",
    "source": "Gemeente Amsterdam – civiele constructies (open data)",
    "source_url": "https://api.data.amsterdam.nl/v1/civieleconstructies/brug/"
   }
  },
  {
   "type": "Feature",
   "geometry": {
    "type": "Point",
    "coordinates": [
     4.902576,
     52.376261
    ]
   },
   "properties": {
    "name": "Hoofdbrug",
    "object_number": "BRU0299",
    "bridge_type": "Fixed bridge",
    "material": "Beton",
    "manager": "Gemeente",
    "manager_area": "Centrum-Oost",
    "source": "Gemeente Amsterdam – civiele constructies (open data)",
    "source_url": "https://api.data.amsterdam.nl/v1/civieleconstructies/brug/"
   }
  },
  {
   "type": "Feature",
   "geometry": {
    "type": "Point",
    "coordinates": [
     4.903742,
     52.375377
    ]
   },
   "properties": {
    "name": "Kraansluis",
    "object_number": "BRU0300",
    "bridge_type": "Fixed bridge",
    "material": "Staal",
    "manager": "Gemeente",
    "manager_area": "Centrum-Oost",
    "source": "Gemeente Amsterdam – civiele constructies (open data)",
    "source_url": "https://api.data.amsterdam.nl/v1/civieleconstructies/brug/"
   }
  },
  {
   "type": "Feature",
   "geometry": {
    "type": "Point",
    "coordinates": [
     4.90237,
     52.376645
    ]
   },
   "properties": {
    "name": "Kolkswaterkering",
    "object_number": "BRU0301",
    "bridge_type": "Fixed bridge",
    "material": "Beton",
    "manager": "Gemeente",
    "manager_area": "Centrum-West",
    "source": "Gemeente Amsterdam – civiele constructies (open data)",
    "source_url": "https://api.data.amsterdam.nl/v1/civieleconstructies/brug/"
   }
  },
  {
   "type": "Feature",
   "geometry": {
    "type": "Point",
    "coordinates": [
     4.900619,
     52.375831
    ]
   },
   "properties": {
    "name": "Kolksluis",
    "object_number": "BRU0302",
    "bridge_type": "Fixed bridge",
    "material": "Staal",
    "manager": "Gemeente",
    "manager_area": "Centrum-West",
    "source": "Gemeente Amsterdam – civiele constructies (open data)",
    "source_url": "https://api.data.amsterdam.nl/v1/civieleconstructies/brug/"
   }
  },
  {
   "type": "Feature",
   "geometry": {
    "type": "Point",
    "coordinates": [
     4.898797,
     52.376827
    ]
   },
   "properties": {
    "name": "Nieuwebrug",
    "object_number": "BRU0303",
    "bridge_type": "Fixed bridge",
    "material": "Staal",
    "manager": "Gemeente",
    "manager_area": "Centrum-West",
    "source": "Gemeente Amsterdam – civiele constructies (open data)",
    "source_url": "https://api.data.amsterdam.nl/v1/civieleconstructies/brug/"
   }
  },
  {
   "type": "Feature",
   "geometry": {
    "type": "Point",
    "coordinates": [
     4.899087,
     52.377618
    ]
   },
   "properties": {
    "name": "Sint Nicolaasbrug",
    "object_number": "BRU0306",
    "bridge_type": "Fixed bridge",
    "material": "Staal",
    "manager": "Gemeente",
    "manager_area": "Centrum-West",
    "source": "Gemeente Amsterdam – civiele constructies (open data)",
    "source_url": "https://api.data.amsterdam.nl/v1/civieleconstructies/brug/"
   }
  },
  {
   "type": "Feature",
   "geometry": {
    "type": "Point",
    "coordinates": [
     4.893241,
     52.383093
    ]
   },
   "properties": {
    "name": "Westerdoksluis",
    "object_number": "BRU0314",
    "bridge_type": "Movable bridge",
    "material": "Hout",
    "manager": "Gemeente",
    "manager_area": "Centrum-West",
    "source": "Gemeente Amsterdam – civiele constructies (open data)",
    "source_url": "https://api.data.amsterdam.nl/v1/civieleconstructies/brug/"
   }
  },
  {
   "type": "Feature",
   "geometry": {
    "type": "Point",
    "coordinates": [
     4.888201,
     52.385561
    ]
   },
   "properties": {
    "name": "Galgenbrug",
    "object_number": "BRU0315",
    "bridge_type": "Fixed bridge",
    "material": "Staal",
    "manager": "Gemeente",
    "manager_area": "Centrum-West",
    "source": "Gemeente Amsterdam – civiele constructies (open data)",
    "source_url": "https://api.data.amsterdam.nl/v1/civieleconstructies/brug/"
   }
  },
  {
   "type": "Feature",
   "geometry": {
    "type": "Point",
    "coordinates": [
     4.889924,
     52.387062
    ]
   },
   "properties": {
    "name": "Zandhoeksbrug",
    "object_number": "BRU0316",
    "bridge_type": "Movable bridge",
    "material": "Hout",
    "manager": "Gemeente",
    "manager_area": "Centrum-West",
    "source": "Gemeente Amsterdam – civiele constructies (open data)",
    "source_url": "https://api.data.amsterdam.nl/v1/civieleconstructies/brug/"
   }
  },
  {
   "type": "Feature",
   "geometry": {
    "type": "Point",
    "coordinates": [
     4.89013,
     52.388384
    ]
   },
   "properties": {
    "name": "Petemayenbrug",
    "object_number": "BRU0317",
    "bridge_type": "Movable bridge",
    "material": "Hout",
    "manager": "Gemeente",
    "manager_area": "Centrum-West",
    "source": "Gemeente Amsterdam – civiele constructies (open data)",
    "source_url": "https://api.data.amsterdam.nl/v1/civieleconstructies/brug/"
   }
  },
  {
   "type": "Feature",
   "geometry": {
    "type": "Point",
    "coordinates": [
     4.885762,
     52.388167
    ]
   },
   "properties": {
    "name": "Zoutkeetsbrug",
    "object_number": "BRU0318",
    "bridge_type": "Movable bridge",
    "material": "Gewapend beton",
    "manager": "Gemeente",
    "manager_area": "Centrum-West",
    "source": "Gemeente Amsterdam – civiele constructies (open data)",
    "source_url": "https://api.data.amsterdam.nl/v1/civieleconstructies/brug/"
   }
  },
  {
   "type": "Feature",
   "geometry": {
    "type": "Point",
    "coordinates": [
     4.887261,
     52.386924
    ]
   },
   "properties": {
    "name": "Drieharingenbrug",
    "object_number": "BRU0320",
    "bridge_type": "Movable bridge",
    "material": "Hout",
    "manager": "Gemeente",
    "manager_area": "Centrum-West",
    "source": "Gemeente Amsterdam – civiele constructies (open data)",
    "source_url": "https://api.data.amsterdam.nl/v1/civieleconstructies/brug/"
   }
  },
  {
   "type": "Feature",
   "geometry": {
    "type": "Point",
    "coordinates": [
     4.885904,
     52.385675
    ]
   },
   "properties": {
    "name": "Sloterdijkerbrug",
    "object_number": "BRU0321",
    "bridge_type": "Movable bridge",
    "material": "Hout",
    "manager": "Gemeente",
    "manager_area": "Centrum-West",
    "source": "Gemeente Amsterdam – civiele constructies (open data)",
    "source_url": "https://api.data.amsterdam.nl/v1/civieleconstructies/brug/"
   }
  },
  {
   "type": "Feature",
   "geometry": {
    "type": "Point",
    "coordinates": [
     4.869826,
     52.375403
    ]
   },
   "properties": {
    "name": "Beltbrug",
    "object_number": "BRU0324",
    "bridge_type": "Movable bridge",
    "material": "Staal",
    "manager": "Gemeente",
    "manager_area": "Westerpark",
    "source": "Gemeente Amsterdam – civiele constructies (open data)",
    "source_url": "https://api.data.amsterdam.nl/v1/civieleconstructies/brug/"
   }
  },
  {
   "type": "Feature",
   "geometry": {
    "type": "Point",
    "coordinates": [
     4.918743,
     52.36739
    ]
   },
   "properties": {
    "name": "Armand Sunierbrug",
    "object_number": "BRU0327",
    "bridge_type": "Movable bridge",
    "material": "Staal",
    "manager": "Gemeente",
    "manager_area": "Centrum-Oost",
    "source": "Gemeente Amsterdam – civiele constructies (open data)",
    "source_url": "https://api.data.amsterdam.nl/v1/civieleconstructies/brug/"
   }
  },
  {
   "type": "Feature",
   "geometry": {
    "type": "Point",
    "coordinates": [
     4.932305,
     52.366622
    ]
   },
   "properties": {
    "name": "BRU0328",
    "object_number": "BRU0328",
    "bridge_type": "Fixed bridge",
    "material": "Beton",
    "manager": "Gemeente",
    "manager_area": "Indische Buurt, Oostelijk Havengebied",
    "source": "Gemeente Amsterdam – civiele constructies (open data)",
    "source_url": "https://api.data.amsterdam.nl/v1/civieleconstructies/brug/"
   }
  },
  {
   "type": "Feature",
   "geometry": {
    "type": "Point",
    "coordinates": [
     4.93247,
     52.367174
    ]
   },
   "properties": {
    "name": "BRU0332",
    "object_number": "BRU0332",
    "bridge_type": "Fixed bridge",
    "material": "Staal",
    "manager": "Gemeente",
    "manager_area": "Indische Buurt, Oostelijk Havengebied",
    "source": "Gemeente Amsterdam – civiele constructies (open data)",
    "source_url": "https://api.data.amsterdam.nl/v1/civieleconstructies/brug/"
   }
  },
  {
   "type": "Feature",
   "geometry": {
    "type": "Point",
    "coordinates": [
     4.913051,
     52.348481
    ]
   },
   "properties": {
    "name": "Schollenbrug",
    "object_number": "BRU0340",
    "bridge_type": "Fixed bridge",
    "material": "Staal",
    "manager": "Gemeente",
    "manager_area": "Watergraafsmeer",
    "source": "Gemeente Amsterdam – civiele constructies (open data)",
    "source_url": "https://api.data.amsterdam.nl/v1/civieleconstructies/brug/"
   }
  },
  {
   "type": "Feature",
   "geometry": {
    "type": "Point",
    "coordinates": [
     4.884093,
     52.388454
    ]
   },
   "properties": {
    "name": "BRU0345",
    "object_number": "BRU0345",
    "bridge_type": "Movable bridge",
    "material": "Gewapend beton",
    "manager": "Gemeente",
    "manager_area": "Westerpark",
    "source": "Gemeente Amsterdam – civiele constructies (open data)",
    "source_url": "https://api.data.amsterdam.nl/v1/civieleconstructies/brug/"
   }
  },
  {
   "type": "Feature",
   "geometry": {
    "type": "Point",
    "coordinates": [
     4.88551,
     52.390486
    ]
   },
   "properties": {
    "name": "Westerkeersluis",
    "object_number": "BRU0346",
    "bridge_type": "Movable bridge",
    "material": "Gewapend beton",
    "manager": "Gemeente",
    "manager_area": "Westerpark",
    "source": "Gemeente Amsterdam – civiele constructies (open data)",
    "source_url": "https://api.data.amsterdam.nl/v1/civieleconstructies/brug/"
   }
  },
  {
   "type": "Feature",
   "geometry": {
    "type": "Point",
    "coordinates": [
     4.880362,
     52.385166
    ]
   },
   "properties": {
    "name": "BRU0347",
    "object_number": "BRU0347",
    "bridge_type": "Fixed bridge",
    "material": "Staal",
    "manager": "Gemeente",
    "manager_area": "Westerpark",
    "source": "Gemeente Amsterdam – civiele constructies (open data)",
    "source_url": "https://api.data.amsterdam.nl/v1/civieleconstructies/brug/"
   }
  },
  {
   "type": "Feature",
   "geometry": {
    "type": "Point",
    "coordinates": [
     4.852382,
     52.350925
    ]
   },
   "properties": {
    "name": "Zeilstraatbrug",
    "object_number": "BRU0348",
    "bridge_type": "Movable bridge",
    "material": "Gewapend beton",
    "manager": "Gemeente",
    "manager_area": "Oud-Zuid",
    "source": "Gemeente Amsterdam – civiele constructies (open data)",
    "source_url": "https://api.data.amsterdam.nl/v1/civieleconstructies/brug/"
   }
  },
  {
   "type": "Feature",
   "geometry": {
    "type": "Point",
    "coordinates": [
     4.884516,
     52.389341
    ]
   },
   "properties": {
    "name": "Cor Thesingbrug",
    "object_number": "BRU0349",
    "bridge_type": "Movable bridge",
    "material": "Gewapend beton",
    "manager": "Gemeente",
    "manager_area": "Westerpark",
    "source": "Gemeente Amsterdam – civiele constructies (open data)",
    "source_url": "https://api.data.amsterdam.nl/v1/civieleconstructies/brug/"
   }
  },
  {
   "type": "Feature",
   "geometry": {
    "type": "Point",
    "coordinates": [
     4.934135,
     52.368485
    ]
   },
   "properties": {
    "name": "BRU0352",
    "object_number": "BRU0352",
    "bridge_type": "Fixed bridge",
    "material": "Staal",
    "manager": "Gemeente",
    "manager_area": "Indische Buurt, Oostelijk Havengebied",
    "source": "Gemeente Amsterdam – civiele constructies (open data)",
    "source_url": "https://api.data.amsterdam.nl/v1/civieleconstructies/brug/"
   }
  },
  {
   "type": "Feature",
   "geometry": {
    "type": "Point",
    "coordinates": [
     4.925246,
     52.367246
    ]
   },
   "properties": {
    "name": "Dageraadsbrug",
    "object_number": "BRU0353",
    "bridge_type": "Fixed bridge",
    "material": "Staal",
    "manager": "Gemeente",
    "manager_area": "Centrum-Oost",
    "source": "Gemeente Amsterdam – civiele constructies (open data)",
    "source_url": "https://api.data.amsterdam.nl/v1/civieleconstructies/brug/"
   }
  },
  {
   "type": "Feature",
   "geometry": {
    "type": "Point",
    "coordinates": [
     4.926458,
     52.366199
    ]
   },
   "properties": {
    "name": "Oosterbeerbrug",
    "object_number": "BRU0354",
    "bridge_type": "Fixed bridge",
    "material": "Staal",
    "manager": "Gemeente",
    "manager_area": "Oud-Oost",
    "source": "Gemeente Amsterdam – civiele constructies (open data)",
    "source_url": "https://api.data.amsterdam.nl/v1/civieleconstructies/brug/"
   }
  },
  {
   "type": "Feature",
   "geometry": {
    "type": "Point",
    "coordinates": [
     4.933161,
     52.356812
    ]
   },
   "properties": {
    "name": "Evert van der Wallbrug",
    "object_number": "BRU0355",
    "bridge_type": "Fixed bridge",
    "material": "Beton",
    "manager": "Gemeente",
    "manager_area": "Watergraafsmeer",
    "source": "Gemeente Amsterdam – civiele constructies (open data)",
    "source_url": "https://api.data.amsterdam.nl/v1/civieleconstructies/brug/"
   }
  },
  {
   "type": "Feature",
   "geometry": {
    "type": "Point",
    "coordinates": [
     4.900039,
     52.401562
    ]
   },
   "properties": {
    "name": "NSM-brug",
    "object_number": "BRU0356",
    "bridge_type": "Movable bridge",
    "material": "Gewapend beton",
    "manager": "Gemeente",
    "manager_area": "Oud-Noord",
    "source": "Gemeente Amsterdam – civiele constructies (open data)",
    "source_url": "https://api.data.amsterdam.nl/v1/civieleconstructies/brug/"
   }
  },
  {
   "type": "Feature",
   "geometry": {
    "type": "Point",
    "coordinates": [
     4.913984,
     52.386741
    ]
   },
   "properties": {
    "name": "Gerben Wagenaarbrug",
    "object_number": "BRU0357",
    "bridge_type": "Movable bridge",
    "material": "Staal",
    "manager": "Gemeente",
    "manager_area": "Oud-Noord",
    "source": "Gemeente Amsterdam – civiele constructies (open data)",
    "source_url": "https://api.data.amsterdam.nl/v1/civieleconstructies/brug/"
   }
  },
  {
   "type": "Feature",
   "geometry": {
    "type": "Point",
    "coordinates": [
     4.858144,
     52.3647
    ]
   },
   "properties": {
    "name": "Machineslootbrug",
    "object_number": "BRU0358",
    "bridge_type": "Fixed bridge",
    "material": "Staal",
    "manager": "Gemeente",
    "manager_area": "Oud-West, De Baarsjes",
    "source": "Gemeente Amsterdam – civiele constructies (open data)",
    "source_url": "https://api.data.amsterdam.nl/v1/civieleconstructies/brug/"
   }
  },
  {
   "type": "Feature",
   "geometry": {
    "type": "Point",
    "coordinates": [
     4.856544,
     52.371107
    ]
   },
   "properties": {
    "name": "Molenslootbrug",
    "object_number": "BRU0359",
    "bridge_type": "Fixed bridge",
    "material": "Staal",
    "manager": "Gemeente",
    "manager_area": "Oud-West, De Baarsjes",
    "source": "Gemeente Amsterdam – civiele constructies (open data)",
    "source_url": "https://api.data.amsterdam.nl/v1/civieleconstructies/brug/"
   }
  },
  {
   "type": "Feature",
   "geometry": {
    "type": "Point",
    "coordinates": [
     4.853559,
     52.354781
    ]
   },
   "properties": {
    "name": "Kabouterbrug",
    "object_number": "BRU0360",
    "bridge_type": "Movable bridge",
    "material": "Staal",
    "manager": "Gemeente",
    "manager_area": "Oud-Zuid",
    "source": "Gemeente Amsterdam – civiele constructies (open data)",
    "source_url": "https://api.data.amsterdam.nl/v1/civieleconstructies/brug/"
   }
  },
  {
   "type": "Feature",
   "geometry": {
    "type": "Point",
    "coordinates": [
     4.851829,
     52.399764
    ]
   },
   "properties": {
    "name": "BRU0361",
    "object_number": "BRU0361",
    "bridge_type": "Fixed bridge",
    "material": "Beton",
    "manager": "Gemeente",
    "manager_area": "Westelijk Havengebied",
    "source": "Gemeente Amsterdam – civiele constructies (open data)",
    "source_url": "https://api.data.amsterdam.nl/v1/civieleconstructies/brug/"
   }
  },
  {
   "type": "Feature",
   "geometry": {
    "type": "Point",
    "coordinates": [
     4.938397,
     52.39119
    ]
   },
   "properties": {
    "name": "Duivekaterbrug",
    "object_number": "BRU0368",
    "bridge_type": "Fixed bridge",
    "material": "Staal",
    "manager": "Gemeente",
    "manager_area": "Oud-Noord",
    "source": "Gemeente Amsterdam – civiele constructies (open data)",
    "source_url": "https://api.data.amsterdam.nl/v1/civieleconstructies/brug/"
   }
  },
  {
   "type": "Feature",
   "geometry": {
    "type": "Point",
    "coordinates": [
     4.9061,
     52.388901
    ]
   },
   "properties": {
    "name": "Leeuwenputbrug",
    "object_number": "BRU0371",
    "bridge_type": "Fixed bridge",
    "material": "Staal",
    "manager": "Gemeente",
    "manager_area": "Oud-Noord",
    "source": "Gemeente Amsterdam – civiele constructies (open data)",
    "source_url": "https://api.data.amsterdam.nl/v1/civieleconstructies/brug/"
   }
  },
  {
   "type": "Feature",
   "geometry": {
    "type": "Point",
    "coordinates": [
     4.959421,
     52.402889
    ]
   },
   "properties": {
    "name": "BRU0373",
    "object_number": "BRU0373",
    "bridge_type": "Fixed bridge",
    "material": "Staal",
    "manager": "Gemeente",
    "manager_area": "Noord-Oost",
    "source": "Gemeente Amsterdam – civiele constructies (open data)",
    "source_url": "https://api.data.amsterdam.nl/v1/civieleconstructies/brug/"
   }
  },
  {
   "type": "Feature",
   "geometry": {
    "type": "Point",
    "coordinates": [
     4.963608,
     52.385838
    ]
   },
   "properties": {
    "name": "Jan Kokbrug",
    "object_number": "BRU0376",
    "bridge_type": "Fixed bridge",
    "material": "Gewapend beton",
    "manager": "Gemeente",
    "manager_area": "Noord-Oost",
    "source": "Gemeente Amsterdam – civiele constructies (open data)",
    "source_url": "https://api.data.amsterdam.nl/v1/civieleconstructies/brug/"
   }
  },
  {
   "type": "Feature",
   "geometry": {
    "type": "Point",
    "coordinates": [
     4.855558,
     52.37436
    ]
   },
   "properties": {
    "name": "Vier Windstrekenbrug",
    "object_number": "BRU0381",
    "bridge_type": "Fixed bridge",
    "material": "Staal",
    "manager": "Gemeente",
    "manager_area": "Bos en Lommer",
    "source": "Gemeente Amsterdam – civiele constructies (open data)",
    "source_url": "https://api.data.amsterdam.nl/v1/civieleconstructies/brug/"
   }
  },
  {
   "type": "Feature",
   "geometry": {
    "type": "Point",
    "coordinates": [
     4.864404,
     52.375387
    ]
   },
   "properties": {
    "name": "BRU0382",
    "object_number": "BRU0382",
    "bridge_type": "Movable bridge",
    "material": "Staal",
    "manager": "Gemeente",
    "manager_area": "Westerpark",
    "source": "Gemeente Amsterdam – civiele constructies (open data)",
    "source_url": "https://api.data.amsterdam.nl/v1/civieleconstructies/brug/"
   }
  },
  {
   "type": "Feature",
   "geometry": {
    "type": "Point",
    "coordinates": [
     4.862592,
     52.377589
    ]
   },
   "properties": {
    "name": "Anna van Saksenbrug",
    "object_number": "BRU0383",
    "bridge_type": "Fixed bridge",
    "material": "Staal",
    "manager": "Gemeente",
    "manager_area": "Bos en Lommer",
    "source": "Gemeente Amsterdam – civiele constructies (open data)",
    "source_url": "https://api.data.amsterdam.nl/v1/civieleconstructies/brug/"
   }
  },
  {
   "type": "Feature",
   "geometry": {
    "type": "Point",
    "coordinates": [
     4.848894,
     52.358016
    ]
   },
   "properties": {
    "name": "Ahmed Zianibrug",
    "object_number": "BRU0386",
    "bridge_type": "Fixed bridge",
    "material": "Beton",
    "manager": "Gemeente",
    "manager_area": "Slotervaart",
    "source": "Gemeente Amsterdam – civiele constructies (open data)",
    "source_url": "https://api.data.amsterdam.nl/v1/civieleconstructies/brug/"
   }
  },
  {
   "type": "Feature",
   "geometry": {
    "type": "Point",
    "coordinates": [
     4.896072,
     52.379748
    ]
   },
   "properties": {
    "name": "BRU0387",
    "object_number": "BRU0387",
    "bridge_type": "Fixed bridge",
    "material": "Staal",
    "manager": "Gemeente",
    "manager_area": "Centrum-West",
    "source": "Gemeente Amsterdam – civiele constructies (open data)",
    "source_url": "https://api.data.amsterdam.nl/v1/civieleconstructies/brug/"
   }
  },
  {
   "type": "Feature",
   "geometry": {
    "type": "Point",
    "coordinates": [
     4.852308,
     52.399874
    ]
   },
   "properties": {
    "name": "BRU0388",
    "object_number": "BRU0388",
    "bridge_type": "Fixed bridge",
    "material": "Gewapend beton",
    "manager": "Prorail",
    "manager_area": "Westelijk Havengebied",
    "source": "Gemeente Amsterdam – civiele constructies (open data)",
    "source_url": "https://api.data.amsterdam.nl/v1/civieleconstructies/brug/"
   }
  },
  {
   "type": "Feature",
   "geometry": {
    "type": "Point",
    "coordinates": [
     4.923244,
     52.373717
    ]
   },
   "properties": {
    "name": "Zebrabrug",
    "object_number": "BRU0389",
    "bridge_type": "Fixed bridge",
    "material": "Staal",
    "manager": "Gemeente",
    "manager_area": "Centrum-Oost",
    "source": "Gemeente Amsterdam – civiele constructies (open data)",
    "source_url": "https://api.data.amsterdam.nl/v1/civieleconstructies/brug/"
   }
  },
  {
   "type": "Feature",
   "geometry": {
    "type": "Point",
    "coordinates": [
     4.853937,
     52.376518
    ]
   },
   "properties": {
    "name": "Wil de Graaffbrug",
    "object_number": "BRU0393",
    "bridge_type": "Fixed bridge",
    "material": "Staal",
    "manager": "Gemeente",
    "manager_area": "Bos en Lommer",
    "source": "Gemeente Amsterdam – civiele constructies (open data)",
    "source_url": "https://api.data.amsterdam.nl/v1/civieleconstructies/brug/"
   }
  },
  {
   "type": "Feature",
   "geometry": {
    "type": "Point",
    "coordinates": [
     4.847513,
     52.385172
    ]
   },
   "properties": {
    "name": "Zoutmanbrug",
    "object_number": "BRU0397",
    "bridge_type": "Fixed bridge",
    "material": "Gewapend beton",
    "manager": "Gemeente",
    "manager_area": "Bos en Lommer",
    "source": "Gemeente Amsterdam – civiele constructies (open data)",
    "source_url": "https://api.data.amsterdam.nl/v1/civieleconstructies/brug/"
   }
  },
  {
   "type": "Feature",
   "geometry": {
    "type": "Point",
    "coordinates": [
     4.909786,
     52.349863
    ]
   },
   "properties": {
    "name": "P.L. Kramerbrug",
    "object_number": "BRU0400",
    "bridge_type": "Fixed bridge",
    "material": "Staal",
    "manager": "Gemeente",
    "manager_area": "De Pijp, Rivierenbuurt",
    "source": "Gemeente Amsterdam – civiele constructies (open data)",
    "source_url": "https://api.data.amsterdam.nl/v1/civieleconstructies/brug/"
   }
  },
  {
   "type": "Feature",
   "geometry": {
    "type": "Point",
    "coordinates": [
     4.904228,
     52.3491
    ]
   },
   "properties": {
    "name": "Ernst Cahn en Alfred Kohnbrug",
    "object_number": "BRU0401",
    "bridge_type": "Fixed bridge",
    "material": "Staal",
    "manager": "Gemeente",
    "manager_area": "De Pijp, Rivierenbuurt",
    "source": "Gemeente Amsterdam – civiele constructies (open data)",
    "source_url": "https://api.data.amsterdam.nl/v1/civieleconstructies/brug/"
   }
  },
  {
   "type": "Feature",
   "geometry": {
    "type": "Point",
    "coordinates": [
     4.899801,
     52.348491
    ]
   },
   "properties": {
    "name": "Han van Zomerenbrug",
    "object_number": "BRU0402",
    "bridge_type": "Fixed bridge",
    "material": "Staal",
    "manager": "Gemeente",
    "manager_area": "De Pijp, Rivierenbuurt",
    "source": "Gemeente Amsterdam – civiele constructies (open data)",
    "source_url": "https://api.data.amsterdam.nl/v1/civieleconstructies/brug/"
   }
  },
  {
   "type": "Feature",
   "geometry": {
    "type": "Point",
    "coordinates": [
     4.895256,
     52.348017
    ]
   },
   "properties": {
    "name": "Gerard Revebrug",
    "object_number": "BRU0403",
    "bridge_type": "Fixed bridge",
    "material": "Staal",
    "manager": "Gemeente",
    "manager_area": "De Pijp, Rivierenbuurt",
    "source": "Gemeente Amsterdam – civiele constructies (open data)",
    "source_url": "https://api.data.amsterdam.nl/v1/civieleconstructies/brug/"
   }
  },
  {
   "type": "Feature",
   "geometry": {
    "type": "Point",
    "coordinates": [
     4.891212,
     52.348221
    ]
   },
   "properties": {
    "name": "Barbiersbrug",
    "object_number": "BRU0404",
    "bridge_type": "Fixed bridge",
    "material": "Staal",
    "manager": "Gemeente",
    "manager_area": "De Pijp, Rivierenbuurt",
    "source": "Gemeente Amsterdam – civiele constructies (open data)",
    "source_url": "https://api.data.amsterdam.nl/v1/civieleconstructies/brug/"
   }
  },
  {
   "type": "Feature",
   "geometry": {
    "type": "Point",
    "coordinates": [
     4.884816,
     52.349536
    ]
   },
   "properties": {
    "name": "Hanny Michaelisbrug",
    "object_number": "BRU0405",
    "bridge_type": "Fixed bridge",
    "material": "Staal",
    "manager": "Gemeente",
    "manager_area": "Oud-Zuid",
    "source": "Gemeente Amsterdam – civiele constructies (open data)",
    "source_url": "https://api.data.amsterdam.nl/v1/civieleconstructies/brug/"
   }
  },
  {
   "type": "Feature",
   "geometry": {
    "type": "Point",
    "coordinates": [
     4.886488,
     52.349751
    ]
   },
   "properties": {
    "name": "Boerenweteringbrug",
    "object_number": "BRU0406",
    "bridge_type": "Fixed bridge",
    "material": "Staal",
    "manager": "Gemeente",
    "manager_area": "De Pijp, Rivierenbuurt",
    "source": "Gemeente Amsterdam – civiele constructies (open data)",
    "source_url": "https://api.data.amsterdam.nl/v1/civieleconstructies/brug/"
   }
  },
  {
   "type": "Feature",
   "geometry": {
    "type": "Point",
    "coordinates": [
     4.87904,
     52.351193
    ]
   },
   "properties": {
    "name": "Timo Smeehuijzenbrug",
    "object_number": "BRU0407",
    "bridge_type": "Fixed bridge",
    "material": "Staal",
    "manager": "Gemeente",
    "manager_area": "Oud-Zuid",
    "source": "Gemeente Amsterdam – civiele constructies (open data)",
    "source_url": "https://api.data.amsterdam.nl/v1/civieleconstructies/brug/"
   }
  },
  {
   "type": "Feature",
   "geometry": {
    "type": "Point",
    "coordinates": [
     4.873284,
     52.352207
    ]
   },
   "properties": {
    "name": "Isaac Israëlsbrug",
    "object_number": "BRU0408",
    "bridge_type": "Fixed bridge",
    "material": "Gewapend beton",
    "manager": "Gemeente",
    "manager_area": "Oud-Zuid",
    "source": "Gemeente Amsterdam – civiele constructies (open data)",
    "source_url": "https://api.data.amsterdam.nl/v1/civieleconstructies/brug/"
   }
  },
  {
   "type": "Feature",
   "geometry": {
    "type": "Point",
    "coordinates": [
     4.870589,
     52.352047
    ]
   },
   "properties": {
    "name": "Etty Hillesumbrug",
    "object_number": "BRU0409",
    "bridge_type": "Fixed bridge",
    "material": "Gewapend beton",
    "manager": "Gemeente",
    "manager_area": "Oud-Zuid",
    "source": "Gemeente Amsterdam – civiele constructies (open data)",
    "source_url": "https://api.data.amsterdam.nl/v1/civieleconstructies/brug/"
   }
  },
  {
   "type": "Feature",
   "geometry": {
    "type": "Point",
    "coordinates": [
     4.865282,
     52.350703
    ]
   },
   "properties": {
    "name": "Lyceumbrug",
    "object_number": "BRU0410",
    "bridge_type": "Fixed bridge",
    "material": "Staal",
    "manager": "Gemeente",
    "manager_area": "Oud-Zuid",
    "source": "Gemeente Amsterdam – civiele constructies (open data)",
    "source_url": "https://api.data.amsterdam.nl/v1/civieleconstructies/brug/"
   }
  },
  {
   "type": "Feature",
   "geometry": {
    "type": "Point",
    "coordinates": [
     4.860125,
     52.348783
    ]
   },
   "properties": {
    "name": "Herman van den Eerenbeemtbrug",
    "object_number": "BRU0411",
    "bridge_type": "Fixed bridge",
    "material": "Staal",
    "manager": "Gemeente",
    "manager_area": "Oud-Zuid",
    "source": "Gemeente Amsterdam – civiele constructies (open data)",
    "source_url": "https://api.data.amsterdam.nl/v1/civieleconstructies/brug/"
   }
  },
  {
   "type": "Feature",
   "geometry": {
    "type": "Point",
    "coordinates": [
     4.857553,
     52.342291
    ]
   },
   "properties": {
    "name": "Aldo van Eyckbrug",
    "object_number": "BRU0413",
    "bridge_type": "Fixed bridge",
    "material": "Staal",
    "manager": "Gemeente",
    "manager_area": "Oud-Zuid",
    "source": "Gemeente Amsterdam – civiele constructies (open data)",
    "source_url": "https://api.data.amsterdam.nl/v1/civieleconstructies/brug/"
   }
  },
  {
   "type": "Feature",
   "geometry": {
    "type": "Point",
    "coordinates": [
     4.865415,
     52.343318
    ]
   },
   "properties": {
    "name": "BRU0414",
    "object_number": "BRU0414",
    "bridge_type": "Fixed bridge",
    "material": "Gewapend beton",
    "manager": "Gemeente",
    "manager_area": "Buitenveldert, Zuidas",
    "source": "Gemeente Amsterdam – civiele constructies (open data)",
    "source_url": "https://api.data.amsterdam.nl/v1/civieleconstructies/brug/"
   }
  },
  {
   "type": "Feature",
   "geometry": {
    "type": "Point",
    "coordinates": [
     4.867964,
     52.343968
    ]
   },
   "properties": {
    "name": "Dick Smullbrug",
    "object_number": "BRU0415",
    "bridge_type": "Fixed bridge",
    "material": "Staal",
    "manager": "Gemeente",
    "manager_area": "Buitenveldert, Zuidas",
    "source": "Gemeente Amsterdam – civiele constructies (open data)",
    "source_url": "https://api.data.amsterdam.nl/v1/civieleconstructies/brug/"
   }
  },
  {
   "type": "Feature",
   "geometry": {
    "type": "Point",
    "coordinates": [
     4.872758,
     52.344468
    ]
   },
   "properties": {
    "name": "Ina Boekbinderbrug",
    "object_number": "BRU0416",
    "bridge_type": "Fixed bridge",
    "material": "Gewapend beton",
    "manager": "Gemeente",
    "manager_area": "Buitenveldert, Zuidas",
    "source": "Gemeente Amsterdam – civiele constructies (open data)",
    "source_url": "https://api.data.amsterdam.nl/v1/civieleconstructies/brug/"
   }
  },
  {
   "type": "Feature",
   "geometry": {
    "type": "Point",
    "coordinates": [
     4.876605,
     52.344613
    ]
   },
   "properties": {
    "name": "Joep Langebrug",
    "object_number": "BRU0417",
    "bridge_type": "Fixed bridge",
    "material": "Staal",
    "manager": "Gemeente",
    "manager_area": "Buitenveldert, Zuidas",
    "source": "Gemeente Amsterdam – civiele constructies (open data)",
    "source_url": "https://api.data.amsterdam.nl/v1/civieleconstructies/brug/"
   }
  },
  {
   "type": "Feature",
   "geometry": {
    "type": "Point",
    "coordinates": [
     4.881413,
     52.346038
    ]
   },
   "properties": {
    "name": "Annetje Fels- Kupferschmidtbrug",
    "object_number": "BRU0418",
    "bridge_type": "Fixed bridge",
    "material": "Staal",
    "manager": "Gemeente",
    "manager_area": "Oud-Zuid",
    "source": "Gemeente Amsterdam – civiele constructies (open data)",
    "source_url": "https://api.data.amsterdam.nl/v1/civieleconstructies/brug/"
   }
  },
  {
   "type": "Feature",
   "geometry": {
    "type": "Point",
    "coordinates": [
     4.884528,
     52.34764
    ]
   },
   "properties": {
    "name": "Hildo Kropbrug",
    "object_number": "BRU0419",
    "bridge_type": "Fixed bridge",
    "material": "Staal",
    "manager": "Gemeente",
    "manager_area": "Oud-Zuid",
    "source": "Gemeente Amsterdam – civiele constructies (open data)",
    "source_url": "https://api.data.amsterdam.nl/v1/civieleconstructies/brug/"
   }
  },
  {
   "type": "Feature",
   "geometry": {
    "type": "Point",
    "coordinates": [
     4.886129,
     52.347376
    ]
   },
   "properties": {
    "name": "Kindertjesbrug",
    "object_number": "BRU0420",
    "bridge_type": "Fixed bridge",
    "material": "Staal",
    "manager": "Gemeente",
    "manager_area": "De Pijp, Rivierenbuurt",
    "source": "Gemeente Amsterdam – civiele constructies (open data)",
    "source_url": "https://api.data.amsterdam.nl/v1/civieleconstructies/brug/"
   }
  },
  {
   "type": "Feature",
   "geometry": {
    "type": "Point",
    "coordinates": [
     4.860464,
     52.342548
    ]
   },
   "properties": {
    "name": "BRU0421",
    "object_number": "BRU0421",
    "bridge_type": "Fixed bridge",
    "material": "Beton",
    "manager": "Gemeente",
    "manager_area": "Oud-Zuid",
    "source": "Gemeente Amsterdam – civiele constructies (open data)",
    "source_url": "https://api.data.amsterdam.nl/v1/civieleconstructies/brug/"
   }
  },
  {
   "type": "Feature",
   "geometry": {
    "type": "Point",
    "coordinates": [
     4.885737,
     52.344483
    ]
   },
   "properties": {
    "name": "Jeroen Oerlemansbrug",
    "object_number": "BRU0422",
    "bridge_type": "Fixed bridge",
    "material": "Staal",
    "manager": "Gemeente",
    "manager_area": "Oud-Zuid",
    "source": "Gemeente Amsterdam – civiele constructies (open data)",
    "source_url": "https://api.data.amsterdam.nl/v1/civieleconstructies/brug/"
   }
  },
  {
   "type": "Feature",
   "geometry": {
    "type": "Point",
    "coordinates": [
     4.916439,
     52.35
    ]
   },
   "properties": {
    "name": "BRU0427",
    "object_number": "BRU0427",
    "bridge_type": "Fixed bridge",
    "material": "Gewapend beton",
    "manager": "Gemeente",
    "manager_area": "Watergraafsmeer",
    "source": "Gemeente Amsterdam – civiele constructies (open data)",
    "source_url": "https://api.data.amsterdam.nl/v1/civieleconstructies/brug/"
   }
  },
  {
   "type": "Feature",
   "geometry": {
    "type": "Point",
    "coordinates": [
     4.918877,
     52.342449
    ]
   },
   "properties": {
    "name": "Omvalbrug",
    "object_number": "BRU0429",
    "bridge_type": "Movable bridge",
    "material": "Hout",
    "manager": "Gemeente",
    "manager_area": "Watergraafsmeer",
    "source": "Gemeente Amsterdam – civiele constructies (open data)",
    "source_url": "https://api.data.amsterdam.nl/v1/civieleconstructies/brug/"
   }
  },
  {
   "type": "Feature",
   "geometry": {
    "type": "Point",
    "coordinates": [
     4.936765,
     52.393574
    ]
   },
   "properties": {
    "name": "BRU0432",
    "object_number": "BRU0432",
    "bridge_type": "Fixed bridge",
    "material": "Beton",
    "manager": "Gemeente",
    "manager_area": "Noord-Oost",
    "source": "Gemeente Amsterdam – civiele constructies (open data)",
    "source_url": "https://api.data.amsterdam.nl/v1/civieleconstructies/brug/"
   }
  },
  {
   "type": "Feature",
   "geometry": {
    "type": "Point",
    "coordinates": [
     4.934097,
     52.368754
    ]
   },
   "properties": {
    "name": "BRU0445",
    "object_number": "BRU0445",
    "bridge_type": "Fixed bridge",
    "material": "Staal",
    "manager": "Gemeente",
    "manager_area": "Indische Buurt, Oostelijk Havengebied",
    "source": "Gemeente Amsterdam – civiele constructies (open data)",
    "source_url": "https://api.data.amsterdam.nl/v1/civieleconstructies/brug/"
   }
  },
  {
   "type": "Feature",
   "geometry": {
    "type": "Point",
    "coordinates": [
     4.92878,
     52.347872
    ]
   },
   "properties": {
    "name": "BRU0448",
    "object_number": "BRU0448",
    "bridge_type": "Fixed bridge",
    "material": "Gewapend beton",
    "manager": "Gemeente",
    "manager_area": "Watergraafsmeer",
    "source": "Gemeente Amsterdam – civiele constructies (open data)",
    "source_url": "https://api.data.amsterdam.nl/v1/civieleconstructies/brug/"
   }
  },
  {
   "type": "Feature",
   "geometry": {
    "type": "Point",
    "coordinates": [
     4.865482,
     52.385476
    ]
   },
   "properties": {
    "name": "BRU0463",
    "object_number": "BRU0463",
    "bridge_type": "Fixed bridge",
    "material": "Metselwerk",
    "manager": "Gemeente",
    "manager_area": "Westerpark",
    "source": "Gemeente Amsterdam – civiele constructies (open data)",
    "source_url": "https://api.data.amsterdam.nl/v1/civieleconstructies/brug/"
   }
  },
  {
   "type": "Feature",
   "geometry": {
    "type": "Point",
    "coordinates": [
     4.904949,
     52.366289
    ]
   },
   "properties": {
    "name": "BRU0464",
    "object_number": "BRU0464",
    "bridge_type": "Fixed bridge",
    "material": "Gewapend beton",
    "manager": "Gemeente",
    "manager_area": "Centrum-Oost",
    "source": "Gemeente Amsterdam – civiele constructies (open data)",
    "source_url": "https://api.data.amsterdam.nl/v1/civieleconstructies/brug/"
   }
  },
  {
   "type": "Feature",
   "geometry": {
    "type": "Point",
    "coordinates": [
     4.910851,
     52.377535
    ]
   },
   "properties": {
    "name": "Dees Postmabrug",
    "object_number": "BRU0485",
    "bridge_type": "Movable bridge",
    "material": "Gewapend beton",
    "manager": "Gemeente",
    "manager_area": "Centrum-Oost",
    "source": "Gemeente Amsterdam – civiele constructies (open data)",
    "source_url": "https://api.data.amsterdam.nl/v1/civieleconstructies/brug/"
   }
  },
  {
   "type": "Feature",
   "geometry": {
    "type": "Point",
    "coordinates": [
     4.904555,
     52.378236
    ]
   },
   "properties": {
    "name": "BRU0486",
    "object_number": "BRU0486",
    "bridge_type": "Fixed bridge",
    "material": "Beton",
    "manager": "Gemeente",
    "manager_area": "Centrum-West",
    "source": "Gemeente Amsterdam – civiele constructies (open data)",
    "source_url": "https://api.data.amsterdam.nl/v1/civieleconstructies/brug/"
   }
  },
  {
   "type": "Feature",
   "geometry": {
    "type": "Point",
    "coordinates": [
     4.912794,
     52.371045
    ]
   },
   "properties": {
    "name": "Kortjewantsbrug",
    "object_number": "BRU0487",
    "bridge_type": "Movable bridge",
    "material": "Staal",
    "manager": "Gemeente",
    "manager_area": "Centrum-Oost",
    "source": "Gemeente Amsterdam – civiele constructies (open data)",
    "source_url": "https://api.data.amsterdam.nl/v1/civieleconstructies/brug/"
   }
  },
  {
   "type": "Feature",
   "geometry": {
    "type": "Point",
    "coordinates": [
     4.918299,
     52.389745
    ]
   },
   "properties": {
    "name": "BRU0491",
    "object_number": "BRU0491",
    "bridge_type": "Movable bridge",
    "material": "Staal",
    "manager": "Gemeente",
    "manager_area": "Oud-Noord",
    "source": "Gemeente Amsterdam – civiele constructies (open data)",
    "source_url": "https://api.data.amsterdam.nl/v1/civieleconstructies/brug/"
   }
  },
  {
   "type": "Feature",
   "geometry": {
    "type": "Point",
    "coordinates": [
     4.885477,
     52.342574
    ]
   },
   "properties": {
    "name": "BRU0497",
    "object_number": "BRU0497",
    "bridge_type": "Movable bridge",
    "material": "Gewapend beton",
    "manager": "Gemeente",
    "manager_area": "Buitenveldert, Zuidas",
    "source": "Gemeente Amsterdam – civiele constructies (open data)",
    "source_url": "https://api.data.amsterdam.nl/v1/civieleconstructies/brug/"
   }
  },
  {
   "type": "Feature",
   "geometry": {
    "type": "Point",
    "coordinates": [
     4.849419,
     52.363107
    ]
   },
   "properties": {
    "name": "BRU0682",
    "object_number": "BRU0682",
    "bridge_type": "Fixed bridge",
    "material": "Beton",
    "manager": "Gemeente",
    "manager_area": "Slotervaart",
    "source": "Gemeente Amsterdam – civiele constructies (open data)",
    "source_url": "https://api.data.amsterdam.nl/v1/civieleconstructies/brug/"
   }
  },
  {
   "type": "Feature",
   "geometry": {
    "type": "Point",
    "coordinates": [
     4.849492,
     52.361838
    ]
   },
   "properties": {
    "name": "BRU0683",
    "object_number": "BRU0683",
    "bridge_type": "Fixed bridge",
    "material": "Beton",
    "manager": "Gemeente",
    "manager_area": "Slotervaart",
    "source": "Gemeente Amsterdam – civiele constructies (open data)",
    "source_url": "https://api.data.amsterdam.nl/v1/civieleconstructies/brug/"
   }
  },
  {
   "type": "Feature",
   "geometry": {
    "type": "Point",
    "coordinates": [
     4.848883,
     52.35972
    ]
   },
   "properties": {
    "name": "Duizendste Brug",
    "object_number": "BRU0684",
    "bridge_type": "Fixed bridge",
    "material": "Beton",
    "manager": "Gemeente",
    "manager_area": "Slotervaart",
    "source": "Gemeente Amsterdam – civiele constructies (open data)",
    "source_url": "https://api.data.amsterdam.nl/v1/civieleconstructies/brug/"
   }
  },
  {
   "type": "Feature",
   "geometry": {
    "type": "Point",
    "coordinates": [
     4.847753,
     52.355558
    ]
   },
   "properties": {
    "name": "BRU0695",
    "object_number": "BRU0695",
    "bridge_type": "Fixed bridge",
    "material": "Gewapend beton",
    "manager": "Gemeente",
    "manager_area": "Oud-Zuid",
    "source": "Gemeente Amsterdam – civiele constructies (open data)",
    "source_url": "https://api.data.amsterdam.nl/v1/civieleconstructies/brug/"
   }
  },
  {
   "type": "Feature",
   "geometry": {
    "type": "Point",
    "coordinates": [
     4.853485,
     52.341817
    ]
   },
   "properties": {
    "name": "Na Druk Gelukbrug",
    "object_number": "BRU0696",
    "bridge_type": "Fixed bridge",
    "material": null,
    "manager": "Gemeente",
    "manager_area": "Oud-Zuid",
    "source": "Gemeente Amsterdam – civiele constructies (open data)",
    "source_url": "https://api.data.amsterdam.nl/v1/civieleconstructies/brug/"
   }
  },
  {
   "type": "Feature",
   "geometry": {
    "type": "Point",
    "coordinates": [
     4.917983,
     52.389587
    ]
   },
   "properties": {
    "name": "Jip Golsteijnbrug",
    "object_number": "BRU0968",
    "bridge_type": "Movable bridge",
    "material": "Staal",
    "manager": "Gemeente",
    "manager_area": "Oud-Noord",
    "source": "Gemeente Amsterdam – civiele constructies (open data)",
    "source_url": "https://api.data.amsterdam.nl/v1/civieleconstructies/brug/"
   }
  },
  {
   "type": "Feature",
   "geometry": {
    "type": "Point",
    "coordinates": [
     4.925217,
     52.404805
    ]
   },
   "properties": {
    "name": "BRU0970",
    "object_number": "BRU0970",
    "bridge_type": "Movable bridge",
    "material": "Staal",
    "manager": "Gemeente",
    "manager_area": "Noord-West",
    "source": "Gemeente Amsterdam – civiele constructies (open data)",
    "source_url": "https://api.data.amsterdam.nl/v1/civieleconstructies/brug/"
   }
  },
  {
   "type": "Feature",
   "geometry": {
    "type": "Point",
    "coordinates": [
     4.970456,
     52.392052
    ]
   },
   "properties": {
    "name": "BRU0978",
    "object_number": "BRU0978",
    "bridge_type": "Fixed bridge",
    "material": "Hout",
    "manager": "Gemeente",
    "manager_area": "Noord-Oost",
    "source": "Gemeente Amsterdam – civiele constructies (open data)",
    "source_url": "https://api.data.amsterdam.nl/v1/civieleconstructies/brug/"
   }
  },
  {
   "type": "Feature",
   "geometry": {
    "type": "Point",
    "coordinates": [
     4.953637,
     52.387492
    ]
   },
   "properties": {
    "name": "BRU0990",
    "object_number": "BRU0990",
    "bridge_type": "Fixed bridge",
    "material": "Hout",
    "manager": "Gemeente",
    "manager_area": "Noord-Oost",
    "source": "Gemeente Amsterdam – civiele constructies (open data)",
    "source_url": "https://api.data.amsterdam.nl/v1/civieleconstructies/brug/"
   }
  },
  {
   "type": "Feature",
   "geometry": {
    "type": "Point",
    "coordinates": [
     4.907256,
     52.386178
    ]
   },
   "properties": {
    "name": "Van der Pekbrug",
    "object_number": "BRU0995",
    "bridge_type": "Fixed bridge",
    "material": "Gewapend beton",
    "manager": "Gemeente",
    "manager_area": "Oud-Noord",
    "source": "Gemeente Amsterdam – civiele constructies (open data)",
    "source_url": "https://api.data.amsterdam.nl/v1/civieleconstructies/brug/"
   }
  },
  {
   "type": "Feature",
   "geometry": {
    "type": "Point",
    "coordinates": [
     4.943772,
     52.33687
    ]
   },
   "properties": {
    "name": "Duivendrechtsebrug",
    "object_number": "BRU1267",
    "bridge_type": "Movable bridge",
    "material": "Staal",
    "manager": "Gemeente",
    "manager_area": "Watergraafsmeer",
    "source": "Gemeente Amsterdam – civiele constructies (open data)",
    "source_url": "https://api.data.amsterdam.nl/v1/civieleconstructies/brug/"
   }
  },
  {
   "type": "Feature",
   "geometry": {
    "type": "Point",
    "coordinates": [
     4.85095,
     52.344901
    ]
   },
   "properties": {
    "name": "BRU1633",
    "object_number": "BRU1633",
    "bridge_type": "Fixed bridge",
    "material": null,
    "manager": "Gemeente",
    "manager_area": "Oud-Zuid",
    "source": "Gemeente Amsterdam – civiele constructies (open data)",
    "source_url": "https://api.data.amsterdam.nl/v1/civieleconstructies/brug/"
   }
  },
  {
   "type": "Feature",
   "geometry": {
    "type": "Point",
    "coordinates": [
     4.851453,
     52.343297
    ]
   },
   "properties": {
    "name": "BRU1634",
    "object_number": "BRU1634",
    "bridge_type": "Fixed bridge",
    "material": null,
    "manager": "Gemeente",
    "manager_area": "Oud-Zuid",
    "source": "Gemeente Amsterdam – civiele constructies (open data)",
    "source_url": "https://api.data.amsterdam.nl/v1/civieleconstructies/brug/"
   }
  },
  {
   "type": "Feature",
   "geometry": {
    "type": "Point",
    "coordinates": [
     4.850872,
     52.344942
    ]
   },
   "properties": {
    "name": "BRU1696",
    "object_number": "BRU1696",
    "bridge_type": "Fixed bridge",
    "material": null,
    "manager": "Gemeente",
    "manager_area": "Oud-Zuid",
    "source": "Gemeente Amsterdam – civiele constructies (open data)",
    "source_url": "https://api.data.amsterdam.nl/v1/civieleconstructies/brug/"
   }
  },
  {
   "type": "Feature",
   "geometry": {
    "type": "Point",
    "coordinates": [
     4.851369,
     52.343257
    ]
   },
   "properties": {
    "name": "BRU1697",
    "object_number": "BRU1697",
    "bridge_type": "Fixed bridge",
    "material": null,
    "manager": "Gemeente",
    "manager_area": "Oud-Zuid",
    "source": "Gemeente Amsterdam – civiele constructies (open data)",
    "source_url": "https://api.data.amsterdam.nl/v1/civieleconstructies/brug/"
   }
  },
  {
   "type": "Feature",
   "geometry": {
    "type": "Point",
    "coordinates": [
     4.930475,
     52.41178
    ]
   },
   "properties": {
    "name": "BRU1710",
    "object_number": "BRU1710",
    "bridge_type": "Fixed bridge",
    "material": "Beton",
    "manager": "Gemeente",
    "manager_area": "Noord-West",
    "source": "Gemeente Amsterdam – civiele constructies (open data)",
    "source_url": "https://api.data.amsterdam.nl/v1/civieleconstructies/brug/"
   }
  },
  {
   "type": "Feature",
   "geometry": {
    "type": "Point",
    "coordinates": [
     4.967935,
     52.395307
    ]
   },
   "properties": {
    "name": "Boogkanaalbrug",
    "object_number": "BRU1732",
    "bridge_type": "Fixed bridge",
    "material": "Hout",
    "manager": "Gemeente",
    "manager_area": "Noord-Oost",
    "source": "Gemeente Amsterdam – civiele constructies (open data)",
    "source_url": "https://api.data.amsterdam.nl/v1/civieleconstructies/brug/"
   }
  },
  {
   "type": "Feature",
   "geometry": {
    "type": "Point",
    "coordinates": [
     4.946628,
     52.409926
    ]
   },
   "properties": {
    "name": "Oude Tramwegbrug",
    "object_number": "BRU1733",
    "bridge_type": "Fixed bridge",
    "material": "Staal",
    "manager": "Gemeente",
    "manager_area": "Noord-Oost",
    "source": "Gemeente Amsterdam – civiele constructies (open data)",
    "source_url": "https://api.data.amsterdam.nl/v1/civieleconstructies/brug/"
   }
  },
  {
   "type": "Feature",
   "geometry": {
    "type": "Point",
    "coordinates": [
     4.897791,
     52.394207
    ]
   },
   "properties": {
    "name": "BRU1774",
    "object_number": "BRU1774",
    "bridge_type": "Fixed bridge",
    "material": "Gewapend beton",
    "manager": "Gemeente",
    "manager_area": "Oud-Noord",
    "source": "Gemeente Amsterdam – civiele constructies (open data)",
    "source_url": "https://api.data.amsterdam.nl/v1/civieleconstructies/brug/"
   }
  },
  {
   "type": "Feature",
   "geometry": {
    "type": "Point",
    "coordinates": [
     4.907108,
     52.408787
    ]
   },
   "properties": {
    "name": "Kadoelenbrug",
    "object_number": "BRU1787",
    "bridge_type": "Movable bridge",
    "material": "Gewapend beton",
    "manager": "Gemeente",
    "manager_area": "Noord-West",
    "source": "Gemeente Amsterdam – civiele constructies (open data)",
    "source_url": "https://api.data.amsterdam.nl/v1/civieleconstructies/brug/"
   }
  },
  {
   "type": "Feature",
   "geometry": {
    "type": "Point",
    "coordinates": [
     4.897963,
     52.399714
    ]
   },
   "properties": {
    "name": "Theo Fransmanbrug",
    "object_number": "BRU1788",
    "bridge_type": "Movable bridge",
    "material": "Staal",
    "manager": "Gemeente",
    "manager_area": "Oud-Noord",
    "source": "Gemeente Amsterdam – civiele constructies (open data)",
    "source_url": "https://api.data.amsterdam.nl/v1/civieleconstructies/brug/"
   }
  },
  {
   "type": "Feature",
   "geometry": {
    "type": "Point",
    "coordinates": [
     4.901874,
     52.411831
    ]
   },
   "properties": {
    "name": "Druivenbrug",
    "object_number": "BRU1796",
    "bridge_type": "Movable bridge",
    "material": "Gewapend beton",
    "manager": "Gemeente",
    "manager_area": "Noord-West",
    "source": "Gemeente Amsterdam – civiele constructies (open data)",
    "source_url": "https://api.data.amsterdam.nl/v1/civieleconstructies/brug/"
   }
  },
  {
   "type": "Feature",
   "geometry": {
    "type": "Point",
    "coordinates": [
     4.881464,
     52.364862
    ]
   },
   "properties": {
    "name": "Melkfabriekbrug",
    "object_number": "BRU1900",
    "bridge_type": "Movable bridge",
    "material": "Staal",
    "manager": "Gemeente",
    "manager_area": "Centrum-Oost",
    "source": "Gemeente Amsterdam – civiele constructies (open data)",
    "source_url": "https://api.data.amsterdam.nl/v1/civieleconstructies/brug/"
   }
  },
  {
   "type": "Feature",
   "geometry": {
    "type": "Point",
    "coordinates": [
     4.890214,
     52.382802
    ]
   },
   "properties": {
    "name": "BRU1901",
    "object_number": "BRU1901",
    "bridge_type": "Fixed bridge",
    "material": "Hout",
    "manager": "Gemeente",
    "manager_area": "Centrum-West",
    "source": "Gemeente Amsterdam – civiele constructies (open data)",
    "source_url": "https://api.data.amsterdam.nl/v1/civieleconstructies/brug/"
   }
  },
  {
   "type": "Feature",
   "geometry": {
    "type": "Point",
    "coordinates": [
     4.878246,
     52.383906
    ]
   },
   "properties": {
    "name": "BRU1902",
    "object_number": "BRU1902",
    "bridge_type": "Fixed bridge",
    "material": "Staal",
    "manager": "Gemeente",
    "manager_area": "Westerpark",
    "source": "Gemeente Amsterdam – civiele constructies (open data)",
    "source_url": "https://api.data.amsterdam.nl/v1/civieleconstructies/brug/"
   }
  },
  {
   "type": "Feature",
   "geometry": {
    "type": "Point",
    "coordinates": [
     4.922485,
     52.370221
    ]
   },
   "properties": {
    "name": "Ezelsbrug",
    "object_number": "BRU1904",
    "bridge_type": "Movable bridge",
    "material": "Hout",
    "manager": "Gemeente",
    "manager_area": "Centrum-Oost",
    "source": "Gemeente Amsterdam – civiele constructies (open data)",
    "source_url": "https://api.data.amsterdam.nl/v1/civieleconstructies/brug/"
   }
  },
  {
   "type": "Feature",
   "geometry": {
    "type": "Point",
    "coordinates": [
     4.913798,
     52.368621
    ]
   },
   "properties": {
    "name": "Nijlpaardenbrug",
    "object_number": "BRU1907",
    "bridge_type": "Movable bridge",
    "material": "Staal",
    "manager": "Gemeente",
    "manager_area": "Centrum-Oost",
    "source": "Gemeente Amsterdam – civiele constructies (open data)",
    "source_url": "https://api.data.amsterdam.nl/v1/civieleconstructies/brug/"
   }
  },
  {
   "type": "Feature",
   "geometry": {
    "type": "Point",
    "coordinates": [
     4.88192,
     52.389682
    ]
   },
   "properties": {
    "name": "BRU1908",
    "object_number": "BRU1908",
    "bridge_type": "Fixed bridge",
    "material": "Beton",
    "manager": "Gemeente",
    "manager_area": "Westerpark",
    "source": "Gemeente Amsterdam – civiele constructies (open data)",
    "source_url": "https://api.data.amsterdam.nl/v1/civieleconstructies/brug/"
   }
  },
  {
   "type": "Feature",
   "geometry": {
    "type": "Point",
    "coordinates": [
     4.881231,
     52.389174
    ]
   },
   "properties": {
    "name": "BRU1909",
    "object_number": "BRU1909",
    "bridge_type": "Fixed bridge",
    "material": "Staal",
    "manager": "Gemeente",
    "manager_area": "Westerpark",
    "source": "Gemeente Amsterdam – civiele constructies (open data)",
    "source_url": "https://api.data.amsterdam.nl/v1/civieleconstructies/brug/"
   }
  },
  {
   "type": "Feature",
   "geometry": {
    "type": "Point",
    "coordinates": [
     4.881803,
     52.388787
    ]
   },
   "properties": {
    "name": "Robiënnabrug",
    "object_number": "BRU1910",
    "bridge_type": "Fixed bridge",
    "material": "Hout",
    "manager": "Gemeente",
    "manager_area": "Westerpark",
    "source": "Gemeente Amsterdam – civiele constructies (open data)",
    "source_url": "https://api.data.amsterdam.nl/v1/civieleconstructies/brug/"
   }
  },
  {
   "type": "Feature",
   "geometry": {
    "type": "Point",
    "coordinates": [
     4.921605,
     52.372718
    ]
   },
   "properties": {
    "name": "Witte Katbrug",
    "object_number": "BRU1914",
    "bridge_type": "Fixed bridge",
    "material": "Hout",
    "manager": "Gemeente",
    "manager_area": "Centrum-Oost",
    "source": "Gemeente Amsterdam – civiele constructies (open data)",
    "source_url": "https://api.data.amsterdam.nl/v1/civieleconstructies/brug/"
   }
  },
  {
   "type": "Feature",
   "geometry": {
    "type": "Point",
    "coordinates": [
     4.946081,
     52.367362
    ]
   },
   "properties": {
    "name": "Ad Grimmonbrug",
    "object_number": "BRU1915",
    "bridge_type": "Fixed bridge",
    "material": "Beton",
    "manager": "Gemeente",
    "manager_area": "Indische Buurt, Oostelijk Havengebied",
    "source": "Gemeente Amsterdam – civiele constructies (open data)",
    "source_url": "https://api.data.amsterdam.nl/v1/civieleconstructies/brug/"
   }
  },
  {
   "type": "Feature",
   "geometry": {
    "type": "Point",
    "coordinates": [
     4.946113,
     52.36664
    ]
   },
   "properties": {
    "name": "BRU1916",
    "object_number": "BRU1916",
    "bridge_type": "Fixed bridge",
    "material": "Beton",
    "manager": "Gemeente",
    "manager_area": "Indische Buurt, Oostelijk Havengebied",
    "source": "Gemeente Amsterdam – civiele constructies (open data)",
    "source_url": "https://api.data.amsterdam.nl/v1/civieleconstructies/brug/"
   }
  },
  {
   "type": "Feature",
   "geometry": {
    "type": "Point",
    "coordinates": [
     4.882068,
     52.361956
    ]
   },
   "properties": {
    "name": "Hein Donnerbrug",
    "object_number": "BRU1922",
    "bridge_type": "Fixed bridge",
    "material": "Gewapend beton",
    "manager": "Gemeente",
    "manager_area": "Oud-Zuid",
    "source": "Gemeente Amsterdam – civiele constructies (open data)",
    "source_url": "https://api.data.amsterdam.nl/v1/civieleconstructies/brug/"
   }
  },
  {
   "type": "Feature",
   "geometry": {
    "type": "Point",
    "coordinates": [
     4.868688,
     52.364248
    ]
   },
   "properties": {
    "name": "Ketelhuisbrug",
    "object_number": "BRU1923",
    "bridge_type": "Fixed bridge",
    "material": "Staal",
    "manager": "Gemeente",
    "manager_area": "Oud-West, De Baarsjes",
    "source": "Gemeente Amsterdam – civiele constructies (open data)",
    "source_url": "https://api.data.amsterdam.nl/v1/civieleconstructies/brug/"
   }
  },
  {
   "type": "Feature",
   "geometry": {
    "type": "Point",
    "coordinates": [
     4.894269,
     52.383597
    ]
   },
   "properties": {
    "name": "Vluchthavenbrug",
    "object_number": "BRU1927",
    "bridge_type": "Movable bridge",
    "material": "Gewapend beton",
    "manager": "Gemeente",
    "manager_area": "Centrum-West",
    "source": "Gemeente Amsterdam – civiele constructies (open data)",
    "source_url": "https://api.data.amsterdam.nl/v1/civieleconstructies/brug/"
   }
  },
  {
   "type": "Feature",
   "geometry": {
    "type": "Point",
    "coordinates": [
     4.867755,
     52.371832
    ]
   },
   "properties": {
    "name": "Katterug",
    "object_number": "BRU1935",
    "bridge_type": "Fixed bridge",
    "material": "Staal",
    "manager": "Gemeente",
    "manager_area": "Oud-West, De Baarsjes",
    "source": "Gemeente Amsterdam – civiele constructies (open data)",
    "source_url": "https://api.data.amsterdam.nl/v1/civieleconstructies/brug/"
   }
  },
  {
   "type": "Feature",
   "geometry": {
    "type": "Point",
    "coordinates": [
     4.921442,
     52.365799
    ]
   },
   "properties": {
    "name": "BRU1938",
    "object_number": "BRU1938",
    "bridge_type": "Fixed bridge",
    "material": "Beton",
    "manager": "Gemeente",
    "manager_area": "Centrum-Oost",
    "source": "Gemeente Amsterdam – civiele constructies (open data)",
    "source_url": "https://api.data.amsterdam.nl/v1/civieleconstructies/brug/"
   }
  },
  {
   "type": "Feature",
   "geometry": {
    "type": "Point",
    "coordinates": [
     4.938518,
     52.369937
    ]
   },
   "properties": {
    "name": "Magaret Staal-Krophollerbrug",
    "object_number": "BRU1940",
    "bridge_type": "Fixed bridge",
    "material": "Gewapend beton",
    "manager": "Gemeente",
    "manager_area": "Indische Buurt, Oostelijk Havengebied",
    "source": "Gemeente Amsterdam – civiele constructies (open data)",
    "source_url": "https://api.data.amsterdam.nl/v1/civieleconstructies/brug/"
   }
  },
  {
   "type": "Feature",
   "geometry": {
    "type": "Point",
    "coordinates": [
     4.923859,
     52.364662
    ]
   },
   "properties": {
    "name": "Oliphantsbrug",
    "object_number": "BRU1957",
    "bridge_type": "Fixed bridge",
    "material": "Staal",
    "manager": "Gemeente",
    "manager_area": "Centrum-Oost",
    "source": "Gemeente Amsterdam – civiele constructies (open data)",
    "source_url": "https://api.data.amsterdam.nl/v1/civieleconstructies/brug/"
   }
  },
  {
   "type": "Feature",
   "geometry": {
    "type": "Point",
    "coordinates": [
     4.912454,
     52.338662
    ]
   },
   "properties": {
    "name": "Korte Ouderkerkerbrug",
    "object_number": "BRU1962",
    "bridge_type": "Fixed bridge",
    "material": "Beton",
    "manager": "Gemeente",
    "manager_area": "Watergraafsmeer",
    "source": "Gemeente Amsterdam – civiele constructies (open data)",
    "source_url": "https://api.data.amsterdam.nl/v1/civieleconstructies/brug/"
   }
  },
  {
   "type": "Feature",
   "geometry": {
    "type": "Point",
    "coordinates": [
     4.933835,
     52.366543
    ]
   },
   "properties": {
    "name": "Panamabrug",
    "object_number": "BRU1965",
    "bridge_type": "Fixed bridge",
    "material": "Beton",
    "manager": "Gemeente",
    "manager_area": "Indische Buurt, Oostelijk Havengebied",
    "source": "Gemeente Amsterdam – civiele constructies (open data)",
    "source_url": "https://api.data.amsterdam.nl/v1/civieleconstructies/brug/"
   }
  },
  {
   "type": "Feature",
   "geometry": {
    "type": "Point",
    "coordinates": [
     4.933822,
     52.367256
    ]
   },
   "properties": {
    "name": "BRU1966",
    "object_number": "BRU1966",
    "bridge_type": "Fixed bridge",
    "material": "Beton",
    "manager": "Gemeente",
    "manager_area": "Indische Buurt, Oostelijk Havengebied",
    "source": "Gemeente Amsterdam – civiele constructies (open data)",
    "source_url": "https://api.data.amsterdam.nl/v1/civieleconstructies/brug/"
   }
  },
  {
   "type": "Feature",
   "geometry": {
    "type": "Point",
    "coordinates": [
     4.869746,
     52.376054
    ]
   },
   "properties": {
    "name": "Buysbrug",
    "object_number": "BRU1972",
    "bridge_type": "Movable bridge",
    "material": "Staal",
    "manager": "Gemeente",
    "manager_area": "Westerpark",
    "source": "Gemeente Amsterdam – civiele constructies (open data)",
    "source_url": "https://api.data.amsterdam.nl/v1/civieleconstructies/brug/"
   }
  },
  {
   "type": "Feature",
   "geometry": {
    "type": "Point",
    "coordinates": [
     4.869433,
     52.38556
    ]
   },
   "properties": {
    "name": "De Arendbrug",
    "object_number": "BRU1973",
    "bridge_type": "Movable bridge",
    "material": "Staal",
    "manager": "Gemeente",
    "manager_area": "Westerpark",
    "source": "Gemeente Amsterdam – civiele constructies (open data)",
    "source_url": "https://api.data.amsterdam.nl/v1/civieleconstructies/brug/"
   }
  },
  {
   "type": "Feature",
   "geometry": {
    "type": "Point",
    "coordinates": [
     4.936741,
     52.369539
    ]
   },
   "properties": {
    "name": "Borneosteiger",
    "object_number": "BRU1981",
    "bridge_type": "Movable bridge",
    "material": "Gewapend beton",
    "manager": "Gemeente",
    "manager_area": "Indische Buurt, Oostelijk Havengebied",
    "source": "Gemeente Amsterdam – civiele constructies (open data)",
    "source_url": "https://api.data.amsterdam.nl/v1/civieleconstructies/brug/"
   }
  },
  {
   "type": "Feature",
   "geometry": {
    "type": "Point",
    "coordinates": [
     4.93649,
     52.369844
    ]
   },
   "properties": {
    "name": "BRU1982",
    "object_number": "BRU1982",
    "bridge_type": "Fixed bridge",
    "material": "Staal",
    "manager": "Gemeente",
    "manager_area": "Indische Buurt, Oostelijk Havengebied",
    "source": "Gemeente Amsterdam – civiele constructies (open data)",
    "source_url": "https://api.data.amsterdam.nl/v1/civieleconstructies/brug/"
   }
  },
  {
   "type": "Feature",
   "geometry": {
    "type": "Point",
    "coordinates": [
     4.933075,
     52.378358
    ]
   },
   "properties": {
    "name": "Serang",
    "object_number": "BRU1983",
    "bridge_type": "Fixed bridge",
    "material": null,
    "manager": "Gemeente",
    "manager_area": "Indische Buurt, Oostelijk Havengebied",
    "source": "Gemeente Amsterdam – civiele constructies (open data)",
    "source_url": "https://api.data.amsterdam.nl/v1/civieleconstructies/brug/"
   }
  },
  {
   "type": "Feature",
   "geometry": {
    "type": "Point",
    "coordinates": [
     4.932934,
     52.378058
    ]
   },
   "properties": {
    "name": "Conscience",
    "object_number": "BRU1984",
    "bridge_type": "Fixed bridge",
    "material": null,
    "manager": "Gemeente",
    "manager_area": "Indische Buurt, Oostelijk Havengebied",
    "source": "Gemeente Amsterdam – civiele constructies (open data)",
    "source_url": "https://api.data.amsterdam.nl/v1/civieleconstructies/brug/"
   }
  },
  {
   "type": "Feature",
   "geometry": {
    "type": "Point",
    "coordinates": [
     4.932611,
     52.37736
    ]
   },
   "properties": {
    "name": "Idee",
    "object_number": "BRU1985",
    "bridge_type": "Fixed bridge",
    "material": null,
    "manager": "Gemeente",
    "manager_area": "Indische Buurt, Oostelijk Havengebied",
    "source": "Gemeente Amsterdam – civiele constructies (open data)",
    "source_url": "https://api.data.amsterdam.nl/v1/civieleconstructies/brug/"
   }
  },
  {
   "type": "Feature",
   "geometry": {
    "type": "Point",
    "coordinates": [
     4.930168,
     52.378897
    ]
   },
   "properties": {
    "name": "Majang",
    "object_number": "BRU1986",
    "bridge_type": "Fixed bridge",
    "material": null,
    "manager": "Gemeente",
    "manager_area": "Indische Buurt, Oostelijk Havengebied",
    "source": "Gemeente Amsterdam – civiele constructies (open data)",
    "source_url": "https://api.data.amsterdam.nl/v1/civieleconstructies/brug/"
   }
  },
  {
   "type": "Feature",
   "geometry": {
    "type": "Point",
    "coordinates": [
     4.930025,
     52.378588
    ]
   },
   "properties": {
    "name": "Kunst",
    "object_number": "BRU1987",
    "bridge_type": "Fixed bridge",
    "material": null,
    "manager": "Gemeente",
    "manager_area": "Indische Buurt, Oostelijk Havengebied",
    "source": "Gemeente Amsterdam – civiele constructies (open data)",
    "source_url": "https://api.data.amsterdam.nl/v1/civieleconstructies/brug/"
   }
  },
  {
   "type": "Feature",
   "geometry": {
    "type": "Point",
    "coordinates": [
     4.929852,
     52.378193
    ]
   },
   "properties": {
    "name": "Licht",
    "object_number": "BRU1988",
    "bridge_type": "Fixed bridge",
    "material": null,
    "manager": "Gemeente",
    "manager_area": "Indische Buurt, Oostelijk Havengebied",
    "source": "Gemeente Amsterdam – civiele constructies (open data)",
    "source_url": "https://api.data.amsterdam.nl/v1/civieleconstructies/brug/"
   }
  },
  {
   "type": "Feature",
   "geometry": {
    "type": "Point",
    "coordinates": [
     4.9297,
     52.377865
    ]
   },
   "properties": {
    "name": "Image",
    "object_number": "BRU1989",
    "bridge_type": "Fixed bridge",
    "material": null,
    "manager": "Gemeente",
    "manager_area": "Indische Buurt, Oostelijk Havengebied",
    "source": "Gemeente Amsterdam – civiele constructies (open data)",
    "source_url": "https://api.data.amsterdam.nl/v1/civieleconstructies/brug/"
   }
  },
  {
   "type": "Feature",
   "geometry": {
    "type": "Point",
    "coordinates": [
     4.927621,
     52.37928
    ]
   },
   "properties": {
    "name": "Lamong",
    "object_number": "BRU1990",
    "bridge_type": "Fixed bridge",
    "material": "Beton",
    "manager": "Gemeente",
    "manager_area": "Indische Buurt, Oostelijk Havengebied",
    "source": "Gemeente Amsterdam – civiele constructies (open data)",
    "source_url": "https://api.data.amsterdam.nl/v1/civieleconstructies/brug/"
   }
  },
  {
   "type": "Feature",
   "geometry": {
    "type": "Point",
    "coordinates": [
     4.927457,
     52.378954
    ]
   },
   "properties": {
    "name": "Society",
    "object_number": "BRU1991",
    "bridge_type": "Fixed bridge",
    "material": null,
    "manager": "Gemeente",
    "manager_area": "Indische Buurt, Oostelijk Havengebied",
    "source": "Gemeente Amsterdam – civiele constructies (open data)",
    "source_url": "https://api.data.amsterdam.nl/v1/civieleconstructies/brug/"
   }
  },
  {
   "type": "Feature",
   "geometry": {
    "type": "Point",
    "coordinates": [
     4.927155,
     52.37831
    ]
   },
   "properties": {
    "name": "Word",
    "object_number": "BRU1992",
    "bridge_type": "Fixed bridge",
    "material": null,
    "manager": "Gemeente",
    "manager_area": "Indische Buurt, Oostelijk Havengebied",
    "source": "Gemeente Amsterdam – civiele constructies (open data)",
    "source_url": "https://api.data.amsterdam.nl/v1/civieleconstructies/brug/"
   }
  },
  {
   "type": "Feature",
   "geometry": {
    "type": "Point",
    "coordinates": [
     4.925464,
     52.379664
    ]
   },
   "properties": {
    "name": "Brantas",
    "object_number": "BRU1993",
    "bridge_type": "Fixed bridge",
    "material": null,
    "manager": "Gemeente",
    "manager_area": "Indische Buurt, Oostelijk Havengebied",
    "source": "Gemeente Amsterdam – civiele constructies (open data)",
    "source_url": "https://api.data.amsterdam.nl/v1/civieleconstructies/brug/"
   }
  },
  {
   "type": "Feature",
   "geometry": {
    "type": "Point",
    "coordinates": [
     4.925308,
     52.379328
    ]
   },
   "properties": {
    "name": "Enseignement",
    "object_number": "BRU1994",
    "bridge_type": "Fixed bridge",
    "material": null,
    "manager": "Gemeente",
    "manager_area": "Indische Buurt, Oostelijk Havengebied",
    "source": "Gemeente Amsterdam – civiele constructies (open data)",
    "source_url": "https://api.data.amsterdam.nl/v1/civieleconstructies/brug/"
   }
  },
  {
   "type": "Feature",
   "geometry": {
    "type": "Point",
    "coordinates": [
     4.925013,
     52.378685
    ]
   },
   "properties": {
    "name": "Wetenschap",
    "object_number": "BRU1995",
    "bridge_type": "Fixed bridge",
    "material": null,
    "manager": "Gemeente",
    "manager_area": "Indische Buurt, Oostelijk Havengebied",
    "source": "Gemeente Amsterdam – civiele constructies (open data)",
    "source_url": "https://api.data.amsterdam.nl/v1/civieleconstructies/brug/"
   }
  },
  {
   "type": "Feature",
   "geometry": {
    "type": "Point",
    "coordinates": [
     4.942824,
     52.372342
    ]
   },
   "properties": {
    "name": "Lage brug",
    "object_number": "BRU1997",
    "bridge_type": "Fixed bridge",
    "material": "Staal",
    "manager": "Gemeente",
    "manager_area": "Indische Buurt, Oostelijk Havengebied",
    "source": "Gemeente Amsterdam – civiele constructies (open data)",
    "source_url": "https://api.data.amsterdam.nl/v1/civieleconstructies/brug/"
   }
  },
  {
   "type": "Feature",
   "geometry": {
    "type": "Point",
    "coordinates": [
     4.948872,
     52.373095
    ]
   },
   "properties": {
    "name": "Hoge brug",
    "object_number": "BRU1998",
    "bridge_type": "Fixed bridge",
    "material": "Staal",
    "manager": "Gemeente",
    "manager_area": "Indische Buurt, Oostelijk Havengebied",
    "source": "Gemeente Amsterdam – civiele constructies (open data)",
    "source_url": "https://api.data.amsterdam.nl/v1/civieleconstructies/brug/"
   }
  },
  {
   "type": "Feature",
   "geometry": {
    "type": "Point",
    "coordinates": [
     4.949409,
     52.371979
    ]
   },
   "properties": {
    "name": "Korte brug",
    "object_number": "BRU1999",
    "bridge_type": "Fixed bridge",
    "material": "Staal",
    "manager": "Gemeente",
    "manager_area": "Indische Buurt, Oostelijk Havengebied",
    "source": "Gemeente Amsterdam – civiele constructies (open data)",
    "source_url": "https://api.data.amsterdam.nl/v1/civieleconstructies/brug/"
   }
  },
  {
   "type": "Feature",
   "geometry": {
    "type": "Point",
    "coordinates": [
     4.922579,
     52.378088
    ]
   },
   "properties": {
    "name": "Jan Schaeferbrug",
    "object_number": "BRU2000",
    "bridge_type": "Fixed bridge",
    "material": "Staal",
    "manager": "Gemeente",
    "manager_area": "Indische Buurt, Oostelijk Havengebied",
    "source": "Gemeente Amsterdam – civiele constructies (open data)",
    "source_url": "https://api.data.amsterdam.nl/v1/civieleconstructies/brug/"
   }
  },
  {
   "type": "Feature",
   "geometry": {
    "type": "Point",
    "coordinates": [
     5.008891,
     52.336653
    ]
   },
   "properties": {
    "name": "Uyllanderbrug",
    "object_number": "BRU2007",
    "bridge_type": "Fixed bridge",
    "material": "Gewapend beton",
    "manager": "Gemeente",
    "manager_area": "Diemen",
    "source": "Gemeente Amsterdam – civiele constructies (open data)",
    "source_url": "https://api.data.amsterdam.nl/v1/civieleconstructies/brug/"
   }
  },
  {
   "type": "Feature",
   "geometry": {
    "type": "Point",
    "coordinates": [
     4.969986,
     52.35633
    ]
   },
   "properties": {
    "name": "Nesciobrug",
    "object_number": "BRU2013",
    "bridge_type": "Fixed bridge",
    "material": "Gewapend beton",
    "manager": "Gemeente",
    "manager_area": "IJburg, Zeeburgereiland",
    "source": "Gemeente Amsterdam – civiele constructies (open data)",
    "source_url": "https://api.data.amsterdam.nl/v1/civieleconstructies/brug/"
   }
  },
  {
   "type": "Feature",
   "geometry": {
    "type": "Point",
    "coordinates": [
     4.957095,
     52.406536
    ]
   },
   "properties": {
    "name": "Hoornsekopbrug",
    "object_number": "BRU2102",
    "bridge_type": "Fixed bridge",
    "material": "Gewapend beton",
    "manager": "Gemeente",
    "manager_area": "Noord-Oost",
    "source": "Gemeente Amsterdam – civiele constructies (open data)",
    "source_url": "https://api.data.amsterdam.nl/v1/civieleconstructies/brug/"
   }
  },
  {
   "type": "Feature",
   "geometry": {
    "type": "Point",
    "coordinates": [
     4.925118,
     52.370303
    ]
   },
   "properties": {
    "name": "Werkspoorbrug",
    "object_number": "BRU2103",
    "bridge_type": "Movable bridge",
    "material": "Staal",
    "manager": "Gemeente",
    "manager_area": "Centrum-Oost",
    "source": "Gemeente Amsterdam – civiele constructies (open data)",
    "source_url": "https://api.data.amsterdam.nl/v1/civieleconstructies/brug/"
   }
  },
  {
   "type": "Feature",
   "geometry": {
    "type": "Point",
    "coordinates": [
     4.967154,
     52.396677
    ]
   },
   "properties": {
    "name": "BRU2105",
    "object_number": "BRU2105",
    "bridge_type": "Fixed bridge",
    "material": "Gewapend beton",
    "manager": "Gemeente",
    "manager_area": "Noord-Oost",
    "source": "Gemeente Amsterdam – civiele constructies (open data)",
    "source_url": "https://api.data.amsterdam.nl/v1/civieleconstructies/brug/"
   }
  },
  {
   "type": "Feature",
   "geometry": {
    "type": "Point",
    "coordinates": [
     4.972097,
     52.396832
    ]
   },
   "properties": {
    "name": "BRU2108",
    "object_number": "BRU2108",
    "bridge_type": "Fixed bridge",
    "material": "Gewapend beton",
    "manager": "Gemeente",
    "manager_area": "Noord-Oost",
    "source": "Gemeente Amsterdam – civiele constructies (open data)",
    "source_url": "https://api.data.amsterdam.nl/v1/civieleconstructies/brug/"
   }
  },
  {
   "type": "Feature",
   "geometry": {
    "type": "Point",
    "coordinates": [
     4.848109,
     52.358085
    ]
   },
   "properties": {
    "name": "BRU2120",
    "object_number": "BRU2120",
    "bridge_type": "Fixed bridge",
    "material": "Gewapend beton",
    "manager": "Gemeente",
    "manager_area": "Slotervaart",
    "source": "Gemeente Amsterdam – civiele constructies (open data)",
    "source_url": "https://api.data.amsterdam.nl/v1/civieleconstructies/brug/"
   }
  },
  {
   "type": "Feature",
   "geometry": {
    "type": "Point",
    "coordinates": [
     4.891326,
     52.38302
    ]
   },
   "properties": {
    "name": "Han Lammersbrug",
    "object_number": "BRU2202",
    "bridge_type": "Movable bridge",
    "material": "Gewapend beton",
    "manager": "Gemeente",
    "manager_area": "Centrum-West",
    "source": "Gemeente Amsterdam – civiele constructies (open data)",
    "source_url": "https://api.data.amsterdam.nl/v1/civieleconstructies/brug/"
   }
  },
  {
   "type": "Feature",
   "geometry": {
    "type": "Point",
    "coordinates": [
     4.921535,
     52.39909
    ]
   },
   "properties": {
    "name": "Buiksloterdraaibrug",
    "object_number": "BRU2205",
    "bridge_type": "Movable bridge",
    "material": "Hout",
    "manager": "Gemeente",
    "manager_area": "Oud-Noord",
    "source": "Gemeente Amsterdam – civiele constructies (open data)",
    "source_url": "https://api.data.amsterdam.nl/v1/civieleconstructies/brug/"
   }
  },
  {
   "type": "Feature",
   "geometry": {
    "type": "Point",
    "coordinates": [
     4.922488,
     52.341697
    ]
   },
   "properties": {
    "name": "BRU2229",
    "object_number": "BRU2229",
    "bridge_type": "Fixed bridge",
    "material": "Staal",
    "manager": "Gemeente",
    "manager_area": "Watergraafsmeer",
    "source": "Gemeente Amsterdam – civiele constructies (open data)",
    "source_url": "https://api.data.amsterdam.nl/v1/civieleconstructies/brug/"
   }
  },
  {
   "type": "Feature",
   "geometry": {
    "type": "Point",
    "coordinates": [
     4.85147,
     52.344492
    ]
   },
   "properties": {
    "name": "Jan Wilsbrug",
    "object_number": "BRU2247",
    "bridge_type": "Fixed bridge",
    "material": "Gewapend beton",
    "manager": "Gemeente",
    "manager_area": "Oud-Zuid",
    "source": "Gemeente Amsterdam – civiele constructies (open data)",
    "source_url": "https://api.data.amsterdam.nl/v1/civieleconstructies/brug/"
   }
  },
  {
   "type": "Feature",
   "geometry": {
    "type": "Point",
    "coordinates": [
     4.911125,
     52.376264
    ]
   },
   "properties": {
    "name": "Oosterdoksdraaibrug",
    "object_number": "BRU2270",
    "bridge_type": "Movable bridge",
    "material": "Staal",
    "manager": "Gemeente",
    "manager_area": "Centrum-Oost",
    "source": "Gemeente Amsterdam – civiele constructies (open data)",
    "source_url": "https://api.data.amsterdam.nl/v1/civieleconstructies/brug/"
   }
  },
  {
   "type": "Feature",
   "geometry": {
    "type": "Point",
    "coordinates": [
     4.904981,
     52.378605
    ]
   },
   "properties": {
    "name": "BRU2274",
    "object_number": "BRU2274",
    "bridge_type": "Fixed bridge",
    "material": "Staal",
    "manager": "Gemeente",
    "manager_area": "Centrum-Oost",
    "source": "Gemeente Amsterdam – civiele constructies (open data)",
    "source_url": "https://api.data.amsterdam.nl/v1/civieleconstructies/brug/"
   }
  },
  {
   "type": "Feature",
   "geometry": {
    "type": "Point",
    "coordinates": [
     4.871789,
     52.365066
    ]
   },
   "properties": {
    "name": "Jan Swammerdambrug",
    "object_number": "BRU2291",
    "bridge_type": "Fixed bridge",
    "material": "Staal",
    "manager": "Gemeente",
    "manager_area": "Oud-West, De Baarsjes",
    "source": "Gemeente Amsterdam – civiele constructies (open data)",
    "source_url": "https://api.data.amsterdam.nl/v1/civieleconstructies/brug/"
   }
  },
  {
   "type": "Feature",
   "geometry": {
    "type": "Point",
    "coordinates": [
     4.91327,
     52.377703
    ]
   },
   "properties": {
    "name": "Willem Breukerbrug",
    "object_number": "BRU2326",
    "bridge_type": "Fixed bridge",
    "material": "Staal",
    "manager": "Gemeente",
    "manager_area": "Indische Buurt, Oostelijk Havengebied",
    "source": "Gemeente Amsterdam – civiele constructies (open data)",
    "source_url": "https://api.data.amsterdam.nl/v1/civieleconstructies/brug/"
   }
  },
  {
   "type": "Feature",
   "geometry": {
    "type": "Point",
    "coordinates": [
     4.903362,
     52.37651
    ]
   },
   "properties": {
    "name": "ODEbrug",
    "object_number": "BRU2358",
    "bridge_type": "Fixed bridge",
    "material": "Gewapend beton",
    "manager": "Gemeente",
    "manager_area": "Centrum-Oost",
    "source": "Gemeente Amsterdam – civiele constructies (open data)",
    "source_url": "https://api.data.amsterdam.nl/v1/civieleconstructies/brug/"
   }
  },
  {
   "type": "Feature",
   "geometry": {
    "type": "Point",
    "coordinates": [
     4.930664,
     52.356232
    ]
   },
   "properties": {
    "name": "Pier de Boerbrug",
    "object_number": "BRU2359",
    "bridge_type": "Fixed bridge",
    "material": "Hout",
    "manager": "Gemeente",
    "manager_area": "Oud-Oost",
    "source": "Gemeente Amsterdam – civiele constructies (open data)",
    "source_url": "https://api.data.amsterdam.nl/v1/civieleconstructies/brug/"
   }
  },
  {
   "type": "Feature",
   "geometry": {
    "type": "Point",
    "coordinates": [
     4.936382,
     52.357487
    ]
   },
   "properties": {
    "name": "Harry van Kruiningenbrug",
    "object_number": "BRU2360",
    "bridge_type": "Fixed bridge",
    "material": "Gewapend beton",
    "manager": "Gemeente",
    "manager_area": "Oud-Oost",
    "source": "Gemeente Amsterdam – civiele constructies (open data)",
    "source_url": "https://api.data.amsterdam.nl/v1/civieleconstructies/brug/"
   }
  },
  {
   "type": "Feature",
   "geometry": {
    "type": "Point",
    "coordinates": [
     4.914256,
     52.376061
    ]
   },
   "properties": {
    "name": "Commandantsbrug",
    "object_number": "BRU2361",
    "bridge_type": "Movable bridge",
    "material": null,
    "manager": "Gemeente",
    "manager_area": "Centrum-Oost",
    "source": "Gemeente Amsterdam – civiele constructies (open data)",
    "source_url": "https://api.data.amsterdam.nl/v1/civieleconstructies/brug/"
   }
  },
  {
   "type": "Feature",
   "geometry": {
    "type": "Point",
    "coordinates": [
     4.90511,
     52.384388
    ]
   },
   "properties": {
    "name": "Elsje Christiaensbrug",
    "object_number": "BRU2474",
    "bridge_type": "Fixed bridge",
    "material": "Gewapend beton",
    "manager": "Gemeente",
    "manager_area": "Oud-Noord",
    "source": "Gemeente Amsterdam – civiele constructies (open data)",
    "source_url": "https://api.data.amsterdam.nl/v1/civieleconstructies/brug/"
   }
  },
  {
   "type": "Feature",
   "geometry": {
    "type": "Point",
    "coordinates": [
     4.902249,
     52.383224
    ]
   },
   "properties": {
    "name": "Volewijckbrug",
    "object_number": "BRU2475",
    "bridge_type": "Fixed bridge",
    "material": "Gewapend beton",
    "manager": "Gemeente",
    "manager_area": "Oud-Noord",
    "source": "Gemeente Amsterdam – civiele constructies (open data)",
    "source_url": "https://api.data.amsterdam.nl/v1/civieleconstructies/brug/"
   }
  },
  {
   "type": "Feature",
   "geometry": {
    "type": "Point",
    "coordinates": [
     4.903415,
     52.383629
    ]
   },
   "properties": {
    "name": "Galgenveldbrug",
    "object_number": "BRU2476",
    "bridge_type": "Fixed bridge",
    "material": "Gewapend beton",
    "manager": "Gemeente",
    "manager_area": "Oud-Noord",
    "source": "Gemeente Amsterdam – civiele constructies (open data)",
    "source_url": "https://api.data.amsterdam.nl/v1/civieleconstructies/brug/"
   }
  },
  {
   "type": "Feature",
   "geometry": {
    "type": "Point",
    "coordinates": [
     4.925126,
     52.41433
    ]
   },
   "properties": {
    "name": "BRU2483",
    "object_number": "BRU2483",
    "bridge_type": "Fixed bridge",
    "material": "Hout",
    "manager": "Gemeente",
    "manager_area": "Noord-West",
    "source": "Gemeente Amsterdam – civiele constructies (open data)",
    "source_url": "https://api.data.amsterdam.nl/v1/civieleconstructies/brug/"
   }
  },
  {
   "type": "Feature",
   "geometry": {
    "type": "Point",
    "coordinates": [
     4.910479,
     52.385273
    ]
   },
   "properties": {
    "name": "De Hollandse Iepbrug",
    "object_number": "BRU2470",
    "bridge_type": "Movable bridge",
    "material": "Staal",
    "manager": "Gemeente",
    "manager_area": "Oud-Noord",
    "source": "Gemeente Amsterdam – civiele constructies (open data)",
    "source_url": "https://api.data.amsterdam.nl/v1/civieleconstructies/brug/"
   }
  }
 ]
}